path	category	size	extension	sha256
AGENTS.md	CURRENT_DOCUMENTATION	1846	.md	eda7ec3d9b8a050d7e563df9b76f03f807a5ddfbe1a66dd220276c61d82c277f
API-ARCHITECTURE.md	CURRENT_DOCUMENTATION	726	.md	526df240ac3f7ced0dedbf42719e8539146ae7c2199e250dfbf99bcfba3ef56f
FIRST-CONVERSATION.txt	CURRENT_DOCUMENTATION	479	.txt	878898126c99033a087bb5f26ad68ea3c1add785a0a4f7c86a755d0679fa5d02
Modelfile.qwen35-4b-64k	CURRENT_OTHER	40	.qwen35-4b-64k	a2f7d9451f35466b77e868fc5b27c329220950e6542685d0f18302712229267d
NEWELLE-CONNECTION.txt	CURRENT_DOCUMENTATION	290	.txt	32d39301379099e72387c736f39cc2d22919e2864ceb5769d6cb7288ed2e4bdc
NEWELLE-PROFILE-INSTRUCTIONS.txt	CURRENT_DOCUMENTATION	685	.txt	c72b441e483d4190e5c43e6a1324e3c0af08420408bb66dd31e850453503876e
__pycache__/turn_composition.cpython-311.pyc	GENERATED_CACHE	8968	.pyc	8db9afc83972ce10d1b774d98effaea0253f91f90ca096027dedfe9aeb1f779f
__pycache__/turn_composition.cpython-314.pyc	GENERATED_CACHE	8553	.pyc	8b4049413fdb2379fb11c35611344456254e8b04d64266fec3b91db2d5091764
adapters/hermes.yaml	CURRENT_CONFIG	1184	.yaml	351524e2cb87051556c587a4500303f8b71e889bffa5110860604afe98efec3d
backups/attempt_phase14_11K1_B_20260812T105401Z/CERTIFICATION_ATTEMPT.txt	HISTORICAL_BACKUP	553	.txt	918055ed12f85a9a5d4cf60eff587cf85eb9668f70f22eb196ac240897c826a5
backups/attempt_phase14_11K7_B_20260812T111618Z/CERTIFICATION_ATTEMPT.txt	HISTORICAL_BACKUP	666	.txt	47f9a3496d5cd01b1bb369920f50d288b75969700923911a5b27dc1376c066e2
backups/attempt_phase14_11K7_B_20260812T112316Z/CERTIFICATION_ATTEMPT.txt	HISTORICAL_BACKUP	645	.txt	ff55e7bf850912ff49da1cd34776961f07e11682088f2a157911ee812c3524cc
backups/attempt_phase14_11L2_B_20260812T123552Z/CERTIFICATION_ATTEMPT.txt	HISTORICAL_BACKUP	441	.txt	ed2d97c96a32db0d491d023d1c239b7fb84f9d4306ea0eadda3acc23746dfcfb
backups/capabilities/resolver-before-runtime-transport-fix-20260809T113258Z.py	HISTORICAL_BACKUP	13937	.py	e4276b415c387e7b3bfc337dab1e9dbc837524e786f46fb1c28c430f31b5bdf4
backups/controller/bristlecone-workshop-20260808-184250.py	HISTORICAL_BACKUP	8812	.py	faa5a08691d84c1eb922dfa7332e98694690bf84613d3bf4d1d2980efb48dc7c
backups/controller/bristlecone-workshop-20260808-191809.py	HISTORICAL_BACKUP	9304	.py	7d829c87bca290677adef751f79b7198db760796a076762c713882a2265e29a6
backups/controller/bristlecone-workshop-before-runtime-factory-20260809T114220Z.py	HISTORICAL_BACKUP	8892	.py	2afb146e6f654bd88006a65c4d1f5e5cecd4cd5d1d121c303428deac6830f3de
backups/controller/bristlecone-workshop-before-shared-resolver-20260809T113018Z.py	HISTORICAL_BACKUP	9379	.py	8125d2424780d9b57614ea6dc5ff014142affd977d8b9d9be00d5e35c5fbc8da
backups/controller/bristlecone-workshop-before-shared-resolver-v2-20260809T113448Z.py	HISTORICAL_BACKUP	9379	.py	8125d2424780d9b57614ea6dc5ff014142affd977d8b9d9be00d5e35c5fbc8da
backups/hermes-config/config-20260808-153124.yaml	HISTORICAL_BACKUP	7188	.yaml	c92e3fe3836672dbcade346ce6c3ac22340afd06b2ea767a06c61558f2f1cc08
backups/hermes-config/config-20260808-155013.yaml	HISTORICAL_BACKUP	9403	.yaml	436da2a229114b6848ddc76f959d54bcd63017f4f93eb015d7e323976274c30b
backups/hermes-config/config-20260808-155023.yaml	HISTORICAL_BACKUP	9387	.yaml	31189dbbfead5d0c3b2088ff1d46548c0f5815e190c9a2a90f2a857190774e75
backups/hermes-config/config-20260808-155120.yaml	HISTORICAL_BACKUP	9387	.yaml	31189dbbfead5d0c3b2088ff1d46548c0f5815e190c9a2a90f2a857190774e75
backups/hermes-config/config-20260808-184538.yaml	HISTORICAL_BACKUP	9414	.yaml	be5c33517d8edd8a55694408b1cc71f6aa9460aa589e41cb703a2efbeed9e9b0
backups/hermes-config/config-20260808-191903.yaml	HISTORICAL_BACKUP	9403	.yaml	436da2a229114b6848ddc76f959d54bcd63017f4f93eb015d7e323976274c30b
backups/hermes-exact/config-20260809T115132-365722Z.yaml	HISTORICAL_BACKUP	9403	.yaml	436da2a229114b6848ddc76f959d54bcd63017f4f93eb015d7e323976274c30b
backups/hermes-exact/config-20260809T115132-783406Z.yaml	HISTORICAL_BACKUP	9414	.yaml	be5c33517d8edd8a55694408b1cc71f6aa9460aa589e41cb703a2efbeed9e9b0
backups/hermes-exact/config-20260809T115355-676449Z.yaml	HISTORICAL_BACKUP	9403	.yaml	436da2a229114b6848ddc76f959d54bcd63017f4f93eb015d7e323976274c30b
backups/hermes-exact/config-20260809T115355-998612Z.yaml	HISTORICAL_BACKUP	9414	.yaml	be5c33517d8edd8a55694408b1cc71f6aa9460aa589e41cb703a2efbeed9e9b0
backups/hermes-exact/config-20260809T120838-533275Z.yaml	HISTORICAL_BACKUP	9403	.yaml	436da2a229114b6848ddc76f959d54bcd63017f4f93eb015d7e323976274c30b
backups/hermes-exact/config-20260809T120838-921876Z.yaml	HISTORICAL_BACKUP	9414	.yaml	be5c33517d8edd8a55694408b1cc71f6aa9460aa589e41cb703a2efbeed9e9b0
backups/hermes-exact/config-20260809T122720-717702Z.yaml	HISTORICAL_BACKUP	9403	.yaml	436da2a229114b6848ddc76f959d54bcd63017f4f93eb015d7e323976274c30b
backups/hermes-exact/config-20260809T122721-327598Z.yaml	HISTORICAL_BACKUP	9414	.yaml	be5c33517d8edd8a55694408b1cc71f6aa9460aa589e41cb703a2efbeed9e9b0
backups/hermes-temporary/config-20260808T235043-389581Z.yaml	HISTORICAL_BACKUP	9403	.yaml	436da2a229114b6848ddc76f959d54bcd63017f4f93eb015d7e323976274c30b
backups/hermes-temporary/config-20260808T235427-013623Z.yaml	HISTORICAL_BACKUP	9403	.yaml	436da2a229114b6848ddc76f959d54bcd63017f4f93eb015d7e323976274c30b
backups/hermes-temporary/config-20260808T235720-586933Z.yaml	HISTORICAL_BACKUP	9403	.yaml	436da2a229114b6848ddc76f959d54bcd63017f4f93eb015d7e323976274c30b
backups/hermes-temporary/config-20260809T003727-962717Z.yaml	HISTORICAL_BACKUP	9403	.yaml	436da2a229114b6848ddc76f959d54bcd63017f4f93eb015d7e323976274c30b
backups/hermes-temporary/config-20260809T003924-352639Z.yaml	HISTORICAL_BACKUP	9403	.yaml	436da2a229114b6848ddc76f959d54bcd63017f4f93eb015d7e323976274c30b
backups/hermes-temporary/config-20260809T003924-545949Z.yaml	HISTORICAL_BACKUP	9403	.yaml	436da2a229114b6848ddc76f959d54bcd63017f4f93eb015d7e323976274c30b
backups/hermes-temporary/config-20260809T004116-391770Z.yaml	HISTORICAL_BACKUP	9403	.yaml	436da2a229114b6848ddc76f959d54bcd63017f4f93eb015d7e323976274c30b
backups/hermes-temporary/config-20260809T004459-946440Z.yaml	HISTORICAL_BACKUP	9403	.yaml	436da2a229114b6848ddc76f959d54bcd63017f4f93eb015d7e323976274c30b
backups/hermes-temporary/config-20260809T004500-160097Z.yaml	HISTORICAL_BACKUP	9403	.yaml	436da2a229114b6848ddc76f959d54bcd63017f4f93eb015d7e323976274c30b
backups/hermes-temporary/config-20260809T122721-072654Z.yaml	HISTORICAL_BACKUP	9414	.yaml	be5c33517d8edd8a55694408b1cc71f6aa9460aa589e41cb703a2efbeed9e9b0
backups/hermes-temporary/config-20260809T122721-159199Z.yaml	HISTORICAL_BACKUP	9414	.yaml	be5c33517d8edd8a55694408b1cc71f6aa9460aa589e41cb703a2efbeed9e9b0
backups/hermes-temporary/config-20260809T122721-267716Z.yaml	HISTORICAL_BACKUP	9414	.yaml	be5c33517d8edd8a55694408b1cc71f6aa9460aa589e41cb703a2efbeed9e9b0
backups/hermes-temporary/config-20260812T190459-966277Z.yaml	HISTORICAL_BACKUP	9403	.yaml	436da2a229114b6848ddc76f959d54bcd63017f4f93eb015d7e323976274c30b
backups/hermes-temporary/config-20260812T192606-700379Z.yaml	HISTORICAL_BACKUP	9399	.yaml	cfe76640c14423ee3c2e40f841d3d819a6260833454519c7a614261a05241ad9
backups/hermes-temporary/config-20260812T214621-664392Z.yaml	HISTORICAL_BACKUP	9399	.yaml	cfe76640c14423ee3c2e40f841d3d819a6260833454519c7a614261a05241ad9
backups/hermes-temporary/config-20260812T215843-433847Z.yaml	HISTORICAL_BACKUP	9399	.yaml	cfe76640c14423ee3c2e40f841d3d819a6260833454519c7a614261a05241ad9
backups/hermes-temporary/config-20260812T220923-441512Z.yaml	HISTORICAL_BACKUP	9399	.yaml	cfe76640c14423ee3c2e40f841d3d819a6260833454519c7a614261a05241ad9
backups/hermes-temporary/config-20260812T221811-996219Z.yaml	HISTORICAL_BACKUP	9399	.yaml	cfe76640c14423ee3c2e40f841d3d819a6260833454519c7a614261a05241ad9
backups/hermes-temporary/config-20260812T223532-781983Z.yaml	HISTORICAL_BACKUP	9399	.yaml	cfe76640c14423ee3c2e40f841d3d819a6260833454519c7a614261a05241ad9
backups/hermes-temporary/config-20260812T232237-725387Z.yaml	HISTORICAL_BACKUP	9399	.yaml	cfe76640c14423ee3c2e40f841d3d819a6260833454519c7a614261a05241ad9
backups/hermes-temporary/config-20260812T233613-411059Z.yaml	HISTORICAL_BACKUP	9399	.yaml	cfe76640c14423ee3c2e40f841d3d819a6260833454519c7a614261a05241ad9
backups/hermes-temporary/config-20260812T234758-870476Z.yaml	HISTORICAL_BACKUP	9399	.yaml	cfe76640c14423ee3c2e40f841d3d819a6260833454519c7a614261a05241ad9
backups/live-spring-rehearsal/active-before-live-spring-20260809T115355Z.yaml	HISTORICAL_BACKUP	579	.yaml	7904bc802fee0eadae5075c04f3df8359a0e44640da425fbdd62d28356dc9b60
backups/live-spring-rehearsal/config-before-live-spring-20260809T115355Z.yaml	HISTORICAL_BACKUP	9403	.yaml	436da2a229114b6848ddc76f959d54bcd63017f4f93eb015d7e323976274c30b
backups/phase12-final/active-before-phase12-20260809T122720Z.yaml	HISTORICAL_BACKUP	579	.yaml	7904bc802fee0eadae5075c04f3df8359a0e44640da425fbdd62d28356dc9b60
backups/phase12-final/config-before-phase12-20260809T122720Z.yaml	HISTORICAL_BACKUP	9403	.yaml	436da2a229114b6848ddc76f959d54bcd63017f4f93eb015d7e323976274c30b
backups/phase14_10D_20260810T100858Z/runtime/adapters/base.py	HISTORICAL_BACKUP	3061	.py	a88bbfa3edada2d75a7e99c11d06813d5080bd9809dae9aee0e9353a88c44a99
backups/phase14_10D_20260810T100858Z/runtime/adapters/hermes.py	HISTORICAL_BACKUP	43492	.py	45987656ad99c95e2fafebad9ed965ce81b583629a318292d165d8f664e1e728
backups/phase14_10E1A_20260810T121504Z/reasoning/__init__.py	HISTORICAL_BACKUP	652	.py	8b6d248dd057d467e4f3e52eea4bbdcc95f46854f8659ecfa3bce767dc51459e
backups/phase14_10E1A_20260810T121504Z/reasoning/model.py	HISTORICAL_BACKUP	3810	.py	74193637079c2c23424b36c62b4512e5073c392f22ee6b18edc6aad6cb177edb
backups/phase14_10E1A_20260810T121504Z/reasoning/router.py	HISTORICAL_BACKUP	7836	.py	c1e9779adc07b778ab3fb422aa929576dbbb451493ad3b338b04cd8b3e0f25df
backups/phase14_10E1A_20260810T121504Z/runtime/adapters/hermes.py	HISTORICAL_BACKUP	45082	.py	b0756eabed41186cfe65aac04495f6f16746b8198ad189d8100f0d3fe6af6b2e
backups/phase14_10E1B1_20260810T124742Z/control.py	HISTORICAL_BACKUP	13826	.py	622f2da0df706fcab200310a17a0180caa51324d6769e7893b16227ea66dbf31
backups/phase14_10E1B2_20260810T125049Z/task_session.py	HISTORICAL_BACKUP	186208	.py	86ec695e1cd0ded7e183b06832b92c29893ee6d7a772ca06881a163d328bd630
backups/phase14_10E1B_20260810T123215Z/reasoning/control.py	HISTORICAL_BACKUP	13826	.py	622f2da0df706fcab200310a17a0180caa51324d6769e7893b16227ea66dbf31
backups/phase14_10E1B_20260810T123215Z/runtime/task_session.py	HISTORICAL_BACKUP	186208	.py	86ec695e1cd0ded7e183b06832b92c29893ee6d7a772ca06881a163d328bd630
backups/phase14_10E1B_retry_20260810T124600Z/reasoning/control.py	HISTORICAL_BACKUP	13826	.py	622f2da0df706fcab200310a17a0180caa51324d6769e7893b16227ea66dbf31
backups/phase14_10E1B_retry_20260810T124600Z/runtime/task_session.py	HISTORICAL_BACKUP	186208	.py	86ec695e1cd0ded7e183b06832b92c29893ee6d7a772ca06881a163d328bd630
backups/phase14_10E1C_20260810T125253Z/active.yaml	HISTORICAL_BACKUP	565	.yaml	19a8c775bf2b946cae534b01cc05c8cfaaa36e22f4ba638285366fcd880d3de7
backups/phase14_10E2A1_20260810T140953Z/README.txt	HISTORICAL_BACKUP	258	.txt	eb6d89af5ca04270321814a6ead28498dc92b47b63f9e1dfdeb09dc8e7c8a993
backups/phase14_10E2A1_20260810T140953Z/ui/reasoning_menu.py	HISTORICAL_BACKUP	16413	.py	f4de630cd0dc0f6e7629c70eff69722f9e9d9c91a8fc147f38b2932428b8d115
backups/phase14_10E2A2_recovery_20260810T142016Z/README.txt	HISTORICAL_BACKUP	344	.txt	436f36584be363af58bbe187ab0db2b82c6cc14fc8e23e13ad4868591baf0f55
backups/phase14_10E2A2_recovery_20260810T142016Z/ui/presentation.py	HISTORICAL_BACKUP	4731	.py	d45a9dce74629864f049e7270f3c962a96f7d2f0bbaccaa07a5e09242b64d7dc
backups/phase14_10E2A2_recovery_20260810T142016Z/ui/reasoning_menu.py	HISTORICAL_BACKUP	17794	.py	e405c4103b63dd94407ff3e6cf6cef632037f9004c9d9fdcbb09abb35b65f3cf
backups/phase14_10E2A4B_20260810T155607Z/bin/forest-reasoning-menu	HISTORICAL_BACKUP	313		e9ee1ff940974cceb8eb856e9d58fa15eb752ba92e8081e7a3ec86e936d6b883
backups/phase14_10E2A4B_20260810T155607Z/ui/reasoning_menu.py	HISTORICAL_BACKUP	20403	.py	06d8280711d635cd09cfd3c7ed30baa309c37f97843750b5fcdaf4db1fb3e7be
backups/phase14_10E2A5A_20260810T160246Z/README.txt	HISTORICAL_BACKUP	244	.txt	eeece52c1837540a19a2552df9a0141d942deca8823cc9b0d89cbb6d4abaef27
backups/phase14_10E2A5C_20260810T181147Z/qubes_i3_x11.py	HISTORICAL_BACKUP	21026	.py	4680893e4bc68fa23bfec1f0bd4e2dc9f26915560a4b340ff07280e8dd8c732e
backups/phase14_10E2A_20260810T134405Z/README.txt	HISTORICAL_BACKUP	314	.txt	622580c0c10e20ab1d760adbe5b1ebae89ed26a6ac3b91811aeef5a9f177ff38
backups/phase14_10E_20260810T101302Z/runtime/task_session.py	HISTORICAL_BACKUP	185362	.py	8432f1762a754ec11c29b82c4bb74ccb1393b3772cceb676a21a049a3af86229
backups/phase14_10F3A1_20260810T201820Z/active.yaml	HISTORICAL_BACKUP	708	.yaml	81758a76b3c8eca83c3465609f6b2dc7123003a9c440c5e5f0311e0409ff2752
backups/phase14_10F3A2C_20260810T203032Z/hermes.py	HISTORICAL_BACKUP	45082	.py	8f530c988ad0591ead9923f6fad3cc710fe0999e9fab08b79c868ace380de2f6
backups/phase14_10F3A2G_20260810T204301Z/hermes.py	HISTORICAL_BACKUP	45082	.py	8f530c988ad0591ead9923f6fad3cc710fe0999e9fab08b79c868ace380de2f6
backups/phase14_10F3A2I_20260810T204812Z/hermes.py	HISTORICAL_BACKUP	50188	.py	ab34d212bb568a0684d3e188b2c25c3a5929232bb5d5d57683bf9357af061d72
backups/phase14_11A_20260811T111813Z/model_form/__init__.py	HISTORICAL_BACKUP	563	.py	125cb03bde6fd092f797eab47a6ca6a33e3d522798d3cc80aef22f5767ad137d
backups/phase14_11A_20260811T111813Z/model_form/__pycache__/__init__.cpython-314.pyc	GENERATED_CACHE	504	.pyc	92b63ea8c53cb1199ae642e9cefa85c9616ead5cf3a7c1adbd741831dadfa69d
backups/phase14_11A_20260811T111813Z/model_form/__pycache__/model.cpython-314.pyc	GENERATED_CACHE	5039	.pyc	db970b9e3b8ed0fc85ff318ad442d485337312104275258893558c61bf75ed9b
backups/phase14_11A_20260811T111813Z/model_form/model.py	HISTORICAL_BACKUP	4127	.py	f6a5b2af4dcd79c41815ecb8422dfd625e6b81bd29d325fc71fc0d659342cf61
backups/phase14_11A_20260811T111826Z/model_form/__init__.py	HISTORICAL_BACKUP	1440	.py	024676b47e000823f64290b4ecedcbae2c31ffa073b7368f96a4faba9a11ac24
backups/phase14_11A_20260811T111826Z/model_form/__pycache__/__init__.cpython-314.pyc	GENERATED_CACHE	1136	.pyc	21c301ed2ed503c5354a50bc6b7288f2ea6dac051f508528abf717976641d957
backups/phase14_11A_20260811T111826Z/model_form/__pycache__/control.cpython-314.pyc	GENERATED_CACHE	10736	.pyc	b3259d9f697621299e5ebe5bb30d38156c7343d55af9e7d86960a0ea06dd2d4d
backups/phase14_11A_20260811T111826Z/model_form/__pycache__/model.cpython-314.pyc	GENERATED_CACHE	5039	.pyc	db970b9e3b8ed0fc85ff318ad442d485337312104275258893558c61bf75ed9b
backups/phase14_11A_20260811T111826Z/model_form/control.py	HISTORICAL_BACKUP	10620	.py	086183bfb51a631e9255dbacab3bd1268f75008e5191659ad99fcf5a25a6344f
backups/phase14_11A_20260811T111826Z/model_form/model.py	HISTORICAL_BACKUP	4127	.py	f6a5b2af4dcd79c41815ecb8422dfd625e6b81bd29d325fc71fc0d659342cf61
backups/phase14_11A_20260811T111851Z/model_form/__init__.py	HISTORICAL_BACKUP	1440	.py	024676b47e000823f64290b4ecedcbae2c31ffa073b7368f96a4faba9a11ac24
backups/phase14_11A_20260811T111851Z/model_form/__pycache__/__init__.cpython-314.pyc	GENERATED_CACHE	1136	.pyc	49c10efe197699407c50c254069c765da193a20879907e0d9f38e285cfcebb35
backups/phase14_11A_20260811T111851Z/model_form/__pycache__/control.cpython-314.pyc	GENERATED_CACHE	10736	.pyc	dea259488394d27dd461579339e0f4a35ea70746651355b8b0ae273711cc90c5
backups/phase14_11A_20260811T111851Z/model_form/__pycache__/model.cpython-314.pyc	GENERATED_CACHE	5039	.pyc	db970b9e3b8ed0fc85ff318ad442d485337312104275258893558c61bf75ed9b
backups/phase14_11A_20260811T111851Z/model_form/control.py	HISTORICAL_BACKUP	10620	.py	086183bfb51a631e9255dbacab3bd1268f75008e5191659ad99fcf5a25a6344f
backups/phase14_11A_20260811T111851Z/model_form/model.py	HISTORICAL_BACKUP	4127	.py	f6a5b2af4dcd79c41815ecb8422dfd625e6b81bd29d325fc71fc0d659342cf61
backups/phase14_11B_certified_20260811T112947Z/model_form/__init__.py	CERTIFIED_BACKUP	1440	.py	024676b47e000823f64290b4ecedcbae2c31ffa073b7368f96a4faba9a11ac24
backups/phase14_11B_certified_20260811T112947Z/model_form/__pycache__/__init__.cpython-314.pyc	GENERATED_CACHE	1136	.pyc	a7bb88c283f6bbe9538f88e1d5487c03cb0d5b1ee9108908895fc6aa56360410
backups/phase14_11B_certified_20260811T112947Z/model_form/__pycache__/control.cpython-314.pyc	GENERATED_CACHE	11113	.pyc	97ea9aa1bed42a0aac3186d1244521dce12e4c6d8cbc6f988ae285c62f36867e
backups/phase14_11B_certified_20260811T112947Z/model_form/__pycache__/model.cpython-314.pyc	GENERATED_CACHE	5039	.pyc	db970b9e3b8ed0fc85ff318ad442d485337312104275258893558c61bf75ed9b
backups/phase14_11B_certified_20260811T112947Z/model_form/control.py	CERTIFIED_BACKUP	10907	.py	da84ec0c8d524f05271ba9608722bbaeb22d3e98d78d28b3fa8a89c0c72b56d1
backups/phase14_11B_certified_20260811T112947Z/model_form/model.py	CERTIFIED_BACKUP	4127	.py	f6a5b2af4dcd79c41815ecb8422dfd625e6b81bd29d325fc71fc0d659342cf61
backups/phase14_11B_pre_fix_20260811T112226Z/control.py	HISTORICAL_BACKUP	10620	.py	086183bfb51a631e9255dbacab3bd1268f75008e5191659ad99fcf5a25a6344f
backups/phase14_11C_pre_exports_20260811T113310Z/__init__.py	HISTORICAL_BACKUP	1440	.py	024676b47e000823f64290b4ecedcbae2c31ffa073b7368f96a4faba9a11ac24
backups/phase14_11D0C1_certified_20260811T121620Z/task_session.py	CERTIFIED_BACKUP	201668	.py	fa1f041b8ff64031969c32e9242a1bb3c428a69130465080d3cbfa81c4818d03
backups/phase14_11D0C2_certified_20260811T121928Z/task_session.py	CERTIFIED_BACKUP	203569	.py	5fd2b17f503501db6fdeaa944cf1d66d3fdd2744d78f6db44bbd3dca5fbea233
backups/phase14_11D0C3_certified_20260811T122347Z/task_session.py	CERTIFIED_BACKUP	206692	.py	2d01c986e5dfd8298bb90ce770e12727d9ba53123f835c61a1770d984e281bbd
backups/phase14_11D0C4_certified_20260811T122935Z/task_session.py	CERTIFIED_BACKUP	216787	.py	f29367c638b536507e8ba93cb77fc6c03def9e6c40ec6f296b91c3cd61fce259
backups/phase14_11D0_certified_20260811T123502Z/model_form/__init__.py	CERTIFIED_BACKUP	1876	.py	bee6fa1a567d1fe7daa62ee0ce297d3707b0fc47e0419a99b39f8854f424195b
backups/phase14_11D0_certified_20260811T123502Z/model_form/bindings.yaml	CERTIFIED_BACKUP	137	.yaml	109007c86e7d9d975d3f47b8e67a5ca41ff6c822b819317af49e0d6180423c07
backups/phase14_11D0_certified_20260811T123502Z/model_form/control.py	CERTIFIED_BACKUP	10907	.py	da84ec0c8d524f05271ba9608722bbaeb22d3e98d78d28b3fa8a89c0c72b56d1
backups/phase14_11D0_certified_20260811T123502Z/model_form/model.py	CERTIFIED_BACKUP	4127	.py	f6a5b2af4dcd79c41815ecb8422dfd625e6b81bd29d325fc71fc0d659342cf61
backups/phase14_11D0_certified_20260811T123502Z/model_form/registry.py	CERTIFIED_BACKUP	9913	.py	f7c85300334f49415d600412112a48b247dd73936ee3740a644e7a9afc50ddcb
backups/phase14_11D0_certified_20260811T123502Z/runtime/session_identity.py	CERTIFIED_BACKUP	2710	.py	8a1d668e898dc2df7b60fd5099be0cf42dd2d4c864cbe163164f0a061a777353
backups/phase14_11D0_certified_20260811T123502Z/runtime/session_store.py	CERTIFIED_BACKUP	7080	.py	3c3449fa878920ea27f39b6216cf38a687d09a08da1d5b57af68c1a2f4beb48f
backups/phase14_11D0_certified_20260811T123502Z/runtime/task_session.py	CERTIFIED_BACKUP	218579	.py	163be1059dc778c3ac043064c9d7e2818b1b8bbb5722498180dd470ee778c26d
backups/phase14_11D0_pre_runtime_identity_20260811T115145Z/task_session.py	HISTORICAL_BACKUP	201472	.py	7bd330447ec44109f4bea05a6f86c8b344ae5768ff025379b4af781c88e60dab
backups/phase14_11D1_certified_20260811T125502Z/__init__.py	CERTIFIED_BACKUP	1876	.py	bee6fa1a567d1fe7daa62ee0ce297d3707b0fc47e0419a99b39f8854f424195b
backups/phase14_11D1_pre_runtime_state_fix_20260811T124831Z/resolution.py	HISTORICAL_BACKUP	7657	.py	522bec01b7f26d52ba7afb9b8d1168a14c1a1b76bc1a46e936523fe9ceafcaca
backups/phase14_11D2_certified_20260811T125648Z/task_session.py	CERTIFIED_BACKUP	218579	.py	163be1059dc778c3ac043064c9d7e2818b1b8bbb5722498180dd470ee778c26d
backups/phase14_11D3_certified_20260811T131449Z/task_session.py	CERTIFIED_BACKUP	222275	.py	f5ef2248cdf8c6a9f2f21d892fa83f5d7d88925946c44dda0180ac0c7c80f65b
backups/phase14_11D4A_pre_binding_runtime_20260811T131806Z/bindings.yaml	HISTORICAL_BACKUP	137	.yaml	109007c86e7d9d975d3f47b8e67a5ca41ff6c822b819317af49e0d6180423c07
backups/phase14_11D4B_certified_20260811T132714Z/task_session.py	CERTIFIED_BACKUP	223844	.py	cb9fc3ca35ef4e9579b08b83057a8270e0b5c89e184d92bf6fa26a184cf2aa39
backups/phase14_11D4B_pre_execution_view_20260811T132047Z/task_session.py	HISTORICAL_BACKUP	222275	.py	f5ef2248cdf8c6a9f2f21d892fa83f5d7d88925946c44dda0180ac0c7c80f65b
backups/phase14_11D4C1_certified_20260811T133208Z/task_session.py	CERTIFIED_BACKUP	231842	.py	eb1cbf75f8db7b3951d9cdd610c828868c7932f175b0afe8bb01bad3ccfefc70
backups/phase14_11D4C_certified_20260811T133743Z/task_session.py	CERTIFIED_BACKUP	234392	.py	ce9b0297ff07a6aae675d3ede9d3faa4dff299c6465a11e571c474efd5b47682
backups/phase14_11D4D1_certified_20260811T134520Z/task_session.py	CERTIFIED_BACKUP	250747	.py	c7475622e9c66755b5e862ca252b021e34168abc17da071fafa51fbe6e50f08c
backups/phase14_11D5_certified_20260811T135122Z/model_form/__init__.py	CERTIFIED_BACKUP	2080	.py	86745469567415292d9989bfa3b2c08f6fd94f70bd0d88340879b4e2f3f4450d
backups/phase14_11D5_certified_20260811T135122Z/model_form/bindings.yaml	CERTIFIED_BACKUP	162	.yaml	74110afd51de7ceddd02948d0430b0f9f1b5443a6eaaaa0b8a6e4164a52b0583
backups/phase14_11D5_certified_20260811T135122Z/model_form/model.py	CERTIFIED_BACKUP	4127	.py	f6a5b2af4dcd79c41815ecb8422dfd625e6b81bd29d325fc71fc0d659342cf61
backups/phase14_11D5_certified_20260811T135122Z/model_form/registry.py	CERTIFIED_BACKUP	9913	.py	f7c85300334f49415d600412112a48b247dd73936ee3740a644e7a9afc50ddcb
backups/phase14_11D5_certified_20260811T135122Z/model_form/resolution.py	CERTIFIED_BACKUP	7659	.py	b28ec18d6b30b883a1ad334990cae518a3f1d8b54c00f62da28513d1fa3c91a1
backups/phase14_11D5_certified_20260811T135122Z/runtime/session_identity.py	CERTIFIED_BACKUP	2710	.py	8a1d668e898dc2df7b60fd5099be0cf42dd2d4c864cbe163164f0a061a777353
backups/phase14_11D5_certified_20260811T135122Z/runtime/session_store.py	CERTIFIED_BACKUP	7080	.py	3c3449fa878920ea27f39b6216cf38a687d09a08da1d5b57af68c1a2f4beb48f
backups/phase14_11D5_certified_20260811T135122Z/runtime/task_session.py	CERTIFIED_BACKUP	260053	.py	0cd2131020324826b7802f36ba39a6b4045227bf9c9202329f7472da2637097b
backups/phase14_11E1_certified_20260811T135713Z/handoff.py	CERTIFIED_BACKUP	3822	.py	48f16b54711f91ac0e61a5737f144fef51b96fb8aa8d3354756f0a8a95ba69ff
backups/phase14_11E2_certified_20260811T140259Z/handoff.py	CERTIFIED_BACKUP	3822	.py	48f16b54711f91ac0e61a5737f144fef51b96fb8aa8d3354756f0a8a95ba69ff
backups/phase14_11E2_certified_20260811T140259Z/handoff_detection.py	CERTIFIED_BACKUP	2135	.py	451e38ac331c522c3069fd2db98e885444027a26a87549430a75ce3e9df93696
backups/phase14_11E3B_certified_20260811T141850Z/conversation_continuity.py	CERTIFIED_BACKUP	5215	.py	f6604bce6c78b0f1a3c0f1de222b143d315dbe630776b8bdaf326e680327e997
backups/phase14_11E3_certified_20260811T142122Z/model_form/continuity.py	CERTIFIED_BACKUP	4394	.py	75120e03319c9b638d5e6e34268a74711bcfa29b7f56518ae5125602b9b651bc
backups/phase14_11E3_certified_20260811T142122Z/model_form/handoff.py	CERTIFIED_BACKUP	3822	.py	48f16b54711f91ac0e61a5737f144fef51b96fb8aa8d3354756f0a8a95ba69ff
backups/phase14_11E3_certified_20260811T142122Z/model_form/handoff_detection.py	CERTIFIED_BACKUP	2135	.py	451e38ac331c522c3069fd2db98e885444027a26a87549430a75ce3e9df93696
backups/phase14_11E3_certified_20260811T142122Z/runtime/conversation_continuity.py	CERTIFIED_BACKUP	5215	.py	f6604bce6c78b0f1a3c0f1de222b143d315dbe630776b8bdaf326e680327e997
backups/phase14_11E4A_certified_20260811T143316Z/task_session.py	CERTIFIED_BACKUP	269844	.py	478577e527d1d6ad1312e9c90c5ed5cc974cdd5236d16a4d4ec6ee0fe05104cc
backups/phase14_11E4A_pre_context_state_20260811T142417Z/task_session.py	HISTORICAL_BACKUP	260053	.py	0cd2131020324826b7802f36ba39a6b4045227bf9c9202329f7472da2637097b
backups/phase14_11E4B_certified_20260811T144133Z/task_session.py	CERTIFIED_BACKUP	273890	.py	520bc99dc19a253d89404546cc1ed2165ccf88f8e2934dd276648c28168d37c8
backups/phase14_11E4B_pre_effective_form_helpers_20260811T143539Z/task_session.py	HISTORICAL_BACKUP	269844	.py	478577e527d1d6ad1312e9c90c5ed5cc974cdd5236d16a4d4ec6ee0fe05104cc
backups/phase14_11E4C_certified_20260811T144507Z/task_session.py	CERTIFIED_BACKUP	280436	.py	0043355b0b0738aaf19041c0ee9daccc9c0258607f67721388c6efce640713d5
backups/phase14_11E4C_pre_conversation_helpers_20260811T144241Z/task_session.py	HISTORICAL_BACKUP	273890	.py	520bc99dc19a253d89404546cc1ed2165ccf88f8e2934dd276648c28168d37c8
backups/phase14_11E4D_certified_20260811T150951Z/task_session.py	CERTIFIED_BACKUP	293056	.py	63c096b0282bed6e812baaf9272067788ee652f1e3f136714f3d7e834311d20d
backups/phase14_11E4D_pre_form_guard_fix_20260811T150128Z/task_session.py	HISTORICAL_BACKUP	292028	.py	b0805f9361b7d7898748edb501a0a84979abcc7bc3f604382fe20f1d076767b0
backups/phase14_11E4D_pre_success_commit_20260811T145828Z/task_session.py	HISTORICAL_BACKUP	280436	.py	0043355b0b0738aaf19041c0ee9daccc9c0258607f67721388c6efce640713d5
backups/phase14_11E4E1_certified_20260811T152409Z/task_session.py	CERTIFIED_BACKUP	298014	.py	e682f1c004a5729d2f1270aacf5cb9d958f73d638ef95cfa0c1a4b5426b7f43f
backups/phase14_11E4E1_pre_handoff_preparation_20260811T151448Z/task_session.py	HISTORICAL_BACKUP	293056	.py	63c096b0282bed6e812baaf9272067788ee652f1e3f136714f3d7e834311d20d
backups/phase14_11E4E1_pre_handoff_preparation_20260811T151957Z/task_session.py	HISTORICAL_BACKUP	293056	.py	63c096b0282bed6e812baaf9272067788ee652f1e3f136714f3d7e834311d20d
backups/phase14_11E4E2_certified_20260811T155944Z/base.py	CERTIFIED_BACKUP	3991	.py	e2b002a37b7048fa543876a26c8608154a9707acdb93c378d3a1bdea66b395fb
backups/phase14_11E4E2_pre_continuity_contract_20260811T155602Z/base.py	HISTORICAL_BACKUP	3090	.py	a8b10e1beffae5dd9fc6eb9b0853073e94abfd6fc3a7790832facb2f9f3b077f
backups/phase14_11E4E2_pre_continuity_contract_20260811T155737Z/base.py	HISTORICAL_BACKUP	3090	.py	a8b10e1beffae5dd9fc6eb9b0853073e94abfd6fc3a7790832facb2f9f3b077f
backups/phase14_11E4E3A_certified_20260811T161005Z/task_session.py	CERTIFIED_BACKUP	299643	.py	c87c27e6c4b7962754faa6f2fd809f320411805bb91803d93298521ff19d4ab2
backups/phase14_11E4E3A_pre_typed_passthrough_20260811T160700Z/task_session.py	HISTORICAL_BACKUP	298014	.py	e682f1c004a5729d2f1270aacf5cb9d958f73d638ef95cfa0c1a4b5426b7f43f
backups/phase14_11E4E3B_certified_20260811T161700Z/task_session.py	CERTIFIED_BACKUP	309259	.py	bde405826e48e3332a9eff33dd7b3828b1733e3e1f760108a02fd0100348392e
backups/phase14_11E4E3B_pre_bootstrap_helper_20260811T161227Z/task_session.py	HISTORICAL_BACKUP	299643	.py	c87c27e6c4b7962754faa6f2fd809f320411805bb91803d93298521ff19d4ab2
backups/phase14_11E4E3B_pre_cleanup_fix_20260811T161420Z/task_session.py	HISTORICAL_BACKUP	308302	.py	9ba726b20abb8cf92d2365c64d4cc0b7026be4fc2fb23bdc58e9caf1c29859fa
backups/phase14_11E4E3C1_certified_20260811T163126Z/task_session.py	CERTIFIED_BACKUP	319208	.py	c6022d9f41426137dbed7c69f3d9e92b2d16d61693fc7dc7e614607f30cbd75c
backups/phase14_11E4E3C1_pre_binding_rollback_20260811T162900Z/task_session.py	HISTORICAL_BACKUP	309259	.py	bde405826e48e3332a9eff33dd7b3828b1733e3e1f760108a02fd0100348392e
backups/phase14_11E4E3C2A_certified_20260811T171153Z/task_session.py	CERTIFIED_BACKUP	322324	.py	451633e52832447b4585c8c1953913e8bda0d48589e1cda4279bbf62675c737d
backups/phase14_11E4E3C2A_pre_handoff_integration_20260811T170020Z/task_session.py	HISTORICAL_BACKUP	319208	.py	c6022d9f41426137dbed7c69f3d9e92b2d16d61693fc7dc7e614607f30cbd75c
backups/phase14_11E4E3C2B1_certified_20260811T172216Z/task_session.py	CERTIFIED_BACKUP	324027	.py	b761c7d4eeab8b0635b664cba828406fa213bf631f0a0e7165e8c7d5d86cbbd0
backups/phase14_11E4E3C2B1_pre_stale_continuity_20260811T171559Z/task_session.py	HISTORICAL_BACKUP	322324	.py	451633e52832447b4585c8c1953913e8bda0d48589e1cda4279bbf62675c737d
backups/phase14_11E4E3C2B2A_certified_20260811T173230Z/task_session.py	CERTIFIED_BACKUP	333299	.py	7184ff36637eba106e03af6cccc10fc11d5cd18d67397662f561c657a3a97a40
backups/phase14_11E4E3C2B2A_pre_cleanup_primitives_20260811T172959Z/task_session.py	HISTORICAL_BACKUP	324027	.py	b761c7d4eeab8b0635b664cba828406fa213bf631f0a0e7165e8c7d5d86cbbd0
backups/phase14_11E4E3C2B2B_certified_20260811T174522Z/task_session.py	CERTIFIED_BACKUP	341567	.py	a8d089a7de0e4f469678831c6220f61ed3930e79f8f0f2afe70f4f3a03b1ec71
backups/phase14_11E4E3C2B2B_pre_frozen_transaction_20260811T173920Z/task_session.py	HISTORICAL_BACKUP	333299	.py	7184ff36637eba106e03af6cccc10fc11d5cd18d67397662f561c657a3a97a40
backups/phase14_11E4E5_certified_20260811T190247Z/task_session.py	CERTIFIED_BACKUP	341567	.py	a8d089a7de0e4f469678831c6220f61ed3930e79f8f0f2afe70f4f3a03b1ec71
backups/phase14_11F1_certified_20260811T190752Z/__init__.py	CERTIFIED_BACKUP	394	.py	a227c5cd705a305c4957714b5c93cf74b63de960946b8252e2d8a73f2585d91e
backups/phase14_11F1_certified_20260811T190752Z/model.py	CERTIFIED_BACKUP	4683	.py	7262ea30a432e8a454a4069f1d3b60e50e30600aa99308974e8f925877774da7
backups/phase14_11F2A_certified_20260811T191019Z/__init__.py	CERTIFIED_BACKUP	586	.py	1b6dc9751c23aa31f312bd353b65699a18173cc30f791f2488bbd2ec704015ef
backups/phase14_11F2A_certified_20260811T191019Z/budget.py	CERTIFIED_BACKUP	2431	.py	3ab5a79d57b0ea5ea34e2c5634bd8ad9282f484e6f761a8ad62023fa6b2d3cdb
backups/phase14_11F2A_certified_20260811T191019Z/model.py	CERTIFIED_BACKUP	4683	.py	7262ea30a432e8a454a4069f1d3b60e50e30600aa99308974e8f925877774da7
backups/phase14_11F2A_pre_budget_20260811T190948Z/__init__.py	HISTORICAL_BACKUP	394	.py	a227c5cd705a305c4957714b5c93cf74b63de960946b8252e2d8a73f2585d91e
backups/phase14_11F2A_pre_budget_20260811T190948Z/model.py	HISTORICAL_BACKUP	4683	.py	7262ea30a432e8a454a4069f1d3b60e50e30600aa99308974e8f925877774da7
backups/phase14_11F2B_pre_availability_20260811T191111Z/__init__.py	HISTORICAL_BACKUP	586	.py	1b6dc9751c23aa31f312bd353b65699a18173cc30f791f2488bbd2ec704015ef
backups/phase14_11F2B_pre_availability_20260811T191111Z/budget.py	HISTORICAL_BACKUP	2431	.py	3ab5a79d57b0ea5ea34e2c5634bd8ad9282f484e6f761a8ad62023fa6b2d3cdb
backups/phase14_11F2B_pre_availability_20260811T191111Z/model.py	HISTORICAL_BACKUP	4683	.py	7262ea30a432e8a454a4069f1d3b60e50e30600aa99308974e8f925877774da7
backups/phase14_11F2_certified_20260811T191203Z/__init__.py	CERTIFIED_BACKUP	820	.py	aac0ee907cf13c61f47888a19c6008480759090a27987ec7617de8185a504aca
backups/phase14_11F2_certified_20260811T191203Z/availability.py	CERTIFIED_BACKUP	2722	.py	b6a9fe9bfbe23f8ada65d30ac76a8e8f62a4c2d33e2cc7199dc572c39c886eb7
backups/phase14_11F2_certified_20260811T191203Z/budget.py	CERTIFIED_BACKUP	2431	.py	3ab5a79d57b0ea5ea34e2c5634bd8ad9282f484e6f761a8ad62023fa6b2d3cdb
backups/phase14_11F2_certified_20260811T191203Z/model.py	CERTIFIED_BACKUP	4683	.py	7262ea30a432e8a454a4069f1d3b60e50e30600aa99308974e8f925877774da7
backups/phase14_11F3_certified_20260811T191456Z/__init__.py	CERTIFIED_BACKUP	1140	.py	bce1549eb5c6cdb8db60eef26650dfee64febee6c8fdb8ad53756109d2c1cd1b
backups/phase14_11F3_certified_20260811T191456Z/availability.py	CERTIFIED_BACKUP	2722	.py	b6a9fe9bfbe23f8ada65d30ac76a8e8f62a4c2d33e2cc7199dc572c39c886eb7
backups/phase14_11F3_certified_20260811T191456Z/budget.py	CERTIFIED_BACKUP	2431	.py	3ab5a79d57b0ea5ea34e2c5634bd8ad9282f484e6f761a8ad62023fa6b2d3cdb
backups/phase14_11F3_certified_20260811T191456Z/decision.py	CERTIFIED_BACKUP	3082	.py	f9bf6f48620efcc2973e48abfb1d035658934aff623f79b280da8c3d48208c57
backups/phase14_11F3_certified_20260811T191456Z/model.py	CERTIFIED_BACKUP	4683	.py	7262ea30a432e8a454a4069f1d3b60e50e30600aa99308974e8f925877774da7
backups/phase14_11F3_pre_decision_20260811T191351Z/__init__.py	HISTORICAL_BACKUP	820	.py	aac0ee907cf13c61f47888a19c6008480759090a27987ec7617de8185a504aca
backups/phase14_11F3_pre_decision_20260811T191351Z/availability.py	HISTORICAL_BACKUP	2722	.py	b6a9fe9bfbe23f8ada65d30ac76a8e8f62a4c2d33e2cc7199dc572c39c886eb7
backups/phase14_11F3_pre_decision_20260811T191351Z/budget.py	HISTORICAL_BACKUP	2431	.py	3ab5a79d57b0ea5ea34e2c5634bd8ad9282f484e6f761a8ad62023fa6b2d3cdb
backups/phase14_11F3_pre_decision_20260811T191351Z/model.py	HISTORICAL_BACKUP	4683	.py	7262ea30a432e8a454a4069f1d3b60e50e30600aa99308974e8f925877774da7
backups/phase14_11F4A_certified_20260811T191714Z/__init__.py	CERTIFIED_BACKUP	1367	.py	fef56e6f0e6f14723a43976b1e34536489625d1ada5b3cf94167deb2af77fe43
backups/phase14_11F4A_certified_20260811T191714Z/availability.py	CERTIFIED_BACKUP	2722	.py	b6a9fe9bfbe23f8ada65d30ac76a8e8f62a4c2d33e2cc7199dc572c39c886eb7
backups/phase14_11F4A_certified_20260811T191714Z/budget.py	CERTIFIED_BACKUP	2431	.py	3ab5a79d57b0ea5ea34e2c5634bd8ad9282f484e6f761a8ad62023fa6b2d3cdb
backups/phase14_11F4A_certified_20260811T191714Z/decision.py	CERTIFIED_BACKUP	3082	.py	f9bf6f48620efcc2973e48abfb1d035658934aff623f79b280da8c3d48208c57
backups/phase14_11F4A_certified_20260811T191714Z/model.py	CERTIFIED_BACKUP	4683	.py	7262ea30a432e8a454a4069f1d3b60e50e30600aa99308974e8f925877774da7
backups/phase14_11F4A_certified_20260811T191714Z/requirement.py	CERTIFIED_BACKUP	3153	.py	4cebbfaa27e3360a5ec92edd311cd2f9424ee159c8a6c5c4bfa2a3335dc89f59
backups/phase14_11F4A_pre_requirement_20260811T191622Z/__init__.py	HISTORICAL_BACKUP	1140	.py	bce1549eb5c6cdb8db60eef26650dfee64febee6c8fdb8ad53756109d2c1cd1b
backups/phase14_11F4A_pre_requirement_20260811T191622Z/availability.py	HISTORICAL_BACKUP	2722	.py	b6a9fe9bfbe23f8ada65d30ac76a8e8f62a4c2d33e2cc7199dc572c39c886eb7
backups/phase14_11F4A_pre_requirement_20260811T191622Z/budget.py	HISTORICAL_BACKUP	2431	.py	3ab5a79d57b0ea5ea34e2c5634bd8ad9282f484e6f761a8ad62023fa6b2d3cdb
backups/phase14_11F4A_pre_requirement_20260811T191622Z/decision.py	HISTORICAL_BACKUP	3082	.py	f9bf6f48620efcc2973e48abfb1d035658934aff623f79b280da8c3d48208c57
backups/phase14_11F4A_pre_requirement_20260811T191622Z/model.py	HISTORICAL_BACKUP	4683	.py	7262ea30a432e8a454a4069f1d3b60e50e30600aa99308974e8f925877774da7
backups/phase14_11F4B_certified_20260811T192006Z/__init__.py	CERTIFIED_BACKUP	1565	.py	ee2d7fd53a9459dc1b4ed1d745cc2bc1bc3b00d501d2c4c782435f2e9a05d7a6
backups/phase14_11F4B_certified_20260811T192006Z/availability.py	CERTIFIED_BACKUP	2722	.py	b6a9fe9bfbe23f8ada65d30ac76a8e8f62a4c2d33e2cc7199dc572c39c886eb7
backups/phase14_11F4B_certified_20260811T192006Z/budget.py	CERTIFIED_BACKUP	2431	.py	3ab5a79d57b0ea5ea34e2c5634bd8ad9282f484e6f761a8ad62023fa6b2d3cdb
backups/phase14_11F4B_certified_20260811T192006Z/decision.py	CERTIFIED_BACKUP	3082	.py	f9bf6f48620efcc2973e48abfb1d035658934aff623f79b280da8c3d48208c57
backups/phase14_11F4B_certified_20260811T192006Z/governor.py	CERTIFIED_BACKUP	6165	.py	9d25c7802f6e58d4b9e8d21eff025a0c0aff0252afc84bcc13f6b78533e1aaea
backups/phase14_11F4B_certified_20260811T192006Z/model.py	CERTIFIED_BACKUP	4683	.py	7262ea30a432e8a454a4069f1d3b60e50e30600aa99308974e8f925877774da7
backups/phase14_11F4B_certified_20260811T192006Z/requirement.py	CERTIFIED_BACKUP	3153	.py	4cebbfaa27e3360a5ec92edd311cd2f9424ee159c8a6c5c4bfa2a3335dc89f59
backups/phase14_11F4B_pre_governor_20260811T191858Z/__init__.py	HISTORICAL_BACKUP	1367	.py	fef56e6f0e6f14723a43976b1e34536489625d1ada5b3cf94167deb2af77fe43
backups/phase14_11F4B_pre_governor_20260811T191858Z/availability.py	HISTORICAL_BACKUP	2722	.py	b6a9fe9bfbe23f8ada65d30ac76a8e8f62a4c2d33e2cc7199dc572c39c886eb7
backups/phase14_11F4B_pre_governor_20260811T191858Z/budget.py	HISTORICAL_BACKUP	2431	.py	3ab5a79d57b0ea5ea34e2c5634bd8ad9282f484e6f761a8ad62023fa6b2d3cdb
backups/phase14_11F4B_pre_governor_20260811T191858Z/decision.py	HISTORICAL_BACKUP	3082	.py	f9bf6f48620efcc2973e48abfb1d035658934aff623f79b280da8c3d48208c57
backups/phase14_11F4B_pre_governor_20260811T191858Z/model.py	HISTORICAL_BACKUP	4683	.py	7262ea30a432e8a454a4069f1d3b60e50e30600aa99308974e8f925877774da7
backups/phase14_11F4B_pre_governor_20260811T191858Z/requirement.py	HISTORICAL_BACKUP	3153	.py	4cebbfaa27e3360a5ec92edd311cd2f9424ee159c8a6c5c4bfa2a3335dc89f59
backups/phase14_11F5A_certified_20260811T192954Z/__init__.py	CERTIFIED_BACKUP	1740	.py	e86a67630aca858e0ec687ea5f2ce99bd7870f5cd59712a2b3e80e3ab3f587cd
backups/phase14_11F5A_certified_20260811T192954Z/availability.py	CERTIFIED_BACKUP	2722	.py	b6a9fe9bfbe23f8ada65d30ac76a8e8f62a4c2d33e2cc7199dc572c39c886eb7
backups/phase14_11F5A_certified_20260811T192954Z/budget.py	CERTIFIED_BACKUP	2431	.py	3ab5a79d57b0ea5ea34e2c5634bd8ad9282f484e6f761a8ad62023fa6b2d3cdb
backups/phase14_11F5A_certified_20260811T192954Z/decision.py	CERTIFIED_BACKUP	3082	.py	f9bf6f48620efcc2973e48abfb1d035658934aff623f79b280da8c3d48208c57
backups/phase14_11F5A_certified_20260811T192954Z/governor.py	CERTIFIED_BACKUP	6165	.py	9d25c7802f6e58d4b9e8d21eff025a0c0aff0252afc84bcc13f6b78533e1aaea
backups/phase14_11F5A_certified_20260811T192954Z/model.py	CERTIFIED_BACKUP	4683	.py	7262ea30a432e8a454a4069f1d3b60e50e30600aa99308974e8f925877774da7
backups/phase14_11F5A_certified_20260811T192954Z/request_preparation.py	CERTIFIED_BACKUP	2442	.py	1e81e71ae3f6af7156ce7464fa5acacd84d37db6b827a5fa4de78993b3986549
backups/phase14_11F5A_certified_20260811T192954Z/requirement.py	CERTIFIED_BACKUP	3153	.py	4cebbfaa27e3360a5ec92edd311cd2f9424ee159c8a6c5c4bfa2a3335dc89f59
backups/phase14_11F5A_pre_request_preparation_20260811T192403Z/__init__.py	HISTORICAL_BACKUP	1565	.py	ee2d7fd53a9459dc1b4ed1d745cc2bc1bc3b00d501d2c4c782435f2e9a05d7a6
backups/phase14_11F5A_pre_request_preparation_20260811T192403Z/availability.py	HISTORICAL_BACKUP	2722	.py	b6a9fe9bfbe23f8ada65d30ac76a8e8f62a4c2d33e2cc7199dc572c39c886eb7
backups/phase14_11F5A_pre_request_preparation_20260811T192403Z/budget.py	HISTORICAL_BACKUP	2431	.py	3ab5a79d57b0ea5ea34e2c5634bd8ad9282f484e6f761a8ad62023fa6b2d3cdb
backups/phase14_11F5A_pre_request_preparation_20260811T192403Z/decision.py	HISTORICAL_BACKUP	3082	.py	f9bf6f48620efcc2973e48abfb1d035658934aff623f79b280da8c3d48208c57
backups/phase14_11F5A_pre_request_preparation_20260811T192403Z/governor.py	HISTORICAL_BACKUP	6165	.py	9d25c7802f6e58d4b9e8d21eff025a0c0aff0252afc84bcc13f6b78533e1aaea
backups/phase14_11F5A_pre_request_preparation_20260811T192403Z/model.py	HISTORICAL_BACKUP	4683	.py	7262ea30a432e8a454a4069f1d3b60e50e30600aa99308974e8f925877774da7
backups/phase14_11F5A_pre_request_preparation_20260811T192403Z/requirement.py	HISTORICAL_BACKUP	3153	.py	4cebbfaa27e3360a5ec92edd311cd2f9424ee159c8a6c5c4bfa2a3335dc89f59
backups/phase14_11F5B1_pre_gate_20260811T193309Z/task_session.py	HISTORICAL_BACKUP	341567	.py	a8d089a7de0e4f469678831c6220f61ed3930e79f8f0f2afe70f4f3a03b1ec71
backups/phase14_11F5B_certified_20260811T195129Z/SHA256SUMS	CERTIFIED_BACKUP	799		db118279074bf9386310548216badca92b9c9db6892f59069c2088de58e298ea
backups/phase14_11F5B_certified_20260811T195129Z/resources/__init__.py	CERTIFIED_BACKUP	1740	.py	e86a67630aca858e0ec687ea5f2ce99bd7870f5cd59712a2b3e80e3ab3f587cd
backups/phase14_11F5B_certified_20260811T195129Z/resources/availability.py	CERTIFIED_BACKUP	2722	.py	b6a9fe9bfbe23f8ada65d30ac76a8e8f62a4c2d33e2cc7199dc572c39c886eb7
backups/phase14_11F5B_certified_20260811T195129Z/resources/budget.py	CERTIFIED_BACKUP	2431	.py	3ab5a79d57b0ea5ea34e2c5634bd8ad9282f484e6f761a8ad62023fa6b2d3cdb
backups/phase14_11F5B_certified_20260811T195129Z/resources/decision.py	CERTIFIED_BACKUP	3082	.py	f9bf6f48620efcc2973e48abfb1d035658934aff623f79b280da8c3d48208c57
backups/phase14_11F5B_certified_20260811T195129Z/resources/governor.py	CERTIFIED_BACKUP	6165	.py	9d25c7802f6e58d4b9e8d21eff025a0c0aff0252afc84bcc13f6b78533e1aaea
backups/phase14_11F5B_certified_20260811T195129Z/resources/model.py	CERTIFIED_BACKUP	4683	.py	7262ea30a432e8a454a4069f1d3b60e50e30600aa99308974e8f925877774da7
backups/phase14_11F5B_certified_20260811T195129Z/resources/request_preparation.py	CERTIFIED_BACKUP	2442	.py	1e81e71ae3f6af7156ce7464fa5acacd84d37db6b827a5fa4de78993b3986549
backups/phase14_11F5B_certified_20260811T195129Z/resources/requirement.py	CERTIFIED_BACKUP	3153	.py	4cebbfaa27e3360a5ec92edd311cd2f9424ee159c8a6c5c4bfa2a3335dc89f59
backups/phase14_11F5B_certified_20260811T195129Z/task_session.py	CERTIFIED_BACKUP	347335	.py	2e35143d63bf3d077edb95a4147035018453e019a8f1ee1673912061b883eb2a
backups/phase14_11F5C2_certified_20260811T200207Z/SHA256SUMS	CERTIFIED_BACKUP	717		6cfdc98b5706f865f986058af16b0f151e070f256446560fa644ad44f2838c3c
backups/phase14_11F5C2_certified_20260811T200207Z/__init__.py	CERTIFIED_BACKUP	1876	.py	bb8dc32f3f92f5f4e6894550358e490c05a70e837a64251125ce7557023a550e
backups/phase14_11F5C2_certified_20260811T200207Z/availability.py	CERTIFIED_BACKUP	2722	.py	b6a9fe9bfbe23f8ada65d30ac76a8e8f62a4c2d33e2cc7199dc572c39c886eb7
backups/phase14_11F5C2_certified_20260811T200207Z/budget.py	CERTIFIED_BACKUP	2431	.py	3ab5a79d57b0ea5ea34e2c5634bd8ad9282f484e6f761a8ad62023fa6b2d3cdb
backups/phase14_11F5C2_certified_20260811T200207Z/decision.py	CERTIFIED_BACKUP	3082	.py	f9bf6f48620efcc2973e48abfb1d035658934aff623f79b280da8c3d48208c57
backups/phase14_11F5C2_certified_20260811T200207Z/evaluation.py	CERTIFIED_BACKUP	5069	.py	0d485027b490c4a55cbe2841f943bb1a5d65db3cb44b84ddb599747bc048723c
backups/phase14_11F5C2_certified_20260811T200207Z/governor.py	CERTIFIED_BACKUP	6165	.py	9d25c7802f6e58d4b9e8d21eff025a0c0aff0252afc84bcc13f6b78533e1aaea
backups/phase14_11F5C2_certified_20260811T200207Z/model.py	CERTIFIED_BACKUP	4683	.py	7262ea30a432e8a454a4069f1d3b60e50e30600aa99308974e8f925877774da7
backups/phase14_11F5C2_certified_20260811T200207Z/request_preparation.py	CERTIFIED_BACKUP	2442	.py	1e81e71ae3f6af7156ce7464fa5acacd84d37db6b827a5fa4de78993b3986549
backups/phase14_11F5C2_certified_20260811T200207Z/requirement.py	CERTIFIED_BACKUP	3153	.py	4cebbfaa27e3360a5ec92edd311cd2f9424ee159c8a6c5c4bfa2a3335dc89f59
backups/phase14_11F5C2_pre_evaluation_20260811T195652Z/__init__.py	HISTORICAL_BACKUP	1740	.py	e86a67630aca858e0ec687ea5f2ce99bd7870f5cd59712a2b3e80e3ab3f587cd
backups/phase14_11F_certified_20260811T200848Z/CHECKPOINT.txt	CERTIFIED_BACKUP	1108	.txt	f7d9a1d22f2250acf791d91cd54d17ae0ac576c38a5c2e2a48c91ac69776f669
backups/phase14_11F_certified_20260811T200848Z/SHA256SUMS	CERTIFIED_BACKUP	978		3e65978523b7ba842a0dd60bf98046e68f5127c6693192c336c24e4a9a78a0c0
backups/phase14_11F_certified_20260811T200848Z/resources/__init__.py	CERTIFIED_BACKUP	1876	.py	bb8dc32f3f92f5f4e6894550358e490c05a70e837a64251125ce7557023a550e
backups/phase14_11F_certified_20260811T200848Z/resources/availability.py	CERTIFIED_BACKUP	2722	.py	b6a9fe9bfbe23f8ada65d30ac76a8e8f62a4c2d33e2cc7199dc572c39c886eb7
backups/phase14_11F_certified_20260811T200848Z/resources/budget.py	CERTIFIED_BACKUP	2431	.py	3ab5a79d57b0ea5ea34e2c5634bd8ad9282f484e6f761a8ad62023fa6b2d3cdb
backups/phase14_11F_certified_20260811T200848Z/resources/decision.py	CERTIFIED_BACKUP	3082	.py	f9bf6f48620efcc2973e48abfb1d035658934aff623f79b280da8c3d48208c57
backups/phase14_11F_certified_20260811T200848Z/resources/evaluation.py	CERTIFIED_BACKUP	5069	.py	0d485027b490c4a55cbe2841f943bb1a5d65db3cb44b84ddb599747bc048723c
backups/phase14_11F_certified_20260811T200848Z/resources/governor.py	CERTIFIED_BACKUP	6165	.py	9d25c7802f6e58d4b9e8d21eff025a0c0aff0252afc84bcc13f6b78533e1aaea
backups/phase14_11F_certified_20260811T200848Z/resources/model.py	CERTIFIED_BACKUP	4683	.py	7262ea30a432e8a454a4069f1d3b60e50e30600aa99308974e8f925877774da7
backups/phase14_11F_certified_20260811T200848Z/resources/request_preparation.py	CERTIFIED_BACKUP	2442	.py	1e81e71ae3f6af7156ce7464fa5acacd84d37db6b827a5fa4de78993b3986549
backups/phase14_11F_certified_20260811T200848Z/resources/requirement.py	CERTIFIED_BACKUP	3153	.py	4cebbfaa27e3360a5ec92edd311cd2f9424ee159c8a6c5c4bfa2a3335dc89f59
backups/phase14_11F_certified_20260811T200848Z/runtime/task_session.py	CERTIFIED_BACKUP	347335	.py	2e35143d63bf3d077edb95a4147035018453e019a8f1ee1673912061b883eb2a
backups/phase14_11G1B_certified_20260811T201533Z/model_form/automatic_router.py	CERTIFIED_BACKUP	7856	.py	bd77b0495956ae704f62c534383b8c28424898a0f37ae3d8eb730c3f766720c8
backups/phase14_11G1B_certified_20260811T201533Z/source_sha256.txt	CERTIFIED_BACKUP	97	.txt	c78c26687d3861b225791ba1ccfd3389ed14b7331080179d9a15d37bec444768
backups/phase14_11G1B_certified_20260811T201948Z/CHECKPOINT.txt	CERTIFIED_BACKUP	600	.txt	c9096ac59dabd07bb2df4c302baf1ab6dc74be5c22dd3be678e781886faeccaf
backups/phase14_11G1B_certified_20260811T201948Z/SHA256SUMS	CERTIFIED_BACKUP	179		088c1e42bfe0275cd0804bf348a92cecba87d59d74909ed59802c836941c1710
backups/phase14_11G1B_certified_20260811T201948Z/model_form/automatic_routing.py	CERTIFIED_BACKUP	3337	.py	bce0361131c560e1ff8b0bfa5919dfdc291984b1e34965fac8201cac245114e2
backups/phase14_11G1B_pre_contract_20260811T201854Z/STATE.txt	HISTORICAL_BACKUP	256	.txt	db306f9d71226ac32b8641c1cad04184d5929be1285c5b4bbacb69023e0eb377
backups/phase14_11G1C_pre_evidence_20260811T202139Z/STATE.txt	HISTORICAL_BACKUP	364	.txt	f93c7025beae661fe2f2b1b988fda39e6ba756d0ceba4facbb64487271133423
backups/phase14_11G1D_certified_20260811T201835Z/certification.txt	CERTIFIED_BACKUP	719	.txt	aaab68154679f4d4b04cb95fe61983b7c4bbdc4a0e364860b19734b694a781fc
backups/phase14_11G1D_certified_20260811T201835Z/model_form/automatic_router.py	CERTIFIED_BACKUP	11577	.py	3c0500762d56825ba64436faf021cc338e1c5e0c579482b2658500c9b09e42ee
backups/phase14_11G1D_certified_20260811T201835Z/source_sha256.txt	CERTIFIED_BACKUP	97	.txt	80185e4ef02522bfdf2976bc2a8f92b8d537522b8e22ab5f58258bd5c8ffe16a
backups/phase14_11G1_certified_20260811T202247Z/CHECKPOINT.txt	CERTIFIED_BACKUP	1082	.txt	e95314efaba6c15d77f91f519a57904e44dfb47c63631628f8b65653d0cdb2ff
backups/phase14_11G1_certified_20260811T202247Z/SHA256SUMS	CERTIFIED_BACKUP	286		d45d53fc5be3c53a7a20cb35a79987b5b5fbacf92baaade7aac4a8b775a7a422
backups/phase14_11G1_certified_20260811T202247Z/model_form/automatic_routing.py	CERTIFIED_BACKUP	3337	.py	bce0361131c560e1ff8b0bfa5919dfdc291984b1e34965fac8201cac245114e2
backups/phase14_11G1_certified_20260811T202247Z/model_form/automatic_routing_evidence.py	CERTIFIED_BACKUP	3757	.py	f28df92e43f1d7b52edb58f35a597ae3f75df4595ef0c6ace333821bb1e9d4cb
backups/phase14_11G1_pre_20260811T201227Z/model_form/control.py	HISTORICAL_BACKUP	10907	.py	da84ec0c8d524f05271ba9608722bbaeb22d3e98d78d28b3fa8a89c0c72b56d1
backups/phase14_11G1_pre_20260811T201227Z/model_form/model.py	HISTORICAL_BACKUP	4127	.py	f6a5b2af4dcd79c41815ecb8422dfd625e6b81bd29d325fc71fc0d659342cf61
backups/phase14_11G1_pre_20260811T201227Z/model_form/registry.py	HISTORICAL_BACKUP	9913	.py	f7c85300334f49415d600412112a48b247dd73936ee3740a644e7a9afc50ddcb
backups/phase14_11G1_pre_20260811T201227Z/model_form/resolution.py	HISTORICAL_BACKUP	7659	.py	b28ec18d6b30b883a1ad334990cae518a3f1d8b54c00f62da28513d1fa3c91a1
backups/phase14_11G1_pre_20260811T201227Z/reasoning/control.py	HISTORICAL_BACKUP	16476	.py	097a6eee9386d1b4db4310308ff8e053f9fad11f787430d87896bf20975a5779
backups/phase14_11G1_pre_20260811T201227Z/source_sha256.txt	HISTORICAL_BACKUP	441	.txt	58b5d244d75fdb1cb217f29db92c3ee4542af38ac2d9a81a99b4ac669f987658
backups/phase14_11G2A_pre_policy_20260811T202424Z/STATE.txt	HISTORICAL_BACKUP	507	.txt	44ee755b5559573c96b84d78d0257b2ea51084d001740231a8c8bc576b4e99aa
backups/phase14_11G2D_certified_20260811T202633Z/certification.txt	CERTIFIED_BACKUP	1462	.txt	e3c430fb36bde97c89e81eebdb72ca3db15ff5a5504c72c782b9e6acf26cfec5
backups/phase14_11G2D_certified_20260811T202633Z/model_form/automatic_router.py	CERTIFIED_BACKUP	11577	.py	3c0500762d56825ba64436faf021cc338e1c5e0c579482b2658500c9b09e42ee
backups/phase14_11G2D_certified_20260811T202633Z/source_sha256.txt	CERTIFIED_BACKUP	205	.txt	7f99deb71ee1d05558b7e1caa08468ebf6ff7531839219de3e1d3bb1edce58d7
backups/phase14_11G2D_certified_20260811T202633Z/tests/test_model_form_automatic_router.py	CERTIFIED_BACKUP	16022	.py	c841d0890e9ee52a307b6e3ddefe4f2df9995b77cbe111078defaf469a5bbcd8
backups/phase14_11G2_certified_20260811T202527Z/CHECKPOINT.txt	CERTIFIED_BACKUP	1428	.txt	512cc88f97dee6af061a3e5a1efa7f6fbb423dcacbfeba17379aaa918a8d39f4
backups/phase14_11G2_certified_20260811T202527Z/SHA256SUMS	CERTIFIED_BACKUP	391		257abd8143d628615b1a854f4b7ab13702ef2f3ec314987306a43fa7a9df34fe
backups/phase14_11G2_certified_20260811T202527Z/model_form/automatic_routing.py	CERTIFIED_BACKUP	3337	.py	bce0361131c560e1ff8b0bfa5919dfdc291984b1e34965fac8201cac245114e2
backups/phase14_11G2_certified_20260811T202527Z/model_form/automatic_routing_evidence.py	CERTIFIED_BACKUP	3757	.py	f28df92e43f1d7b52edb58f35a597ae3f75df4595ef0c6ace333821bb1e9d4cb
backups/phase14_11G2_certified_20260811T202527Z/model_form/automatic_routing_policy.py	CERTIFIED_BACKUP	3954	.py	01dde179a3ad57306e5542580665bd5db20fc9e8c021324eb08c072e594f7b4c
backups/phase14_11G3B_certified_20260811T203405Z/CHECKPOINT.txt	CERTIFIED_BACKUP	972	.txt	4814c4cf03b2b83fea5cddcc0c7e0410396913fcd44d005d1ec086c74272b442
backups/phase14_11G3B_certified_20260811T203405Z/SHA256SUMS	CERTIFIED_BACKUP	172		99364ac11b9828230cae2b2c9b8faf233fdb2f7ce0dd953be05ea6a2044a2017
backups/phase14_11G3B_certified_20260811T203405Z/model_form/resolution.py	CERTIFIED_BACKUP	8794	.py	17548170c5d925eb276e5dc91739a42cbf1b5d8f2b94877b657abe0cc68873ae
backups/phase14_11G3B_pre_provenance_20260811T203044Z/model_form/resolution.py	HISTORICAL_BACKUP	7659	.py	b28ec18d6b30b883a1ad334990cae518a3f1d8b54c00f62da28513d1fa3c91a1
backups/phase14_11G3_certified_20260811T203628Z/CHECKPOINT.txt	CERTIFIED_BACKUP	1260	.txt	7b530cd253b4cfa95379ca2dd1305576cd55e4b7656e013482b6b325758ed407
backups/phase14_11G3_certified_20260811T203628Z/SHA256SUMS	CERTIFIED_BACKUP	482		10e09b6e5e309140d06d68c7c8f0189d0aef6edbb8e5234ee20753c7d19d0cba
backups/phase14_11G3_certified_20260811T203628Z/model_form/automatic_routing.py	CERTIFIED_BACKUP	3337	.py	bce0361131c560e1ff8b0bfa5919dfdc291984b1e34965fac8201cac245114e2
backups/phase14_11G3_certified_20260811T203628Z/model_form/automatic_routing_evidence.py	CERTIFIED_BACKUP	3757	.py	f28df92e43f1d7b52edb58f35a597ae3f75df4595ef0c6ace333821bb1e9d4cb
backups/phase14_11G3_certified_20260811T203628Z/model_form/automatic_routing_policy.py	CERTIFIED_BACKUP	3954	.py	01dde179a3ad57306e5542580665bd5db20fc9e8c021324eb08c072e594f7b4c
backups/phase14_11G3_certified_20260811T203628Z/model_form/resolution.py	CERTIFIED_BACKUP	8794	.py	17548170c5d925eb276e5dc91739a42cbf1b5d8f2b94877b657abe0cc68873ae
backups/phase14_11G4B_certified_20260811T204626Z/CHECKPOINT.txt	CERTIFIED_BACKUP	408	.txt	0245a870a724602878a87b44dcfecfcddd643f81815e334ae01578c9560ad6e2
backups/phase14_11G4B_certified_20260811T204626Z/SHA256SUMS	CERTIFIED_BACKUP	172		f7d45b4bdcfb40c49eeff3f318348b1739412bcf4f13c2de4539cf0b7a259aac
backups/phase14_11G4B_certified_20260811T204626Z/model_form/resolution.py	CERTIFIED_BACKUP	10800	.py	6a2eac1af3c15231bc93850ae5176d4f64b331017377d3ecef5e50b4a6df162c
backups/phase14_11G4B_pre_eligibility_20260811T204057Z/model_form/resolution.py	HISTORICAL_BACKUP	8794	.py	17548170c5d925eb276e5dc91739a42cbf1b5d8f2b94877b657abe0cc68873ae
backups/phase14_11G4C1_certified_20260811T204843Z/CHECKPOINT.txt	CERTIFIED_BACKUP	491	.txt	f5f7ecdf834f5fb7cbad382c6bbc2795d12b93e59390d7eb245152701e13e9e8
backups/phase14_11G4C1_certified_20260811T204843Z/SHA256SUMS	CERTIFIED_BACKUP	171		907dc13ca9744453885d473fc2f61e646a8f5c235cdcd287e4c74447806723d7
backups/phase14_11G4C1_certified_20260811T204843Z/runtime/task_session.py	CERTIFIED_BACKUP	347418	.py	267c4394ead63647732ec47658a2da3c2bad8c91ac283a92c3bea287d5100abc
backups/phase14_11G4C1_pre_passthrough_20260811T204752Z/runtime/task_session.py	HISTORICAL_BACKUP	347335	.py	2e35143d63bf3d077edb95a4147035018453e019a8f1ee1673912061b883eb2a
backups/phase14_11G4C2_certified_20260811T205734Z/CHECKPOINT.txt	CERTIFIED_BACKUP	404	.txt	4d6865569554a4287603fae8ae117471fe3d0bd954be5a91277456118e7fa1cf
backups/phase14_11G4C2_certified_20260811T205734Z/SHA256SUMS	CERTIFIED_BACKUP	171		64605c9550e66df3ff9ab77738f80f7d9b24b7040b1d672adbcbb54ff49e937d
backups/phase14_11G4C2_certified_20260811T205734Z/runtime/task_session.py	CERTIFIED_BACKUP	348660	.py	f793a4cbc08820a2d28e0d73e67afda7d52b00780b8555e29bf761e6f813fa1d
backups/phase14_11G4C2_pre_live_eligibility_20260811T205649Z/runtime/task_session.py	HISTORICAL_BACKUP	347418	.py	267c4394ead63647732ec47658a2da3c2bad8c91ac283a92c3bea287d5100abc
backups/phase14_11G4C3A_certified_20260811T210129Z/CHECKPOINT.txt	CERTIFIED_BACKUP	672	.txt	5c5619221f76db3bc5a78cb04f5c1cf5ec2e9e27402c419a089f93db8bd6b00e
backups/phase14_11G4C3A_certified_20260811T210129Z/SHA256SUMS	CERTIFIED_BACKUP	171		06e6bbb5faf01bc0fdf95cdabc56fb89826167a86c2a7b01df6a7a91e00b2319
backups/phase14_11G4C3A_certified_20260811T210129Z/runtime/task_session.py	CERTIFIED_BACKUP	348829	.py	176760e9602fa98b0c948960f6f469b189fa9b80bbac8c6d5c3586836c418b4d
backups/phase14_11G4C3A_pre_evidence_passthrough_20260811T205849Z/runtime/task_session.py	HISTORICAL_BACKUP	348660	.py	f793a4cbc08820a2d28e0d73e67afda7d52b00780b8555e29bf761e6f813fa1d
backups/phase14_11G4C3B_certified_20260811T210308Z/CHECKPOINT.txt	CERTIFIED_BACKUP	691	.txt	48e21026c218cc55def115c3ac3bc011532dc8a5c5735577bac3d358eeaaf2fc
backups/phase14_11G4C3B_certified_20260811T210308Z/SHA256SUMS	CERTIFIED_BACKUP	171		06b1fe3e7905099559a041cd4b2fcd5a9420a5873f28a5de6931a604f28fb56a
backups/phase14_11G4C3B_certified_20260811T210308Z/runtime/task_session.py	CERTIFIED_BACKUP	350805	.py	d8174699327e7d8afdb5a58a6c884119d9027f554c8951258b95f7bf4322e904
backups/phase14_11G4C3B_pre_router_20260811T210235Z/runtime/task_session.py	HISTORICAL_BACKUP	348829	.py	176760e9602fa98b0c948960f6f469b189fa9b80bbac8c6d5c3586836c418b4d
backups/phase14_11G4C4_certified_20260811T210719Z/CHECKPOINT.txt	CERTIFIED_BACKUP	727	.txt	db1b829afbfc950d8b379907eb4e1ac97c74433c20700bffe0d54b03b929a317
backups/phase14_11G4C4_certified_20260811T210719Z/SHA256SUMS	CERTIFIED_BACKUP	171		91766ef6b7b18e5f7dce0706e62154113a5032db0138f2a2e0f36054c4210253
backups/phase14_11G4C4_certified_20260811T210719Z/runtime/task_session.py	CERTIFIED_BACKUP	352578	.py	fa174d6da050fbb072f3b031dbea38d3bfd6ea3d080d3b17786adc6eaa61f9da
backups/phase14_11G4C4_pre_identity_handoff_20260811T210410Z/runtime/task_session.py	HISTORICAL_BACKUP	350805	.py	d8174699327e7d8afdb5a58a6c884119d9027f554c8951258b95f7bf4322e904
backups/phase14_11G4C4_pre_identity_handoff_20260811T210426Z/runtime/task_session.py	HISTORICAL_BACKUP	350805	.py	d8174699327e7d8afdb5a58a6c884119d9027f554c8951258b95f7bf4322e904
backups/phase14_11G4C4_pre_identity_handoff_20260811T210559Z/runtime/task_session.py	HISTORICAL_BACKUP	350805	.py	d8174699327e7d8afdb5a58a6c884119d9027f554c8951258b95f7bf4322e904
backups/phase14_11G4_certified_20260811T211907Z/CHECKPOINT.txt	CERTIFIED_BACKUP	1556	.txt	6e0f6e56ae0869d2da4eafb6d89c2d744237458ab2e62f0e394ab5a88db95928
backups/phase14_11G4_certified_20260811T211907Z/SHA256SUMS	CERTIFIED_BACKUP	572		5f3f75fc395a0468a83b340c2124aee622b3ce2f0c65c7ea6a67132b0d513642
backups/phase14_11G4_certified_20260811T211907Z/model_form/automatic_routing.py	CERTIFIED_BACKUP	3337	.py	bce0361131c560e1ff8b0bfa5919dfdc291984b1e34965fac8201cac245114e2
backups/phase14_11G4_certified_20260811T211907Z/model_form/automatic_routing_evidence.py	CERTIFIED_BACKUP	3757	.py	f28df92e43f1d7b52edb58f35a597ae3f75df4595ef0c6ace333821bb1e9d4cb
backups/phase14_11G4_certified_20260811T211907Z/model_form/automatic_routing_policy.py	CERTIFIED_BACKUP	3954	.py	01dde179a3ad57306e5542580665bd5db20fc9e8c021324eb08c072e594f7b4c
backups/phase14_11G4_certified_20260811T211907Z/model_form/resolution.py	CERTIFIED_BACKUP	10800	.py	6a2eac1af3c15231bc93850ae5176d4f64b331017377d3ecef5e50b4a6df162c
backups/phase14_11G4_certified_20260811T211907Z/runtime/task_session.py	CERTIFIED_BACKUP	352578	.py	fa174d6da050fbb072f3b031dbea38d3bfd6ea3d080d3b17786adc6eaa61f9da
backups/phase14_11G5C_synthetic_certified_20260811T210321Z/certification.txt	CERTIFIED_BACKUP	780	.txt	6bcbe7d3bf0c5c9a7c3f89629df7b483d2fb4aedcf6649e9fa8ebd370ceb08b7
backups/phase14_11G5C_synthetic_certified_20260811T210321Z/source_sha256.txt	CERTIFIED_BACKUP	116	.txt	c58592816300a915389f8c78a7452502d40f277d8e34496fecaf361f017669c8
backups/phase14_11G5C_synthetic_certified_20260811T210321Z/tests/test_model_form_governor_router_contract.py	CERTIFIED_BACKUP	12369	.py	8813e844ad814d56c520c8c4eec4fe57e4b3f6a3593a1d7530336adb7a6a40f7
backups/phase14_11G5D_certified_20260811T213131Z/certification.txt	CERTIFIED_BACKUP	918	.txt	7fd3b28e163e0637910e8aa398c32d10a6b63c954877cd8813c6a5f611bf83fa
backups/phase14_11G5D_certified_20260811T213131Z/model_form/__init__.py	CERTIFIED_BACKUP	2158	.py	2c03f2e941001ea0d2a84603f14f6978cafe7268c2c61f4d186d3882e05d7a71
backups/phase14_11G5D_certified_20260811T213131Z/source_sha256.txt	CERTIFIED_BACKUP	486	.txt	5754f3fbbfb213256fbe85b4d568f391b7d8c9403dac9f0fdcf39e33bcb8b826
backups/phase14_11G5D_certified_20260811T213131Z/tests/test_model_form_governor_task_session_integration.py	CERTIFIED_BACKUP	17754	.py	9822a79a0485f75c8d8804917bc0104fb5bcfdc6d1f015ac475fcea7ee3406bc
backups/phase14_11G5D_export_fix_pre_20260811T213000Z/model_form/__init__.py	HISTORICAL_BACKUP	2080	.py	86745469567415292d9989bfa3b2c08f6fd94f70bd0d88340879b4e2f3f4450d
backups/phase14_11G5D_pre_20260811T212852Z/source_sha256.txt	HISTORICAL_BACKUP	755	.txt	02a5e47a95a25edd2e5bd9ee111941d633eea8d401f9cd7cf72ce1252973777b
backups/phase14_11G5D_pre_20260811T212918Z/source_sha256.txt	HISTORICAL_BACKUP	755	.txt	02a5e47a95a25edd2e5bd9ee111941d633eea8d401f9cd7cf72ce1252973777b
backups/phase14_11G5D_test_fix_pre_20260811T213101Z/tests/test_model_form_governor_task_session_integration.py	HISTORICAL_BACKUP	17648	.py	f9ec844239d9aafdd0f9b44757e1f0d9319f7fa5da7197ff763f9501554d73f3
backups/phase14_11G6BC_pre_20260811T211351Z/source_sha256.txt	HISTORICAL_BACKUP	578	.txt	00dea7ff800b9e8a673300476427ebba568c48ccf7e46006aad45451aeb6c66c
backups/phase14_11G6BC_synthetic_certified_20260811T211425Z/certification.txt	CERTIFIED_BACKUP	1331	.txt	6ebf4227f95f9f9eced9acb74a26aae7c93a6c1506bb9e97cca6b062f824d15e
backups/phase14_11G6BC_synthetic_certified_20260811T211425Z/observed_production_sha256.txt	CERTIFIED_BACKUP	578	.txt	00dea7ff800b9e8a673300476427ebba568c48ccf7e46006aad45451aeb6c66c
backups/phase14_11G6BC_synthetic_certified_20260811T211425Z/test_sha256.txt	CERTIFIED_BACKUP	125	.txt	5e20297722145ca5e4f4e55977880859a95c04269262e3513efda6da40ef5054
backups/phase14_11G6BC_synthetic_certified_20260811T211425Z/tests/test_model_form_automatic_routing_retry_isolation.py	CERTIFIED_BACKUP	19202	.py	9d91e275185ffc9c77b553e5fd369b9c39d3b0f362d8babc1bdd5b6b5bde201c
backups/phase14_11G6D_certified_20260811T213408Z/certification.txt	CERTIFIED_BACKUP	959	.txt	b76dc76d516f64e812d41c55843d3621f3393dda9a952d560e61410966aeae55
backups/phase14_11G6D_certified_20260811T213408Z/model_form/__init__.py	CERTIFIED_BACKUP	2158	.py	2c03f2e941001ea0d2a84603f14f6978cafe7268c2c61f4d186d3882e05d7a71
backups/phase14_11G6D_certified_20260811T213408Z/source_sha256.txt	CERTIFIED_BACKUP	392	.txt	d2f2e7d2c18e02f58403e3d4727ce20097144f6fcfaaff45afd2897f1e780478
backups/phase14_11G6D_certified_20260811T213408Z/tests/test_model_form_retry_task_session_integration.py	CERTIFIED_BACKUP	21114	.py	b0ba1f9e8c6148cab49a94bc0ea1c49c1f7d9a68cb0138792e91d7aa8d44b417
backups/phase14_11G6D_pre_20260811T213344Z/source_sha256.txt	HISTORICAL_BACKUP	667	.txt	94d284754604766f1ce52122acedc5b74eaaec26b24a5adc4d60aea83878f0dc
backups/phase14_11G7_final_certified_20260811T213503Z/certification.txt	CERTIFIED_BACKUP	3203	.txt	3a7e3d84bbb16b4a69ec1b910d08efda86d2553610fb1a5be74c640f5e74fd71
backups/phase14_11G7_final_certified_20260811T213503Z/model_form/__init__.py	CERTIFIED_BACKUP	2158	.py	2c03f2e941001ea0d2a84603f14f6978cafe7268c2c61f4d186d3882e05d7a71
backups/phase14_11G7_final_certified_20260811T213503Z/model_form/automatic_router.py	CERTIFIED_BACKUP	11577	.py	3c0500762d56825ba64436faf021cc338e1c5e0c579482b2658500c9b09e42ee
backups/phase14_11G7_final_certified_20260811T213503Z/model_form/automatic_routing.py	CERTIFIED_BACKUP	3337	.py	bce0361131c560e1ff8b0bfa5919dfdc291984b1e34965fac8201cac245114e2
backups/phase14_11G7_final_certified_20260811T213503Z/model_form/automatic_routing_evidence.py	CERTIFIED_BACKUP	3757	.py	f28df92e43f1d7b52edb58f35a597ae3f75df4595ef0c6ace333821bb1e9d4cb
backups/phase14_11G7_final_certified_20260811T213503Z/model_form/automatic_routing_policy.py	CERTIFIED_BACKUP	3954	.py	01dde179a3ad57306e5542580665bd5db20fc9e8c021324eb08c072e594f7b4c
backups/phase14_11G7_final_certified_20260811T213503Z/model_form/bindings.yaml	CERTIFIED_BACKUP	162	.yaml	74110afd51de7ceddd02948d0430b0f9f1b5443a6eaaaa0b8a6e4164a52b0583
backups/phase14_11G7_final_certified_20260811T213503Z/model_form/resolution.py	CERTIFIED_BACKUP	10800	.py	6a2eac1af3c15231bc93850ae5176d4f64b331017377d3ecef5e50b4a6df162c
backups/phase14_11G7_final_certified_20260811T213503Z/reasoning/control.py	CERTIFIED_BACKUP	16476	.py	097a6eee9386d1b4db4310308ff8e053f9fad11f787430d87896bf20975a5779
backups/phase14_11G7_final_certified_20260811T213503Z/resources/decision.py	CERTIFIED_BACKUP	3082	.py	f9bf6f48620efcc2973e48abfb1d035658934aff623f79b280da8c3d48208c57
backups/phase14_11G7_final_certified_20260811T213503Z/resources/model.py	CERTIFIED_BACKUP	4683	.py	7262ea30a432e8a454a4069f1d3b60e50e30600aa99308974e8f925877774da7
backups/phase14_11G7_final_certified_20260811T213503Z/runtime/task_session.py	CERTIFIED_BACKUP	352578	.py	fa174d6da050fbb072f3b031dbea38d3bfd6ea3d080d3b17786adc6eaa61f9da
backups/phase14_11G7_final_certified_20260811T213503Z/source_sha256.txt	CERTIFIED_BACKUP	1624	.txt	c42d3b28eb75f0be5af486763e8999205c8ed54a286a7a901fd4551132728ab1
backups/phase14_11G7_final_certified_20260811T213503Z/tests/test_model_form_automatic_router.py	CERTIFIED_BACKUP	16022	.py	c841d0890e9ee52a307b6e3ddefe4f2df9995b77cbe111078defaf469a5bbcd8
backups/phase14_11G7_final_certified_20260811T213503Z/tests/test_model_form_automatic_routing_retry_isolation.py	CERTIFIED_BACKUP	19202	.py	9d91e275185ffc9c77b553e5fd369b9c39d3b0f362d8babc1bdd5b6b5bde201c
backups/phase14_11G7_final_certified_20260811T213503Z/tests/test_model_form_governor_router_contract.py	CERTIFIED_BACKUP	12369	.py	8813e844ad814d56c520c8c4eec4fe57e4b3f6a3593a1d7530336adb7a6a40f7
backups/phase14_11G7_final_certified_20260811T213503Z/tests/test_model_form_governor_task_session_integration.py	CERTIFIED_BACKUP	17754	.py	9822a79a0485f75c8d8804917bc0104fb5bcfdc6d1f015ac475fcea7ee3406bc
backups/phase14_11G7_final_certified_20260811T213503Z/tests/test_model_form_retry_task_session_integration.py	CERTIFIED_BACKUP	21114	.py	b0ba1f9e8c6148cab49a94bc0ea1c49c1f7d9a68cb0138792e91d7aa8d44b417
backups/phase14_11H1E_pre_colony_contract_20260811T220832Z/PRESTATE.txt	HISTORICAL_BACKUP	183	.txt	226fa76f0d90c81f2f1ee5c0052b39fcb1842b17286807069430075ad0776267
backups/phase14_11H1_certified_20260811T220927Z/CHECKPOINT.txt	CERTIFIED_BACKUP	688	.txt	277fd0d2fddce5e36dc213402c75a64419dc6eb780313526632b6bed1e1e2649
backups/phase14_11H1_certified_20260811T220927Z/SHA256SUMS	CERTIFIED_BACKUP	347		92050bc7822c9558f9deeb5d2409b537b049dca27a52c1e6a34b9e382eac95e0
backups/phase14_11H1_certified_20260811T220927Z/colony/__init__.py	CERTIFIED_BACKUP	420	.py	d30320794660e19ce6cfd1e593d5d59c10a79f5b02d06f4512244a0018f0af38
backups/phase14_11H1_certified_20260811T220927Z/colony/identity.py	CERTIFIED_BACKUP	3417	.py	0b95f47bc0f4321f722a4b6b092a40238ef4193a91ccc40e963233b6a1be627a
backups/phase14_11H1_certified_20260811T220927Z/tests/test_colony_identity.py	CERTIFIED_BACKUP	4802	.py	9f5208300d2f60b8c683812ec44a75b2e834be86936ab3503fc0c0032f2d3f0b
backups/phase14_11H2_certified_20260811T221328Z/CHECKPOINT.txt	CERTIFIED_BACKUP	853	.txt	8ca789b0e0ff5eb7a0d7f087485962fab64ac2e4f4872823cd6504bbe56da5e9
backups/phase14_11H2_certified_20260811T221328Z/SHA256SUMS	CERTIFIED_BACKUP	279		4f5e5585c3d7b2fe41e7be7f61dfdfcb811d5b6e76481a2f4171a96cd07a3434
backups/phase14_11H2_certified_20260811T221328Z/colony/identity.py	CERTIFIED_BACKUP	3417	.py	0b95f47bc0f4321f722a4b6b092a40238ef4193a91ccc40e963233b6a1be627a
backups/phase14_11H2_certified_20260811T221328Z/tests/test_colony_runtime_session_isolation.py	CERTIFIED_BACKUP	6215	.py	e8a7e5cd6a7f9faa1381fa71ac8d33ba2dfc794f04f4f73a2233eb5174dae3bf
backups/phase14_11H3C_pre_residency_contract_20260811T222215Z/PRESTATE.txt	HISTORICAL_BACKUP	340	.txt	81eada027b9dba89fcd9590404252cc9af36f36b5382b4aa0c9ca0e350593dca
backups/phase14_11H3_certified_20260811T222253Z/CHECKPOINT.txt	CERTIFIED_BACKUP	942	.txt	fa38290105c541af593d76eccf34d68acc0af32c12d504f4f95a6ceeafdef76d
backups/phase14_11H3_certified_20260811T222253Z/SHA256SUMS	CERTIFIED_BACKUP	277		ffbf2d1363d3165ada9ab6ba0f5b7adbd42dd373b8dd0d0e9642ce0b39bdda30
backups/phase14_11H3_certified_20260811T222253Z/runtime/model_residency.py	CERTIFIED_BACKUP	3492	.py	a09e7c2a6203eafd8f1d748b65798d87d0b281635f0b2515addbba4027b7df63
backups/phase14_11H3_certified_20260811T222253Z/tests/test_colony_model_residency.py	CERTIFIED_BACKUP	4029	.py	168a39da7e9bb9926f2261950a59a031e34ff943db35903e54a498a45e90fcc8
backups/phase14_11H4_certified_20260811T222832Z/CHECKPOINT.txt	CERTIFIED_BACKUP	665	.txt	eb934b79824036425280b832653dfec501602b6b6232f8b8f04fccb8916cba37
backups/phase14_11H4_certified_20260811T222832Z/SHA256SUMS	CERTIFIED_BACKUP	186		5a9606cc1148ab3f3e495863c67bf7479a549b143c1a1188dd15d5da75e8fa83
backups/phase14_11H4_certified_20260811T222832Z/tests/test_colony_runtime_lifecycle.py	CERTIFIED_BACKUP	11058	.py	6a7a1c235b9bb9f4abb899f0c6e37067674e79a1e138fb80ca13dc2842ac265c
backups/phase14_11H4_certified_20260811T222903Z/CHECKPOINT.txt	CERTIFIED_BACKUP	665	.txt	eb934b79824036425280b832653dfec501602b6b6232f8b8f04fccb8916cba37
backups/phase14_11H4_certified_20260811T222903Z/SHA256SUMS	CERTIFIED_BACKUP	186		5a9606cc1148ab3f3e495863c67bf7479a549b143c1a1188dd15d5da75e8fa83
backups/phase14_11H4_certified_20260811T222903Z/tests/test_colony_runtime_lifecycle.py	CERTIFIED_BACKUP	11058	.py	6a7a1c235b9bb9f4abb899f0c6e37067674e79a1e138fb80ca13dc2842ac265c
backups/phase14_11H5E8A_pre_reasoning_context_fix_20260811T224752Z/runtime/task_session.py	HISTORICAL_BACKUP	352578	.py	fa174d6da050fbb072f3b031dbea38d3bfd6ea3d080d3b17786adc6eaa61f9da
backups/phase14_11H5E8B_pre_reasoning_wiring_20260811T224906Z/runtime/task_session.py	HISTORICAL_BACKUP	355356	.py	93496ca0ebe8992518ab66676d86bde505c067d7266b1842630f26b2bf7c7fb7
backups/phase14_11H5E8C_pre_public_reasoning_context_20260811T225711Z/runtime/task_session.py	HISTORICAL_BACKUP	357326	.py	5bd23673a9020b18d15ab1f21b45c89a84c65c4772900d0ef35a3b105c4f5084
backups/phase14_11H5E8D_pre_live_reasoning_context_20260811T230540Z/runtime/task_session.py	HISTORICAL_BACKUP	357866	.py	8341dd11cb042b5726169bea78d40483b347bf068c4b2d923ab3cbb03db24b5e
backups/phase14_11H5E8EB_pre_context_finalizer_storage_20260811T231623Z/runtime/task_session.py	HISTORICAL_BACKUP	358156	.py	5373bf58fff378d35140e1f6424b48a8d112de34d35d735c81f0a2397a96d507
backups/phase14_11H5E8E_pre_reasoning_finalizer_20260811T231058Z/runtime/task_session.py	HISTORICAL_BACKUP	357974	.py	410896352e113f4c5a0bcca886e0b3d062300a69d23ea1363cd5324d4c1f49da
backups/phase14_11H5G_T2_independent_certified_20260811T233533Z/CERTIFICATION.txt	CERTIFIED_BACKUP	697	.txt	11e43c3d7e377c77caeeca4ecfdb4bd79547244f1cbe7c4ce98ab71adc04b8aa
backups/phase14_11H5G_T2_independent_certified_20260811T233533Z/SHA256SUMS	CERTIFIED_BACKUP	160		69a5e7e39c66c04e88bfee0a3158460f92b79306d9f9f451161a33e82aeb4e7b
backups/phase14_11H5G_T2_independent_certified_20260811T233702Z/CERTIFICATION.txt	CERTIFIED_BACKUP	697	.txt	11e43c3d7e377c77caeeca4ecfdb4bd79547244f1cbe7c4ce98ab71adc04b8aa
backups/phase14_11H5G_T2_independent_certified_20260811T233702Z/SHA256SUMS	CERTIFIED_BACKUP	160		ee84c1fd4d1458a8a3e132d40c0d3d49e655127ad9b68d573d095a05b70c8dc3
backups/phase14_11H5G_certified_20260811T233141Z/CERTIFICATION.txt	CERTIFIED_BACKUP	1228	.txt	f00a83a1098974b669b612e6fded64becf9040f14b195639661c4f765571ee19
backups/phase14_11H5G_certified_20260811T233141Z/SHA256SUMS	CERTIFIED_BACKUP	985		291ec01f6cb07ed80a117f726d2b6b561daa35f780b3a694074bf4eb6ee6c757
backups/phase14_11H5G_certified_20260811T233141Z/colony/__init__.py	CERTIFIED_BACKUP	420	.py	d30320794660e19ce6cfd1e593d5d59c10a79f5b02d06f4512244a0018f0af38
backups/phase14_11H5G_certified_20260811T233141Z/colony/identity.py	CERTIFIED_BACKUP	3417	.py	0b95f47bc0f4321f722a4b6b092a40238ef4193a91ccc40e963233b6a1be627a
backups/phase14_11H5G_certified_20260811T233141Z/runtime/model_residency.py	CERTIFIED_BACKUP	3492	.py	a09e7c2a6203eafd8f1d748b65798d87d0b281635f0b2515addbba4027b7df63
backups/phase14_11H5G_certified_20260811T233141Z/runtime/task_session.py	CERTIFIED_BACKUP	359191	.py	d666cb1471b568bf43db4255f5e84e98c1ea502af467e1e2670e4a93dc364991
backups/phase14_11H5G_certified_20260811T233141Z/tests/test_colony_h5_integrated_isolation.py	CERTIFIED_BACKUP	10483	.py	c0ac6bb4cca9eaf737660d5c041218fccc9cd9a4a17468eecbf209db23db2f4b
backups/phase14_11H5G_certified_20260811T233141Z/tests/test_colony_identity.py	CERTIFIED_BACKUP	4802	.py	9f5208300d2f60b8c683812ec44a75b2e834be86936ab3503fc0c0032f2d3f0b
backups/phase14_11H5G_certified_20260811T233141Z/tests/test_colony_model_residency.py	CERTIFIED_BACKUP	4029	.py	168a39da7e9bb9926f2261950a59a031e34ff943db35903e54a498a45e90fcc8
backups/phase14_11H5G_certified_20260811T233141Z/tests/test_colony_runtime_lifecycle.py	CERTIFIED_BACKUP	11058	.py	6a7a1c235b9bb9f4abb899f0c6e37067674e79a1e138fb80ca13dc2842ac265c
backups/phase14_11H5G_certified_20260811T233141Z/tests/test_colony_runtime_session_isolation.py	CERTIFIED_BACKUP	6215	.py	e8a7e5cd6a7f9faa1381fa71ac8d33ba2dfc794f04f4f73a2233eb5174dae3bf
backups/phase14_11H6D_T2_independent_certified_20260811T234454Z/CERTIFICATION.txt	CERTIFIED_BACKUP	926	.txt	7fc2838026adde8f32803477f8d6c00399104d7b71c47ae69db383d6d6334bc9
backups/phase14_11H6D_T2_independent_certified_20260811T234454Z/SHA256SUMS	CERTIFIED_BACKUP	160		377be15b5f6f4f4439dca68649ba7350f85a614715b2149b368a573bab33957c
backups/phase14_11H6D_certified_20260811T234357Z/CERTIFICATION.txt	CERTIFIED_BACKUP	1405	.txt	b0f7ef8729ff7e4399a828fbb0d888a4bcfc75f0006c08389492573d15e62955
backups/phase14_11H6D_certified_20260811T234357Z/SHA256SUMS	CERTIFIED_BACKUP	1228		c7accd74f1ad6b6815cfb79f4475ab867cce24c07487e8dfe7c7e593ade74e91
backups/phase14_11H6D_certified_20260811T234357Z/colony/__init__.py	CERTIFIED_BACKUP	420	.py	d30320794660e19ce6cfd1e593d5d59c10a79f5b02d06f4512244a0018f0af38
backups/phase14_11H6D_certified_20260811T234357Z/colony/identity.py	CERTIFIED_BACKUP	3417	.py	0b95f47bc0f4321f722a4b6b092a40238ef4193a91ccc40e963233b6a1be627a
backups/phase14_11H6D_certified_20260811T234357Z/runtime/model_residency.py	CERTIFIED_BACKUP	3492	.py	a09e7c2a6203eafd8f1d748b65798d87d0b281635f0b2515addbba4027b7df63
backups/phase14_11H6D_certified_20260811T234357Z/runtime/task_session.py	CERTIFIED_BACKUP	359191	.py	d666cb1471b568bf43db4255f5e84e98c1ea502af467e1e2670e4a93dc364991
backups/phase14_11H6D_certified_20260811T234357Z/tests/test_colony_h5_integrated_isolation.py	CERTIFIED_BACKUP	10483	.py	c0ac6bb4cca9eaf737660d5c041218fccc9cd9a4a17468eecbf209db23db2f4b
backups/phase14_11H6D_certified_20260811T234357Z/tests/test_colony_h6_identity_resource_residency.py	CERTIFIED_BACKUP	6604	.py	64b06bcca60593f4f111946b6cc17711966e3c83773252ff3eb733a1a086412e
backups/phase14_11H6D_certified_20260811T234357Z/tests/test_colony_h6_lifecycle_resource_composition.py	CERTIFIED_BACKUP	6728	.py	f9d07b51af86929fa94ba6a3b57ee2479a72cb7a9d0ee59bf5ef6770f321b33b
backups/phase14_11H6D_certified_20260811T234357Z/tests/test_colony_identity.py	CERTIFIED_BACKUP	4802	.py	9f5208300d2f60b8c683812ec44a75b2e834be86936ab3503fc0c0032f2d3f0b
backups/phase14_11H6D_certified_20260811T234357Z/tests/test_colony_model_residency.py	CERTIFIED_BACKUP	4029	.py	168a39da7e9bb9926f2261950a59a031e34ff943db35903e54a498a45e90fcc8
backups/phase14_11H6D_certified_20260811T234357Z/tests/test_colony_runtime_lifecycle.py	CERTIFIED_BACKUP	11058	.py	6a7a1c235b9bb9f4abb899f0c6e37067674e79a1e138fb80ca13dc2842ac265c
backups/phase14_11H6D_certified_20260811T234357Z/tests/test_colony_runtime_session_isolation.py	CERTIFIED_BACKUP	6215	.py	e8a7e5cd6a7f9faa1381fa71ac8d33ba2dfc794f04f4f73a2233eb5174dae3bf
backups/phase14_11H7_final_certified_20260811T234518Z/CERTIFICATION.txt	CERTIFIED_BACKUP	3404	.txt	18c69cc373d01b57c65a5c4d92fb6a3fdc05ab74d19d6758eed166ebc30aeb80
backups/phase14_11H7_final_certified_20260811T234518Z/SHA256SUMS	CERTIFIED_BACKUP	2012		73d90d426ad095b61de405d88bdc93f52000be3bb772036a3773d552587a559c
backups/phase14_11H7_final_certified_20260811T234518Z/colony/__init__.py	CERTIFIED_BACKUP	420	.py	d30320794660e19ce6cfd1e593d5d59c10a79f5b02d06f4512244a0018f0af38
backups/phase14_11H7_final_certified_20260811T234518Z/colony/identity.py	CERTIFIED_BACKUP	3417	.py	0b95f47bc0f4321f722a4b6b092a40238ef4193a91ccc40e963233b6a1be627a
backups/phase14_11H7_final_certified_20260811T234518Z/prior_certifications/H5G_PRIMARY.txt	CERTIFIED_BACKUP	1228	.txt	f00a83a1098974b669b612e6fded64becf9040f14b195639661c4f765571ee19
backups/phase14_11H7_final_certified_20260811T234518Z/prior_certifications/H5G_T2.txt	CERTIFIED_BACKUP	697	.txt	11e43c3d7e377c77caeeca4ecfdb4bd79547244f1cbe7c4ce98ab71adc04b8aa
backups/phase14_11H7_final_certified_20260811T234518Z/prior_certifications/H6D_PRIMARY.txt	CERTIFIED_BACKUP	1405	.txt	b0f7ef8729ff7e4399a828fbb0d888a4bcfc75f0006c08389492573d15e62955
backups/phase14_11H7_final_certified_20260811T234518Z/prior_certifications/H6D_T2.txt	CERTIFIED_BACKUP	926	.txt	7fc2838026adde8f32803477f8d6c00399104d7b71c47ae69db383d6d6334bc9
backups/phase14_11H7_final_certified_20260811T234518Z/resources/model.py	CERTIFIED_BACKUP	4683	.py	7262ea30a432e8a454a4069f1d3b60e50e30600aa99308974e8f925877774da7
backups/phase14_11H7_final_certified_20260811T234518Z/resources/request_preparation.py	CERTIFIED_BACKUP	2442	.py	1e81e71ae3f6af7156ce7464fa5acacd84d37db6b827a5fa4de78993b3986549
backups/phase14_11H7_final_certified_20260811T234518Z/resources/requirement.py	CERTIFIED_BACKUP	3153	.py	4cebbfaa27e3360a5ec92edd311cd2f9424ee159c8a6c5c4bfa2a3335dc89f59
backups/phase14_11H7_final_certified_20260811T234518Z/runtime/model_residency.py	CERTIFIED_BACKUP	3492	.py	a09e7c2a6203eafd8f1d748b65798d87d0b281635f0b2515addbba4027b7df63
backups/phase14_11H7_final_certified_20260811T234518Z/runtime/session_store.py	CERTIFIED_BACKUP	7080	.py	3c3449fa878920ea27f39b6216cf38a687d09a08da1d5b57af68c1a2f4beb48f
backups/phase14_11H7_final_certified_20260811T234518Z/runtime/task_session.py	CERTIFIED_BACKUP	359191	.py	d666cb1471b568bf43db4255f5e84e98c1ea502af467e1e2670e4a93dc364991
backups/phase14_11H7_final_certified_20260811T234518Z/tests/test_colony_h5_integrated_isolation.py	CERTIFIED_BACKUP	10483	.py	c0ac6bb4cca9eaf737660d5c041218fccc9cd9a4a17468eecbf209db23db2f4b
backups/phase14_11H7_final_certified_20260811T234518Z/tests/test_colony_h6_identity_resource_residency.py	CERTIFIED_BACKUP	6604	.py	64b06bcca60593f4f111946b6cc17711966e3c83773252ff3eb733a1a086412e
backups/phase14_11H7_final_certified_20260811T234518Z/tests/test_colony_h6_lifecycle_resource_composition.py	CERTIFIED_BACKUP	6728	.py	f9d07b51af86929fa94ba6a3b57ee2479a72cb7a9d0ee59bf5ef6770f321b33b
backups/phase14_11H7_final_certified_20260811T234518Z/tests/test_colony_identity.py	CERTIFIED_BACKUP	4802	.py	9f5208300d2f60b8c683812ec44a75b2e834be86936ab3503fc0c0032f2d3f0b
backups/phase14_11H7_final_certified_20260811T234518Z/tests/test_colony_model_residency.py	CERTIFIED_BACKUP	4029	.py	168a39da7e9bb9926f2261950a59a031e34ff943db35903e54a498a45e90fcc8
backups/phase14_11H7_final_certified_20260811T234518Z/tests/test_colony_runtime_lifecycle.py	CERTIFIED_BACKUP	11058	.py	6a7a1c235b9bb9f4abb899f0c6e37067674e79a1e138fb80ca13dc2842ac265c
backups/phase14_11H7_final_certified_20260811T234518Z/tests/test_colony_runtime_session_isolation.py	CERTIFIED_BACKUP	6215	.py	e8a7e5cd6a7f9faa1381fa71ac8d33ba2dfc794f04f4f73a2233eb5174dae3bf
backups/phase14_11HB2_certified_20260811T230726Z/CERTIFICATION.txt	CERTIFIED_BACKUP	1236	.txt	ce5270dd9498006a632b41b2ab20d149daab95268bc2fc8c4e3c0efd5d91646b
backups/phase14_11HB2_certified_20260811T230726Z/SHA256SUMS	CERTIFIED_BACKUP	298		cb04d83aa272018e81df7162b0a57b54fecb66af6e2be061c4aa1925a69e4a2f
backups/phase14_11HB2_certified_20260811T230726Z/runtime/session_identity.py	CERTIFIED_BACKUP	2710	.py	8a1d668e898dc2df7b60fd5099be0cf42dd2d4c864cbe163164f0a061a777353
backups/phase14_11HB2_certified_20260811T230726Z/runtime/session_store.py	CERTIFIED_BACKUP	7080	.py	3c3449fa878920ea27f39b6216cf38a687d09a08da1d5b57af68c1a2f4beb48f
backups/phase14_11HB2_certified_20260811T230726Z/tests/test_colony_runtime_session_isolation.py	CERTIFIED_BACKUP	6215	.py	e8a7e5cd6a7f9faa1381fa71ac8d33ba2dfc794f04f4f73a2233eb5174dae3bf
backups/phase14_11HB3_certified_20260811T231202Z/CERTIFICATION.txt	CERTIFIED_BACKUP	1458	.txt	955147c04fd3c056150d1c716a63ad4d2ce93d67d1279617f2dfb7f9929e709f
backups/phase14_11HB3_certified_20260811T231202Z/SHA256SUMS	CERTIFIED_BACKUP	290		280cdc78f4f9d20306aaadc44056cc9a767df934886a3235f6aa8fd5d94afcaa
backups/phase14_11HB3_certified_20260811T231202Z/runtime/model_residency.py	CERTIFIED_BACKUP	3492	.py	a09e7c2a6203eafd8f1d748b65798d87d0b281635f0b2515addbba4027b7df63
backups/phase14_11HB3_certified_20260811T231202Z/runtime/session_identity.py	CERTIFIED_BACKUP	2710	.py	8a1d668e898dc2df7b60fd5099be0cf42dd2d4c864cbe163164f0a061a777353
backups/phase14_11HB3_certified_20260811T231202Z/tests/test_colony_model_residency.py	CERTIFIED_BACKUP	4029	.py	168a39da7e9bb9926f2261950a59a031e34ff943db35903e54a498a45e90fcc8
backups/phase14_11HB5_certified_20260811T231320Z/CERTIFICATION.txt	CERTIFIED_BACKUP	1633	.txt	d87944e4d7a289941938820361e04ffea4341b1899f25fef22db6ac19b05dd20
backups/phase14_11HB5_certified_20260811T231320Z/SHA256SUMS	CERTIFIED_BACKUP	887		957b067d70736a229647511c871aabe177dc3e053547742828f98f1f51bfb301
backups/phase14_11HB5_certified_20260811T231320Z/colony/identity.py	CERTIFIED_BACKUP	3417	.py	0b95f47bc0f4321f722a4b6b092a40238ef4193a91ccc40e963233b6a1be627a
backups/phase14_11HB5_certified_20260811T231320Z/runtime/model_residency.py	CERTIFIED_BACKUP	3492	.py	a09e7c2a6203eafd8f1d748b65798d87d0b281635f0b2515addbba4027b7df63
backups/phase14_11HB5_certified_20260811T231320Z/runtime/session_identity.py	CERTIFIED_BACKUP	2710	.py	8a1d668e898dc2df7b60fd5099be0cf42dd2d4c864cbe163164f0a061a777353
backups/phase14_11HB5_certified_20260811T231320Z/runtime/session_store.py	CERTIFIED_BACKUP	7080	.py	3c3449fa878920ea27f39b6216cf38a687d09a08da1d5b57af68c1a2f4beb48f
backups/phase14_11HB5_certified_20260811T231320Z/tests/test_colony_identifier_doctrine.py	CERTIFIED_BACKUP	6273	.py	1c547a22f911f015f70876ccc532e8db9a06db04daabbdb77c7318a8c2ecac53
backups/phase14_11HB5_certified_20260811T231320Z/tests/test_colony_identity.py	CERTIFIED_BACKUP	4802	.py	9f5208300d2f60b8c683812ec44a75b2e834be86936ab3503fc0c0032f2d3f0b
backups/phase14_11HB5_certified_20260811T231320Z/tests/test_colony_model_residency.py	CERTIFIED_BACKUP	4029	.py	168a39da7e9bb9926f2261950a59a031e34ff943db35903e54a498a45e90fcc8
backups/phase14_11HB5_certified_20260811T231320Z/tests/test_colony_runtime_lifecycle.py	CERTIFIED_BACKUP	11058	.py	6a7a1c235b9bb9f4abb899f0c6e37067674e79a1e138fb80ca13dc2842ac265c
backups/phase14_11HB5_certified_20260811T231320Z/tests/test_colony_runtime_session_isolation.py	CERTIFIED_BACKUP	6215	.py	e8a7e5cd6a7f9faa1381fa71ac8d33ba2dfc794f04f4f73a2233eb5174dae3bf
backups/phase14_11I1_B_independent_certified_20260811T235117Z/CERTIFICATION.txt	CERTIFIED_BACKUP	663	.txt	3593f21b0c230cbe42209d6e3fc7876525d8441febf791d39b186fd4d650e558
backups/phase14_11I1_B_independent_certified_20260811T235117Z/SHA256SUMS	CERTIFIED_BACKUP	397		c654b1a80d304b35f326a7636826695b991cfe3465e46569c871bd34e8f408cf
backups/phase14_11I9_B_independent_certified_20260812T003942Z/CERTIFICATION.txt	CERTIFIED_BACKUP	1308	.txt	6194fdb2e4376770a14f8b22323f0cb6c60f98829a23727d28054384b18d12c7
backups/phase14_11I9_B_independent_certified_20260812T003942Z/SHA256SUMS	CERTIFIED_BACKUP	1035		a1ee28038ce6cd52ece879a904a04a281ca857581ca6f964a69d7808192942ca
backups/phase14_11I9_final_certified_20260812T003738Z/CERTIFICATION.txt	CERTIFIED_BACKUP	2093	.txt	a5b22804ff3b650a3e3450918f54e15997da7a118456f2f076d5fa8a64cf6f13
backups/phase14_11I9_final_certified_20260812T003738Z/SHA256SUMS	CERTIFIED_BACKUP	893		9a5b5bc54756928f2f76ec0a8785c08531ec1a4379cab5a842b6943e560ce43b
backups/phase14_11I9_final_certified_20260812T003738Z/runtime/task_session.py	CERTIFIED_BACKUP	359191	.py	d666cb1471b568bf43db4255f5e84e98c1ea502af467e1e2670e4a93dc364991
backups/phase14_11I9_final_certified_20260812T003738Z/tests/test_fake_adapter_i2_session_commit.py	CERTIFIED_BACKUP	3195	.py	483a491991c96a69a6bb62fe6a019db9cbb60c7c859b5a8402a334ee75cdc79d
backups/phase14_11I9_final_certified_20260812T003738Z/tests/test_fake_adapter_i3_session_reuse.py	CERTIFIED_BACKUP	4411	.py	7910a5ec7f44996c0a40befa85a335fbd26ca51a5f4cbd71e9240ffe15741423
backups/phase14_11I9_final_certified_20260812T003738Z/tests/test_fake_adapter_i4_multi_context.py	CERTIFIED_BACKUP	3722	.py	c90c36f1a8e9889505df343a0b32f863b4469d286e82d5120c1c152942dc9b5d
backups/phase14_11I9_final_certified_20260812T003738Z/tests/test_model_form_automatic_routing_retry_isolation.py	CERTIFIED_BACKUP	19202	.py	9d91e275185ffc9c77b553e5fd369b9c39d3b0f362d8babc1bdd5b6b5bde201c
backups/phase14_11I9_final_certified_20260812T003738Z/tests/test_model_form_governor_task_session_integration.py	CERTIFIED_BACKUP	17754	.py	9822a79a0485f75c8d8804917bc0104fb5bcfdc6d1f015ac475fcea7ee3406bc
backups/phase14_11I9_final_certified_20260812T003738Z/tests/test_model_form_retry_task_session_integration.py	CERTIFIED_BACKUP	21114	.py	b0ba1f9e8c6148cab49a94bc0ea1c49c1f7d9a68cb0138792e91d7aa8d44b417
backups/phase14_11J1_real_small_certified_20260812T012516Z/CERTIFICATION.txt	CERTIFIED_BACKUP	871	.txt	784f4f55015ec930bdec014c463587e85a7a714b51d1c7704f1956bd037ffa04
backups/phase14_11J1_real_small_certified_20260812T012516Z/SHA256SUMS	CERTIFIED_BACKUP	369		6b04f9b36152e08311d39640d4f6976db374c0d6e009bb5b5a1022afb2c8d92b
backups/phase14_11J1_real_small_certified_20260812T012516Z/evidence/j1-real-small.log	CERTIFIED_BACKUP	1146	.log	35c042d396a14e6c47877942859e0af715f3d772f694c49c4271e426fd2e2567
backups/phase14_11J1_real_small_certified_20260812T012516Z/resources/live_providers.py	CERTIFIED_BACKUP	4931	.py	66e5956183cfe5a831a74fbdcbc40358fabab29f5a6eb92dc3c6e5726bf82649
backups/phase14_11J1_real_small_certified_20260812T012516Z/runtime/task_session.py	CERTIFIED_BACKUP	359191	.py	d666cb1471b568bf43db4255f5e84e98c1ea502af467e1e2670e4a93dc364991
backups/phase14_11J2B_pre_residency_aware_20260812T013226Z/j2-real-commit.log	HISTORICAL_BACKUP	708	.log	ea96f871e3b6c4cfeeae575b05beca421d957a5db789019166649e93b3656617
backups/phase14_11J2B_pre_residency_aware_20260812T013226Z/live_providers.py	HISTORICAL_BACKUP	4931	.py	66e5956183cfe5a831a74fbdcbc40358fabab29f5a6eb92dc3c6e5726bf82649
backups/phase14_11J2_B_independent_certified_20260812T015719Z/CERTIFICATION.txt	CERTIFIED_BACKUP	1031	.txt	3a5ae27e487e7a099dd30e8cdd1c5209d221fa77321e3b494b81b109be11bce2
backups/phase14_11J2_B_independent_certified_20260812T015719Z/SHA256SUMS	CERTIFIED_BACKUP	158		11120800f249e39f29083d4c3a0f7dac9321edbee66fbc4fc4efebe9d1a49eee
backups/phase14_11J2_real_commit_certified_20260812T015243Z/CERTIFICATION.txt	CERTIFIED_BACKUP	1479	.txt	188214bbdd57a7b75435615b9ef8b233c6be4b5b4dbcea87cf38897469be57d5
backups/phase14_11J2_real_commit_certified_20260812T015243Z/SHA256SUMS	CERTIFIED_BACKUP	370		08f722f297a5079fb917ab81fde9f741e56204c6688ab7cd802680109d9ef9c2
backups/phase14_11J2_real_commit_certified_20260812T015243Z/evidence/j2-real-commit.log	CERTIFIED_BACKUP	978	.log	11f94f10adf101f608268f55859dec2765be0b11314647ab66cd68f1975f0aa9
backups/phase14_11J2_real_commit_certified_20260812T015243Z/resources/live_providers.py	CERTIFIED_BACKUP	7145	.py	40b49375dbe014b27b6fc5696bccf74274864e42953c473b42ffe10a3c552299
backups/phase14_11J2_real_commit_certified_20260812T015243Z/runtime/task_session.py	CERTIFIED_BACKUP	359191	.py	d666cb1471b568bf43db4255f5e84e98c1ea502af467e1e2670e4a93dc364991
backups/phase14_11J3_B_independent_certified_20260812T020403Z/CERTIFICATION.txt	CERTIFIED_BACKUP	1197	.txt	fcd063546dc830fe074d0aa2e1a7530ee02bc7b55f048dd1243370a53d0c22e2
backups/phase14_11J3_B_independent_certified_20260812T020403Z/SHA256SUMS	CERTIFIED_BACKUP	158		728cb34288b35c5c7cce4819c105e2048fc2e3686096b62f986f3c8a1b9f4d42
backups/phase14_11J3_real_reuse_certified_20260812T020325Z/CERTIFICATION.txt	CERTIFIED_BACKUP	1112	.txt	99aa3832607074ba3bde1e18e1d141c9a114151dab3b15d09883d92c637a50bf
backups/phase14_11J3_real_reuse_certified_20260812T020325Z/SHA256SUMS	CERTIFIED_BACKUP	369		bfd6de854f416a6d033b512478a86080066da34dbd093c5e420cbdecb5408863
backups/phase14_11J3_real_reuse_certified_20260812T020325Z/evidence/j3-real-reuse.log	CERTIFIED_BACKUP	661	.log	c85613e3aecd8e1dc9195decf1b6303013e6653268bfff4b99f213a4bbd41145
backups/phase14_11J3_real_reuse_certified_20260812T020325Z/resources/live_providers.py	CERTIFIED_BACKUP	7145	.py	40b49375dbe014b27b6fc5696bccf74274864e42953c473b42ffe10a3c552299
backups/phase14_11J3_real_reuse_certified_20260812T020325Z/runtime/task_session.py	CERTIFIED_BACKUP	359191	.py	d666cb1471b568bf43db4255f5e84e98c1ea502af467e1e2670e4a93dc364991
backups/phase14_11J4_B_independent_certified_20260812T021158Z/CERTIFICATION.txt	CERTIFIED_BACKUP	836	.txt	1a4b9f994fc05fd0f1bb9efd5c75c0afafcc3a624f285bcbc7ea2e62be740f57
backups/phase14_11J4_B_independent_certified_20260812T021158Z/SHA256SUMS	CERTIFIED_BACKUP	158		7c185d3643a293beb18aa9f665b67c5dede4dc481b4dd7cd709f0756ef4b27a9
backups/phase14_11J4_real_multicontext_certified_20260812T020937Z/CERTIFICATION.txt	CERTIFIED_BACKUP	1235	.txt	3f466a82f08caa26c1a8550b4ae06dc4fd7e7b9cbd9c14a2098a7b500d134a25
backups/phase14_11J4_real_multicontext_certified_20260812T020937Z/SHA256SUMS	CERTIFIED_BACKUP	376		3ce26a0cff803b483f28a7e002e7053f07cadae557d946b94a27a9060f52c8a4
backups/phase14_11J4_real_multicontext_certified_20260812T020937Z/evidence/j4-real-multicontext.log	CERTIFIED_BACKUP	890	.log	91e567d6c0586a0eb03e351ed6e320637c4b2e62e4cf69447821bc2ab2af8ed4
backups/phase14_11J4_real_multicontext_certified_20260812T020937Z/resources/live_providers.py	CERTIFIED_BACKUP	7145	.py	40b49375dbe014b27b6fc5696bccf74274864e42953c473b42ffe10a3c552299
backups/phase14_11J4_real_multicontext_certified_20260812T020937Z/runtime/task_session.py	CERTIFIED_BACKUP	359191	.py	d666cb1471b568bf43db4255f5e84e98c1ea502af467e1e2670e4a93dc364991
backups/phase14_11J5C3_concurrency_discarded_20260812T024337Z/RESULT.txt	HISTORICAL_BACKUP	720	.txt	4bb6e050e3729c3bd59506cfe73f2db2f01f68c874c13248407341f5706f49b8
backups/phase14_11J5C3_concurrency_discarded_20260812T024337Z/SHA256SUMS	HISTORICAL_BACKUP	163		237ceeb8e6f6c5c61ea994db9f0aaa09e817140ace65583db41c09f7190ee6b4
backups/phase14_11J5C3_concurrency_discarded_20260812T024337Z/j5c3-latest.log	HISTORICAL_BACKUP	244	.log	1d49f1abc27583230e44ea374384559f5313544dadcaac622001f7e8a1e192d1
backups/phase14_11J5C_attempt1_failed_safe_20260812T022959Z/RESULT.txt	HISTORICAL_BACKUP	497	.txt	64c2e3c233e57c0dce4e9d81cd13355727a2e7d13afca8dae8bfc0541b59fc8a
backups/phase14_11J5C_attempt1_failed_safe_20260812T022959Z/SHA256SUMS	HISTORICAL_BACKUP	300		19b184d5fcd96532be6b73c2d723957f8407bb1fa62567223dc86cf937695ac2
backups/phase14_11J5C_attempt1_failed_safe_20260812T022959Z/attempt1.log	HISTORICAL_BACKUP	1286	.log	e7b3632a7d73b397fed63f2e95a5b1ec52249e05c2fd35a864568da827bdd90c
backups/phase14_11J5_B_independent_certified_20260812T084447Z/RESULT.txt	CERTIFIED_BACKUP	617	.txt	a37d571f0870cf54d5740d2c8cb3e456cf721a9a589ee3b001a1d3b3467d8865
backups/phase14_11J5_B_independent_certified_20260812T084447Z/SHA256SUMS	CERTIFIED_BACKUP	825		b05a5c0f838d5e5df6cf14a1b5711adfac4225fd6272113789bcc0b2ce5fe3ad
backups/phase14_11J5_B_independent_certified_20260812T084447Z/active-yaml-sha.txt	CERTIFIED_BACKUP	65	.txt	4faa8a48d1b144869fc521891478322894ddbedfc0799c275b50c59e4276f2fc
backups/phase14_11J5_B_independent_certified_20260812T084447Z/archive-integrity.txt	CERTIFIED_BACKUP	106	.txt	b96a2a6ef90a6f39dc87553f182c55baf4961e19231eb738948d3c5f8a9f1e0d
backups/phase14_11J5_B_independent_certified_20260812T084447Z/automatic-retry-isolation.txt	CERTIFIED_BACKUP	114	.txt	432e764160c5b06b41e1864e05386aaf72bcdcdfe2465d19c35fe57144567754
backups/phase14_11J5_B_independent_certified_20260812T084447Z/evidence-assertions.txt	CERTIFIED_BACKUP	949	.txt	610bf8add7c7111502287f0b3539455f38d94692fa14d10dc6dc2729d97d8112
backups/phase14_11J5_B_independent_certified_20260812T084447Z/production-integrity.txt	CERTIFIED_BACKUP	253	.txt	57c04dab1c5e7925658192809447d341d2a4f4e5644f06908b3aa16be904a084
backups/phase14_11J5_B_independent_certified_20260812T084447Z/real-recovery-evidence.txt	CERTIFIED_BACKUP	1106	.txt	90c5a0b240276db9382a551311ca2526bf41386aca76cc2188f1d0e518e16a6f
backups/phase14_11J5_B_independent_certified_20260812T084447Z/retry-task-session-integration.txt	CERTIFIED_BACKUP	106	.txt	74202dc09a3347400de94f86db7081b0c92ff6270bca74570c143aa53888e576
backups/phase14_11J5_B_independent_certified_20260812T084447Z/test-integrity.txt	CERTIFIED_BACKUP	147	.txt	a592a5ed47a73e6dfcbd416ad3ca5980a4265e896b67b967a33afe21357d06da
backups/phase14_11J5_real_recovery_certified_20260812T084348Z/PRODUCTION_SHA256SUMS	CERTIFIED_BACKUP	625		67c66ede487202868f42a3d9bf6219e192664f0616f2b0e5af553f87953b30f5
backups/phase14_11J5_real_recovery_certified_20260812T084348Z/RESULT.txt	CERTIFIED_BACKUP	776	.txt	59ee3a3ec095598ef9788c14ca9b2061a953fc363ce301f2ade3e85d8e88cc22
backups/phase14_11J5_real_recovery_certified_20260812T084348Z/SHA256SUMS	CERTIFIED_BACKUP	416		9030851ce86694b0af8793fba3a3eabc5955a9fa8af8d740eca9299ea20c341c
backups/phase14_11J5_real_recovery_certified_20260812T084348Z/TEST_SHA256SUMS	CERTIFIED_BACKUP	271		fc6b5fc4dad8472ee420e7445739af46bf5bf3dbb057361c024102586beb3663
backups/phase14_11J5_real_recovery_certified_20260812T084348Z/j5c4-real-stale-recovery.log	CERTIFIED_BACKUP	3973	.log	5f7d287267e352667f2e073026383349700a3972e9bf209e5fe2c557a284bc99
backups/phase14_11J5_real_recovery_certified_20260812T084348Z/j5c4.py	CERTIFIED_BACKUP	17397	.py	c682ea0b7c2c3bbd74e6393f86a44d332aaa0aed0535cac829663c2b0552a2d1
backups/phase14_11J6_A_integrated_real_small_certified_20260812T085401Z/ACTIVE_YAML_SHA256	CERTIFIED_BACKUP	65		4faa8a48d1b144869fc521891478322894ddbedfc0799c275b50c59e4276f2fc
backups/phase14_11J6_A_integrated_real_small_certified_20260812T085401Z/PRODUCTION_SHA256SUMS	CERTIFIED_BACKUP	625		67c66ede487202868f42a3d9bf6219e192664f0616f2b0e5af553f87953b30f5
backups/phase14_11J6_A_integrated_real_small_certified_20260812T085401Z/RESULT.txt	CERTIFIED_BACKUP	1270	.txt	a1455e4600c6acb9bb8333f9a4ee67a66d5021582dfc4aaf11106368d1d26aa0
backups/phase14_11J6_A_integrated_real_small_certified_20260812T085401Z/SHA256SUMS	CERTIFIED_BACKUP	1506		7dc47620edc2327fc5f44d8f085f6f3bf3126b3fe18eb93f2239625d23fa5976
backups/phase14_11J6_A_integrated_real_small_certified_20260812T085401Z/TEST_SHA256SUMS	CERTIFIED_BACKUP	1039		10a3c60299574a297478674abda4bcd85c8d5ce441191a2ebfb17c1945310530
backups/phase14_11J6_A_integrated_real_small_certified_20260812T085401Z/integration-regression.txt	CERTIFIED_BACKUP	4061	.txt	ceeb301f06ae443d9dbef48bac389d6de62321f38c8c772b05b02d7981845f20
backups/phase14_11J6_A_integrated_real_small_certified_20260812T085401Z/phase14_11J2_B_independent_certified_20260812T015719Z-CERTIFICATION.txt	CERTIFIED_BACKUP	1031	.txt	3a5ae27e487e7a099dd30e8cdd1c5209d221fa77321e3b494b81b109be11bce2
backups/phase14_11J6_A_integrated_real_small_certified_20260812T085401Z/phase14_11J2_B_independent_certified_20260812T015719Z-integrity.txt	CERTIFIED_BACKUP	295	.txt	a39005c18bb2293073dca11e79eecd7e7259bc014038a301d07774de1d2e496c
backups/phase14_11J6_A_integrated_real_small_certified_20260812T085401Z/phase14_11J3_B_independent_certified_20260812T020403Z-CERTIFICATION.txt	CERTIFIED_BACKUP	1197	.txt	fcd063546dc830fe074d0aa2e1a7530ee02bc7b55f048dd1243370a53d0c22e2
backups/phase14_11J6_A_integrated_real_small_certified_20260812T085401Z/phase14_11J3_B_independent_certified_20260812T020403Z-integrity.txt	CERTIFIED_BACKUP	295	.txt	f66de2e489539fe0024875800845cc77894d51c56893fc4272e76004c9f5c309
backups/phase14_11J6_A_integrated_real_small_certified_20260812T085401Z/phase14_11J4_B_independent_certified_20260812T021158Z-CERTIFICATION.txt	CERTIFIED_BACKUP	836	.txt	1a4b9f994fc05fd0f1bb9efd5c75c0afafcc3a624f285bcbc7ea2e62be740f57
backups/phase14_11J6_A_integrated_real_small_certified_20260812T085401Z/phase14_11J4_B_independent_certified_20260812T021158Z-integrity.txt	CERTIFIED_BACKUP	295	.txt	4f06ea312475ad0e34004f18ca05d14576343bc166e94366860b921a057263c2
backups/phase14_11J6_A_integrated_real_small_certified_20260812T085401Z/phase14_11J5_B_independent_certified_20260812T084447Z-RESULT.txt	CERTIFIED_BACKUP	617	.txt	a37d571f0870cf54d5740d2c8cb3e456cf721a9a589ee3b001a1d3b3467d8865
backups/phase14_11J6_A_integrated_real_small_certified_20260812T085401Z/phase14_11J5_B_independent_certified_20260812T084447Z-integrity.txt	CERTIFIED_BACKUP	267	.txt	2b05b6a12a22d3fe4118eabe4a0ea6669046b57a256f721bfae5fbfd981a5fee
backups/phase14_11J6_A_integrated_real_small_certified_20260812T090301Z/ACTIVE_YAML_SHA256	CERTIFIED_BACKUP	65		4faa8a48d1b144869fc521891478322894ddbedfc0799c275b50c59e4276f2fc
backups/phase14_11J6_A_integrated_real_small_certified_20260812T090301Z/PRODUCTION_SHA256SUMS	CERTIFIED_BACKUP	625		67c66ede487202868f42a3d9bf6219e192664f0616f2b0e5af553f87953b30f5
backups/phase14_11J6_A_integrated_real_small_certified_20260812T090301Z/RESULT.txt	CERTIFIED_BACKUP	1006	.txt	90c5d2412a3b35446a68696c00786dfa574570383a1833aaeaeaed0b14309794
backups/phase14_11J6_A_integrated_real_small_certified_20260812T090301Z/SHA256SUMS	CERTIFIED_BACKUP	1506		678e8f537e77c9623920d95b69b8a58a6af6a926c6b6b2ccee58563a23e8affe
backups/phase14_11J6_A_integrated_real_small_certified_20260812T090301Z/TEST_SHA256SUMS	CERTIFIED_BACKUP	1039		10a3c60299574a297478674abda4bcd85c8d5ce441191a2ebfb17c1945310530
backups/phase14_11J6_A_integrated_real_small_certified_20260812T090301Z/integration-regression.txt	CERTIFIED_BACKUP	4061	.txt	41cc2fe0849823ee5165cd6d5dcc915c6733eef0bb3101e7783329ae4876e880
backups/phase14_11J6_A_integrated_real_small_certified_20260812T090301Z/phase14_11J2_B_independent_certified_20260812T015719Z-CERTIFICATION.txt	CERTIFIED_BACKUP	1031	.txt	3a5ae27e487e7a099dd30e8cdd1c5209d221fa77321e3b494b81b109be11bce2
backups/phase14_11J6_A_integrated_real_small_certified_20260812T090301Z/phase14_11J2_B_independent_certified_20260812T015719Z-integrity.txt	CERTIFIED_BACKUP	120	.txt	e27226823591f7fb74f9e02ddaba539f8d1f974612ed20680f960ddb3b8ce4cd
backups/phase14_11J6_A_integrated_real_small_certified_20260812T090301Z/phase14_11J3_B_independent_certified_20260812T020403Z-CERTIFICATION.txt	CERTIFIED_BACKUP	1197	.txt	fcd063546dc830fe074d0aa2e1a7530ee02bc7b55f048dd1243370a53d0c22e2
backups/phase14_11J6_A_integrated_real_small_certified_20260812T090301Z/phase14_11J3_B_independent_certified_20260812T020403Z-integrity.txt	CERTIFIED_BACKUP	120	.txt	0fef9e12a8d26ccec8b6990c9c86537e7ada1d1dfe62e2912952e083820b6a3c
backups/phase14_11J6_A_integrated_real_small_certified_20260812T090301Z/phase14_11J4_B_independent_certified_20260812T021158Z-CERTIFICATION.txt	CERTIFIED_BACKUP	836	.txt	1a4b9f994fc05fd0f1bb9efd5c75c0afafcc3a624f285bcbc7ea2e62be740f57
backups/phase14_11J6_A_integrated_real_small_certified_20260812T090301Z/phase14_11J4_B_independent_certified_20260812T021158Z-integrity.txt	CERTIFIED_BACKUP	120	.txt	b4e2e3359cb45d8f46d7b349ec9f24d8c56fd04e8ac62c6688e7e91e7d97ac3a
backups/phase14_11J6_A_integrated_real_small_certified_20260812T090301Z/phase14_11J5_B_independent_certified_20260812T084447Z-RESULT.txt	CERTIFIED_BACKUP	617	.txt	a37d571f0870cf54d5740d2c8cb3e456cf721a9a589ee3b001a1d3b3467d8865
backups/phase14_11J6_A_integrated_real_small_certified_20260812T090301Z/phase14_11J5_B_independent_certified_20260812T084447Z-integrity.txt	CERTIFIED_BACKUP	492	.txt	a13e2dd1fe6b5fe914ec2bc00bbc7b1a877fb184f422ce3d5f3ccdb1be080f63
backups/phase14_11J6_B_independent_certified_20260812T090435Z/ACTIVE_YAML_SHA256	CERTIFIED_BACKUP	65		4faa8a48d1b144869fc521891478322894ddbedfc0799c275b50c59e4276f2fc
backups/phase14_11J6_B_independent_certified_20260812T090435Z/A_RESULT.txt	CERTIFIED_BACKUP	1006	.txt	90c5d2412a3b35446a68696c00786dfa574570383a1833aaeaeaed0b14309794
backups/phase14_11J6_B_independent_certified_20260812T090435Z/PRODUCTION_SHA256SUMS	CERTIFIED_BACKUP	625		67c66ede487202868f42a3d9bf6219e192664f0616f2b0e5af553f87953b30f5
backups/phase14_11J6_B_independent_certified_20260812T090435Z/RESULT.txt	CERTIFIED_BACKUP	704	.txt	a46d275e612d35e736126dee90f39585d4b7e9c1fd0ca6abce7b42a465dc2d75
backups/phase14_11J6_B_independent_certified_20260812T090435Z/SHA256SUMS	CERTIFIED_BACKUP	422		55651b4ed7c51ba111625a275fb054e15eed916951a4db2c373831dfc6b92ff6
backups/phase14_11J6_B_independent_certified_20260812T090435Z/independent-regression.txt	CERTIFIED_BACKUP	4061	.txt	ceeb301f06ae443d9dbef48bac389d6de62321f38c8c772b05b02d7981845f20
backups/phase14_11J6_integrated_real_small_certified_20260812T084618Z/integration-regression.txt	CERTIFIED_BACKUP	833	.txt	3dfb0f961fb32ddc7549c74de2c1755cfdd935b82aa2a9c56ce0a44f09f6ccf4
backups/phase14_11J6_integrated_real_small_certified_20260812T084618Z/phase14_11J2_B_independent_certified_20260812T015719Z-integrity.txt	CERTIFIED_BACKUP	295	.txt	994b44553dec0aa955727722d0ece660e1708203ce1cfb56e06fd50dada1fdaf
backups/phase14_11J6_integrated_real_small_certified_20260812T084618Z/phase14_11J3_B_independent_certified_20260812T020403Z-integrity.txt	CERTIFIED_BACKUP	295	.txt	ebbc7e497f2df61dc7f794b3f5e9542aabd95a1995afa51be0e58b59cb37d644
backups/phase14_11J6_integrated_real_small_certified_20260812T084618Z/phase14_11J4_B_independent_certified_20260812T021158Z-integrity.txt	CERTIFIED_BACKUP	295	.txt	d9d5d12c221f24bdd1644fab3eb20501a72881c07399af6b5ecb49fb0668a887
backups/phase14_11J6_integrated_real_small_certified_20260812T084618Z/phase14_11J5_B_independent_certified_20260812T084447Z-RESULT.txt	CERTIFIED_BACKUP	617	.txt	a37d571f0870cf54d5740d2c8cb3e456cf721a9a589ee3b001a1d3b3467d8865
backups/phase14_11J6_integrated_real_small_certified_20260812T084618Z/phase14_11J5_B_independent_certified_20260812T084447Z-integrity.txt	CERTIFIED_BACKUP	267	.txt	2b05b6a12a22d3fe4118eabe4a0ea6669046b57a256f721bfae5fbfd981a5fee
backups/phase14_11J6_integrated_real_small_certified_20260812T084628Z/integration-regression.txt	CERTIFIED_BACKUP	833	.txt	3dfb0f961fb32ddc7549c74de2c1755cfdd935b82aa2a9c56ce0a44f09f6ccf4
backups/phase14_11J6_integrated_real_small_certified_20260812T084628Z/phase14_11J2_B_independent_certified_20260812T015719Z-integrity.txt	CERTIFIED_BACKUP	295	.txt	994b44553dec0aa955727722d0ece660e1708203ce1cfb56e06fd50dada1fdaf
backups/phase14_11J6_integrated_real_small_certified_20260812T084628Z/phase14_11J3_B_independent_certified_20260812T020403Z-integrity.txt	CERTIFIED_BACKUP	295	.txt	ebbc7e497f2df61dc7f794b3f5e9542aabd95a1995afa51be0e58b59cb37d644
backups/phase14_11J6_integrated_real_small_certified_20260812T084628Z/phase14_11J4_B_independent_certified_20260812T021158Z-integrity.txt	CERTIFIED_BACKUP	295	.txt	d9d5d12c221f24bdd1644fab3eb20501a72881c07399af6b5ecb49fb0668a887
backups/phase14_11J6_integrated_real_small_certified_20260812T084628Z/phase14_11J5_B_independent_certified_20260812T084447Z-RESULT.txt	CERTIFIED_BACKUP	617	.txt	a37d571f0870cf54d5740d2c8cb3e456cf721a9a589ee3b001a1d3b3467d8865
backups/phase14_11J6_integrated_real_small_certified_20260812T084628Z/phase14_11J5_B_independent_certified_20260812T084447Z-integrity.txt	CERTIFIED_BACKUP	267	.txt	2b05b6a12a22d3fe4118eabe4a0ea6669046b57a256f721bfae5fbfd981a5fee
backups/phase14_11J6_integrated_real_small_certified_20260812T084644Z/integration-regression.txt	CERTIFIED_BACKUP	833	.txt	3dfb0f961fb32ddc7549c74de2c1755cfdd935b82aa2a9c56ce0a44f09f6ccf4
backups/phase14_11J6_integrated_real_small_certified_20260812T084644Z/phase14_11J2_B_independent_certified_20260812T015719Z-integrity.txt	CERTIFIED_BACKUP	295	.txt	994b44553dec0aa955727722d0ece660e1708203ce1cfb56e06fd50dada1fdaf
backups/phase14_11J6_integrated_real_small_certified_20260812T084644Z/phase14_11J3_B_independent_certified_20260812T020403Z-integrity.txt	CERTIFIED_BACKUP	295	.txt	ebbc7e497f2df61dc7f794b3f5e9542aabd95a1995afa51be0e58b59cb37d644
backups/phase14_11J6_integrated_real_small_certified_20260812T084644Z/phase14_11J4_B_independent_certified_20260812T021158Z-integrity.txt	CERTIFIED_BACKUP	295	.txt	d9d5d12c221f24bdd1644fab3eb20501a72881c07399af6b5ecb49fb0668a887
backups/phase14_11J6_integrated_real_small_certified_20260812T084644Z/phase14_11J5_B_independent_certified_20260812T084447Z-RESULT.txt	CERTIFIED_BACKUP	617	.txt	a37d571f0870cf54d5740d2c8cb3e456cf721a9a589ee3b001a1d3b3467d8865
backups/phase14_11J6_integrated_real_small_certified_20260812T084644Z/phase14_11J5_B_independent_certified_20260812T084447Z-integrity.txt	CERTIFIED_BACKUP	267	.txt	2b05b6a12a22d3fe4118eabe4a0ea6669046b57a256f721bfae5fbfd981a5fee
backups/phase14_11J7_final_certified_20260812T090615Z/ACTIVE_YAML_SHA256	CERTIFIED_BACKUP	65		4faa8a48d1b144869fc521891478322894ddbedfc0799c275b50c59e4276f2fc
backups/phase14_11J7_final_certified_20260812T090615Z/PRODUCTION_SHA256SUMS	CERTIFIED_BACKUP	625		67c66ede487202868f42a3d9bf6219e192664f0616f2b0e5af553f87953b30f5
backups/phase14_11J7_final_certified_20260812T090615Z/RESULT.txt	CERTIFIED_BACKUP	951	.txt	2b15886918655107eb42580f3d389b586decda43808ca264be5ca1da64246b4d
backups/phase14_11J7_final_certified_20260812T090615Z/SHA256SUMS	CERTIFIED_BACKUP	1016		119027b2eed830fd0463080c075801da375cc5060a898beedeadfcaff2d5c191
backups/phase14_11J7_final_certified_20260812T090615Z/SOURCE_CERTIFICATES.txt	CERTIFIED_BACKUP	370	.txt	af746f0acb1bf3e68be93034d7343a587109dfc0ea4f9a305294de1593e403e5
backups/phase14_11J7_final_certified_20260812T090615Z/phase14_11J2_B_independent_certified_20260812T015719Z-CERTIFICATION.txt	CERTIFIED_BACKUP	1031	.txt	3a5ae27e487e7a099dd30e8cdd1c5209d221fa77321e3b494b81b109be11bce2
backups/phase14_11J7_final_certified_20260812T090615Z/phase14_11J3_B_independent_certified_20260812T020403Z-CERTIFICATION.txt	CERTIFIED_BACKUP	1197	.txt	fcd063546dc830fe074d0aa2e1a7530ee02bc7b55f048dd1243370a53d0c22e2
backups/phase14_11J7_final_certified_20260812T090615Z/phase14_11J4_B_independent_certified_20260812T021158Z-CERTIFICATION.txt	CERTIFIED_BACKUP	836	.txt	1a4b9f994fc05fd0f1bb9efd5c75c0afafcc3a624f285bcbc7ea2e62be740f57
backups/phase14_11J7_final_certified_20260812T090615Z/phase14_11J5_B_independent_certified_20260812T084447Z-RESULT.txt	CERTIFIED_BACKUP	617	.txt	a37d571f0870cf54d5740d2c8cb3e456cf721a9a589ee3b001a1d3b3467d8865
backups/phase14_11J7_final_certified_20260812T090615Z/phase14_11J6_B_independent_certified_20260812T090435Z-RESULT.txt	CERTIFIED_BACKUP	704	.txt	a46d275e612d35e736126dee90f39585d4b7e9c1fd0ca6abce7b42a465dc2d75
backups/phase14_11K1_B_independent_certified_20260812T105820Z/CERTIFICATION.txt	CERTIFIED_BACKUP	1543	.txt	9607685f91e4fc46c33c8e490f993573dbe72563c830273e1116bbaed09f8d72
backups/phase14_11K1_B_independent_certified_20260812T105820Z/PRODUCTION_SHA256.txt	CERTIFIED_BACKUP	721	.txt	979426b1a4c4b15ab871f171e05cfb6036f91ae9e708967351fe12934b923cc6
backups/phase14_11K1_B_independent_certified_20260812T105820Z/RUNTIME_OBSERVATION.txt	CERTIFIED_BACKUP	137	.txt	898f94606de3d5be24d8192365ea7902aef76d5b21a62652c35a518ec7300a04
backups/phase14_11K1_B_independent_certified_20260812T105820Z/SHA256SUMS	CERTIFIED_BACKUP	268		94c06e1c34b4e03f4fe6e8eb9452405bb65a8c57f24e131d0dae2c9cd570ade4
backups/phase14_11K1_big_binding_certified_20260812T104656Z/ACTIVE_YAML_SHA256	CERTIFIED_BACKUP	65		4faa8a48d1b144869fc521891478322894ddbedfc0799c275b50c59e4276f2fc
backups/phase14_11K1_big_binding_certified_20260812T104656Z/BINDINGS.yaml	CERTIFIED_BACKUP	162	.yaml	74110afd51de7ceddd02948d0430b0f9f1b5443a6eaaaa0b8a6e4164a52b0583
backups/phase14_11K1_big_binding_certified_20260812T104656Z/LLAMA_SERVER_PROCESSES.txt	CERTIFIED_BACKUP	1	.txt	01ba4719c80b6fe911b091a7c05124b64eeece964e09c058ef8f9805daca546b
backups/phase14_11K1_big_binding_certified_20260812T104656Z/OLLAMA_PS.txt	CERTIFIED_BACKUP	53	.txt	e3bd0fe8f9ac39f92c095af0d4c5e8d3277a83f56cba6a9bafe00cef52061584
backups/phase14_11K1_big_binding_certified_20260812T104656Z/PRODUCTION_SHA256SUMS	CERTIFIED_BACKUP	625		67c66ede487202868f42a3d9bf6219e192664f0616f2b0e5af553f87953b30f5
backups/phase14_11K1_big_binding_certified_20260812T104656Z/RESULT.txt	CERTIFIED_BACKUP	716	.txt	52eaabfa6abcc92474f6b10233026abb21dc431e80b4dbbb001dff692206c840
backups/phase14_11K1_big_binding_certified_20260812T104656Z/SHA256SUMS	CERTIFIED_BACKUP	503		fd40f2f7120b598d391eede2ebdd9f8b0de30b8e9d3d7174ba32bf6ca077ac9f
backups/phase14_11K6_zero_side_effect_certified_20260812T111048Z/HERMES_SERVICE.txt	CERTIFIED_BACKUP	48	.txt	936dbefb1803e3f778d170562a80210e0e50aa9acd91eeaeb1ac610978d1ed79
backups/phase14_11K6_zero_side_effect_certified_20260812T111048Z/LLAMA_SERVER_PROCESSES.txt	CERTIFIED_BACKUP	1	.txt	01ba4719c80b6fe911b091a7c05124b64eeece964e09c058ef8f9805daca546b
backups/phase14_11K6_zero_side_effect_certified_20260812T111048Z/OLLAMA_PS.txt	CERTIFIED_BACKUP	53	.txt	e3bd0fe8f9ac39f92c095af0d4c5e8d3277a83f56cba6a9bafe00cef52061584
backups/phase14_11K6_zero_side_effect_certified_20260812T111048Z/PRODUCTION_SHA256SUMS	CERTIFIED_BACKUP	625		67c66ede487202868f42a3d9bf6219e192664f0616f2b0e5af553f87953b30f5
backups/phase14_11K6_zero_side_effect_certified_20260812T111048Z/RESULT.txt	CERTIFIED_BACKUP	777	.txt	bcc553815b2a7d12501a0a0ff796e7a12cccddd58d2f2ce898210be15d6cc546
backups/phase14_11K6_zero_side_effect_certified_20260812T111048Z/RUNTIME_SOCKETS.txt	CERTIFIED_BACKUP	1	.txt	01ba4719c80b6fe911b091a7c05124b64eeece964e09c058ef8f9805daca546b
backups/phase14_11K6_zero_side_effect_certified_20260812T111048Z/SHA256SUMS	CERTIFIED_BACKUP	509		52c4116f7188c580853fa542da023d16ff675c0ea247900f653e32aaa7b6e52f
backups/phase14_11K7_A_integrated_certified_20260812T111249Z/ACTIVE_YAML_SHA256	CERTIFIED_BACKUP	65		4faa8a48d1b144869fc521891478322894ddbedfc0799c275b50c59e4276f2fc
backups/phase14_11K7_A_integrated_certified_20260812T111249Z/K5B_STRUCTURAL.txt	CERTIFIED_BACKUP	447	.txt	665bbb4844a552bcfd507dfa38b006864dacccac03e381d57ecd60eb191d3962
backups/phase14_11K7_A_integrated_certified_20260812T111249Z/LLAMA_SERVER.txt	CERTIFIED_BACKUP	1	.txt	01ba4719c80b6fe911b091a7c05124b64eeece964e09c058ef8f9805daca546b
backups/phase14_11K7_A_integrated_certified_20260812T111249Z/OLLAMA_PS.txt	CERTIFIED_BACKUP	53	.txt	e3bd0fe8f9ac39f92c095af0d4c5e8d3277a83f56cba6a9bafe00cef52061584
backups/phase14_11K7_A_integrated_certified_20260812T111249Z/PRODUCTION_SHA256SUMS	CERTIFIED_BACKUP	625		67c66ede487202868f42a3d9bf6219e192664f0616f2b0e5af553f87953b30f5
backups/phase14_11K7_A_integrated_certified_20260812T111249Z/REGRESSION.txt	CERTIFIED_BACKUP	1546	.txt	be37b074a7b648b43b2c83cd4bf2dd8a8321a7328037a0c3197a714244bcd0b8
backups/phase14_11K7_A_integrated_certified_20260812T111249Z/RESULT.txt	CERTIFIED_BACKUP	1080	.txt	0cff26a1ea9f220c2c217cd605bffe2d3556ab21aff29cc63c333faecaf98e47
backups/phase14_11K7_A_integrated_certified_20260812T111249Z/SHA256SUMS	CERTIFIED_BACKUP	661		95a262dc6827ea73aa9a9b29c89430aa4f555eb148169d4a119465108abc4177
backups/phase14_11K7_A_integrated_certified_20260812T111249Z/TEST_SHA256SUMS	CERTIFIED_BACKUP	589		bb507bb8646a31b637483e6f19a6adce3a09b235f53df7eda605cc89aaa5e4a2
backups/phase14_11K7_B_independent_certified_20260812T112930Z/CERTIFICATION.txt	CERTIFIED_BACKUP	2005	.txt	09fb08f7bb013b5c3964399d693222dd13e4c80eac2c708969bdbe7f7ac1efd2
backups/phase14_11K7_B_independent_certified_20260812T112930Z/PRODUCTION_SHA256.txt	CERTIFIED_BACKUP	721	.txt	979426b1a4c4b15ab871f171e05cfb6036f91ae9e708967351fe12934b923cc6
backups/phase14_11K7_B_independent_certified_20260812T112930Z/RUNTIME_AFTER.txt	CERTIFIED_BACKUP	137	.txt	898f94606de3d5be24d8192365ea7902aef76d5b21a62652c35a518ec7300a04
backups/phase14_11K7_B_independent_certified_20260812T112930Z/RUNTIME_BEFORE.txt	CERTIFIED_BACKUP	137	.txt	898f94606de3d5be24d8192365ea7902aef76d5b21a62652c35a518ec7300a04
backups/phase14_11K7_B_independent_certified_20260812T112930Z/SHA256SUMS	CERTIFIED_BACKUP	518		be57f39b94dec010499cd304f1713b6e20e23faa1c1c48bfdeed662966a72a69
backups/phase14_11K7_B_independent_certified_20260812T112930Z/TEST_RESULTS.txt	CERTIFIED_BACKUP	1449	.txt	a5285d736b7659860d0d78be90388983513a02bb8a4fed7899f76ab2828ce737
backups/phase14_11K7_B_independent_certified_20260812T112930Z/TEST_SHA256.txt	CERTIFIED_BACKUP	494	.txt	b59fc8db55706278780eae15f0b6a837465815520a5d4deaa8baa4d691a06d7f
backups/phase14_11K8_final_attempt_20260812T113241Z/ACTIVE_YAML_SHA256	HISTORICAL_BACKUP	65		4faa8a48d1b144869fc521891478322894ddbedfc0799c275b50c59e4276f2fc
backups/phase14_11K8_final_attempt_20260812T113241Z/CERTIFICATE_CHAIN.txt	HISTORICAL_BACKUP	688	.txt	01f8a49932837e5ecaf174e18700b7272e7f4bb29db730886b180949d30b5e94
backups/phase14_11K8_final_attempt_20260812T113241Z/PRODUCTION_SHA256SUMS	HISTORICAL_BACKUP	625		67c66ede487202868f42a3d9bf6219e192664f0616f2b0e5af553f87953b30f5
backups/phase14_11K8_final_attempt_20260812T113241Z/RESULT.txt	HISTORICAL_BACKUP	1422	.txt	42bb30c024a746b7129bbd1c95bf8c1f55b8a2aa7ec34c30d3d5eca6874118dc
backups/phase14_11K8_final_attempt_20260812T113241Z/SHA256SUMS	HISTORICAL_BACKUP	338		47daf45a1d5de96595b3ec336aff2dbee070fdaca94f3a240ef5d01e8f117292
backups/phase14_11K8_final_attempt_20260812T113252Z/ACTIVE_YAML_SHA256	HISTORICAL_BACKUP	65		4faa8a48d1b144869fc521891478322894ddbedfc0799c275b50c59e4276f2fc
backups/phase14_11K8_final_attempt_20260812T113252Z/CERTIFICATE_CHAIN.txt	HISTORICAL_BACKUP	688	.txt	01f8a49932837e5ecaf174e18700b7272e7f4bb29db730886b180949d30b5e94
backups/phase14_11K8_final_attempt_20260812T113252Z/PRODUCTION_SHA256SUMS	HISTORICAL_BACKUP	625		67c66ede487202868f42a3d9bf6219e192664f0616f2b0e5af553f87953b30f5
backups/phase14_11K8_final_attempt_20260812T113252Z/RESULT.txt	HISTORICAL_BACKUP	1422	.txt	42bb30c024a746b7129bbd1c95bf8c1f55b8a2aa7ec34c30d3d5eca6874118dc
backups/phase14_11K8_final_attempt_20260812T113252Z/SHA256SUMS	HISTORICAL_BACKUP	338		47daf45a1d5de96595b3ec336aff2dbee070fdaca94f3a240ef5d01e8f117292
backups/phase14_11K8_final_attempt_20260812T113322Z/ACTIVE_YAML_SHA256	HISTORICAL_BACKUP	65		4faa8a48d1b144869fc521891478322894ddbedfc0799c275b50c59e4276f2fc
backups/phase14_11K8_final_attempt_20260812T113322Z/CERTIFICATE_CHAIN.txt	HISTORICAL_BACKUP	688	.txt	01f8a49932837e5ecaf174e18700b7272e7f4bb29db730886b180949d30b5e94
backups/phase14_11K8_final_attempt_20260812T113322Z/PRODUCTION_SHA256SUMS	HISTORICAL_BACKUP	625		67c66ede487202868f42a3d9bf6219e192664f0616f2b0e5af553f87953b30f5
backups/phase14_11K8_final_attempt_20260812T113322Z/RESULT.txt	HISTORICAL_BACKUP	1422	.txt	42bb30c024a746b7129bbd1c95bf8c1f55b8a2aa7ec34c30d3d5eca6874118dc
backups/phase14_11K8_final_attempt_20260812T113322Z/SHA256SUMS	HISTORICAL_BACKUP	338		47daf45a1d5de96595b3ec336aff2dbee070fdaca94f3a240ef5d01e8f117292
backups/phase14_11K8_final_attempt_20260812T113546Z/ACTIVE_YAML_SHA256	HISTORICAL_BACKUP	65		4faa8a48d1b144869fc521891478322894ddbedfc0799c275b50c59e4276f2fc
backups/phase14_11K8_final_attempt_20260812T113546Z/CERTIFICATE_CHAIN.txt	HISTORICAL_BACKUP	688	.txt	01f8a49932837e5ecaf174e18700b7272e7f4bb29db730886b180949d30b5e94
backups/phase14_11K8_final_attempt_20260812T113546Z/PRODUCTION_SHA256SUMS	HISTORICAL_BACKUP	625		67c66ede487202868f42a3d9bf6219e192664f0616f2b0e5af553f87953b30f5
backups/phase14_11K8_final_attempt_20260812T113546Z/RESULT.txt	HISTORICAL_BACKUP	1454	.txt	c2ae12d727c07c89ff58c1e8745d01565bb7ca4d0002a9939577e9ebc07618c1
backups/phase14_11K8_final_attempt_20260812T113546Z/SHA256SUMS	HISTORICAL_BACKUP	338		323e4ed195af14b896dd97ab7c40820ec02a8253c8a32ed67e8aeacba0a64135
backups/phase14_11K8_final_certified_20260812T113747Z/ACTIVE_YAML_SHA256	CERTIFIED_BACKUP	65		4faa8a48d1b144869fc521891478322894ddbedfc0799c275b50c59e4276f2fc
backups/phase14_11K8_final_certified_20260812T113747Z/CERTIFICATE_CHAIN.txt	CERTIFIED_BACKUP	688	.txt	01f8a49932837e5ecaf174e18700b7272e7f4bb29db730886b180949d30b5e94
backups/phase14_11K8_final_certified_20260812T113747Z/PRODUCTION_SHA256SUMS	CERTIFIED_BACKUP	625		67c66ede487202868f42a3d9bf6219e192664f0616f2b0e5af553f87953b30f5
backups/phase14_11K8_final_certified_20260812T113747Z/RESULT.txt	CERTIFIED_BACKUP	1411	.txt	7579b14a0d2610685a4a9c6cec2673b6dfa865fa628cf6d1ad439a361f173d9f
backups/phase14_11K8_final_certified_20260812T113747Z/SHA256SUMS	CERTIFIED_BACKUP	338		1d5d4d6f2f995a61ad04b7dc3bd9217f72c113334d5f04bc6729242d38ad6e30
backups/phase14_11L0_foundation_attempt_20260812T112625Z/ARTIFACT_SHA256SUMS	HISTORICAL_BACKUP	333		6b94c2b039b800014e23a1e75e4391dea5742b450c11059f0e7e408649399ffe
backups/phase14_11L0_foundation_attempt_20260812T112625Z/ENVIRONMENT.json	HISTORICAL_BACKUP	337	.json	7979238d464220230393c7052592897a667f555a7c3790ede0a5d80631d6ca89
backups/phase14_11L0_foundation_attempt_20260812T112625Z/RESULT.txt	HISTORICAL_BACKUP	878	.txt	7be4ccbbc4afb4793274a9354eda9a63782e6be0e71d4416d4cc6fd8e17d207d
backups/phase14_11L0_foundation_attempt_20260812T112625Z/SHA256SUMS	HISTORICAL_BACKUP	322		6279f93d8b701484ef6749f14564576d0b9721a0c3f6d7cd0df8e8d28404b6a0
backups/phase14_11L0_foundation_attempt_20260812T112625Z/TESTS.txt	HISTORICAL_BACKUP	1695	.txt	b0ffbc99b29a5d713e24829bb6bfa435b6b55fc67813e56251881bc2ab55a3b1
backups/phase14_11L0_foundation_certified_20260812T112730Z/ARTIFACT_SHA256SUMS	CERTIFIED_BACKUP	333		6b94c2b039b800014e23a1e75e4391dea5742b450c11059f0e7e408649399ffe
backups/phase14_11L0_foundation_certified_20260812T112730Z/ENVIRONMENT.json	CERTIFIED_BACKUP	337	.json	2f217381f658a8b62c5595a836212f5328f5f9a6c3ba22d9c5e287ab21ea5f20
backups/phase14_11L0_foundation_certified_20260812T112730Z/RESULT.txt	CERTIFIED_BACKUP	785	.txt	acf99e57b639c439fbf2ee089b3b047fc85cae5b5a35ae990c547c5b6a956908
backups/phase14_11L0_foundation_certified_20260812T112730Z/SHA256SUMS	CERTIFIED_BACKUP	322		ffd18ca0ea9a0f18b529da1bc535afc023f4f16209629c264ed3124a3ec45d02
backups/phase14_11L0_foundation_certified_20260812T112730Z/TESTS.txt	CERTIFIED_BACKUP	1695	.txt	b0ffbc99b29a5d713e24829bb6bfa435b6b55fc67813e56251881bc2ab55a3b1
backups/phase14_11L10_A_sustained_certified_20260813T033046Z/CERTIFICATION.md	CERTIFIED_BACKUP	1571	.md	fa59a3501e679fb547c56fae7fc1fd4c372e872ea4948cf87ac1cd217eed0a86
backups/phase14_11L10_A_sustained_certified_20260813T033046Z/MANIFEST.sha256	CERTIFIED_BACKUP	936	.sha256	3dccc25349079a1dc2ce79f9be5f66506e0c1f9eed3b59ebe4a10152378736e0
backups/phase14_11L10_A_sustained_certified_20260813T033046Z/benchmarks/l10_sustained_session_raw.json	CERTIFIED_BACKUP	15787	.json	e592c4ff7fa339b18a977cd1da0412a74035caee6c8f16a403f1b51a0697f6f7
backups/phase14_11L10_A_sustained_certified_20260813T033046Z/benchmarks/l10_sustained_session_summary.json	CERTIFIED_BACKUP	3977	.json	99884aff29cba88c8057f916b83b6dad537aa26a29e850737ca471942454fd46
backups/phase14_11L10_A_sustained_certified_20260813T033046Z/certification/analyze_sustained_session.py	CERTIFIED_BACKUP	22509	.py	7a9a5800159f63791108bf77fa7c95467c1fa8190dab7164829fe889d035ad9d
backups/phase14_11L10_A_sustained_certified_20260813T033046Z/certification/sustained_session_benchmark.py	CERTIFIED_BACKUP	22621	.py	f2397758642dd7c51c2240608df4846dfc8ee80258abf11619e392fa34a3bed4
backups/phase14_11L10_A_sustained_certified_20260813T033046Z/source_snapshots/hermes.py	CERTIFIED_BACKUP	49088	.py	a09949eead5cb9772aca312c91630703c7ff8ce43df778730279445b25635084
backups/phase14_11L10_A_sustained_certified_20260813T033046Z/source_snapshots/l4_reuse_trial1.py	CERTIFIED_BACKUP	10461	.py	ce343935d5c8078d3c9f802609d662a2650f9a4e269b1f209967f3aac7a5d9dd
backups/phase14_11L10_A_sustained_certified_20260813T033046Z/source_snapshots/live_providers.py	CERTIFIED_BACKUP	7145	.py	40b49375dbe014b27b6fc5696bccf74274864e42953c473b42ffe10a3c552299
backups/phase14_11L10_A_sustained_certified_20260813T033046Z/source_snapshots/task_session.py	CERTIFIED_BACKUP	359191	.py	d666cb1471b568bf43db4255f5e84e98c1ea502af467e1e2670e4a93dc364991
backups/phase14_11L10_B_independent_certified_20260813T033550Z/CERTIFICATION.md	CERTIFIED_BACKUP	1528	.md	3a1f2ecb7929c7eba269ef99acdab314a45208256890b936a575506a17a95b01
backups/phase14_11L10_B_independent_certified_20260813T033550Z/MANIFEST.sha256	CERTIFIED_BACKUP	593	.sha256	1320e8271b1e130903049802fa51713cd889be433b7ca0f15e3f4b6a67327830
backups/phase14_11L10_B_independent_certified_20260813T033550Z/a_anchor/A_CERTIFICATION.md	CERTIFIED_BACKUP	1571	.md	fa59a3501e679fb547c56fae7fc1fd4c372e872ea4948cf87ac1cd217eed0a86
backups/phase14_11L10_B_independent_certified_20260813T033550Z/a_anchor/A_MANIFEST.sha256	CERTIFIED_BACKUP	936	.sha256	3dccc25349079a1dc2ce79f9be5f66506e0c1f9eed3b59ebe4a10152378736e0
backups/phase14_11L10_B_independent_certified_20260813T033550Z/a_anchor/A_SUSTAINED_SUMMARY.json	CERTIFIED_BACKUP	3977	.json	99884aff29cba88c8057f916b83b6dad537aa26a29e850737ca471942454fd46
backups/phase14_11L10_B_independent_certified_20260813T033550Z/certification/independent_certify.py	CERTIFIED_BACKUP	29864	.py	269bbaedcd63842d8be223b0c84b52a9e22232cc89822bc3e75ff47591615264
backups/phase14_11L10_B_independent_certified_20260813T033550Z/report/l10_independent_certification.json	CERTIFIED_BACKUP	3645	.json	a849302391fd5d91159b1c9409b80e3f1f5ac11108eaaf46145cc8fa83365e84
backups/phase14_11L1_B_independent_certified_20260812T122013Z/ARTIFACT_SHA256.txt	CERTIFIED_BACKUP	384	.txt	9621637709596dd3a87f106e27bdd7e45ffb21c7016051a49b089d1e01622a32
backups/phase14_11L1_B_independent_certified_20260812T122013Z/CERTIFICATION.txt	CERTIFIED_BACKUP	2142	.txt	cf94972c358ac96b5deab3a07ff35c190c74fdd7a908d75bb6d34acf50f03a02
backups/phase14_11L1_B_independent_certified_20260812T122013Z/PRODUCTION_SHA256.txt	CERTIFIED_BACKUP	721	.txt	979426b1a4c4b15ab871f171e05cfb6036f91ae9e708967351fe12934b923cc6
backups/phase14_11L1_B_independent_certified_20260812T122013Z/RECOMPUTED_STATS.json	CERTIFIED_BACKUP	412	.json	807746da0f2079ea8600aa4dab842bd7162de4f903648fffbaee5b0e9a04f67a
backups/phase14_11L1_B_independent_certified_20260812T122013Z/SHA256SUMS	CERTIFIED_BACKUP	354		0d4d6b6658e3f0b80bc8c8dbfc569ef7d9210fdbf3d5ac08b1af034e99f457e2
backups/phase14_11L2_A_cold_small_certified_20260812T122635Z/ACTIVE_YAML_SHA256.txt	CERTIFIED_BACKUP	65	.txt	4faa8a48d1b144869fc521891478322894ddbedfc0799c275b50c59e4276f2fc
backups/phase14_11L2_A_cold_small_certified_20260812T122635Z/PRODUCTION_SHA256.txt	CERTIFIED_BACKUP	625	.txt	67c66ede487202868f42a3d9bf6219e192664f0616f2b0e5af553f87953b30f5
backups/phase14_11L2_A_cold_small_certified_20260812T122635Z/RESULT.txt	CERTIFIED_BACKUP	648	.txt	8d08c9c2859fc86c0c3e18a1b05144cdbe02e140806e0824020bc7a6acadc937
backups/phase14_11L2_A_cold_small_certified_20260812T122635Z/SHA256SUMS	CERTIFIED_BACKUP	411		d4cb2ff5b3b70cda40c786be6040063ade6f02ff021d917a0434a5acd802a8f1
backups/phase14_11L2_A_cold_small_certified_20260812T122635Z/SUMMARY.json	CERTIFIED_BACKUP	411	.json	984db2ed6d9a1b7fa8b6d18e38e20cb53bbe02b86e51b4f0a750ce200f0b4c98
backups/phase14_11L2_A_cold_small_certified_20260812T122635Z/TRIALS.json	CERTIFIED_BACKUP	960	.json	d9e07d0105769b99b1d3596956b67fa0a58013553bf47ed7bf725441718b421d
backups/phase14_11L2_B_independent_certified_20260812T123909Z/ARTIFACT_SHA256.txt	CERTIFIED_BACKUP	656	.txt	a06434065992408c5a988dfe1525b3a255c982246cc1274c674c0b1d7bb8c227
backups/phase14_11L2_B_independent_certified_20260812T123909Z/CERTIFICATION.txt	CERTIFIED_BACKUP	3238	.txt	0aa1ab1bfb3660ce1c19f6f2986f583d948b9da7e9158c03f256d48f0ec7b220
backups/phase14_11L2_B_independent_certified_20260812T123909Z/PREPARED_CERTIFIER_OUTPUT.txt	CERTIFIED_BACKUP	4704	.txt	c9f44a8b43d827e8990ff7b2b6acd24a36e3c96b37043280124ecc72bda4fccb
backups/phase14_11L2_B_independent_certified_20260812T123909Z/PRODUCTION_SHA256.txt	CERTIFIED_BACKUP	721	.txt	979426b1a4c4b15ab871f171e05cfb6036f91ae9e708967351fe12934b923cc6
backups/phase14_11L2_B_independent_certified_20260812T123909Z/RECOMPUTED_STATS.json	CERTIFIED_BACKUP	1487	.json	3f289bb8834745907abddae40e5c85dbcfb30e9574a5da3ec2f63cc5c5d63f4f
backups/phase14_11L2_B_independent_certified_20260812T123909Z/SHA256SUMS	CERTIFIED_BACKUP	452		4ef232b340b2708ce3f70d39fbbdd499705970a46c359ac87826bad444db8ea2
backups/phase14_11L2_trial1_B_readonly_audited_20260812T122214Z/AUDIT.txt	HISTORICAL_BACKUP	1361	.txt	3d27ece1b693d628fd7fbc998155d72dfe35ebc7c851f3bdc19a7f3628b1032b
backups/phase14_11L2_trial1_B_readonly_audited_20260812T122214Z/PRODUCTION_SHA256.txt	HISTORICAL_BACKUP	721	.txt	979426b1a4c4b15ab871f171e05cfb6036f91ae9e708967351fe12934b923cc6
backups/phase14_11L2_trial1_B_readonly_audited_20260812T122214Z/SHA256SUMS	HISTORICAL_BACKUP	254		18365b827e428b515d7ef163a389a529b59d755f4bf0e6b5ed8b0345ad42695b
backups/phase14_11L2_trial1_B_readonly_audited_20260812T122214Z/TRIAL1_SHA256.txt	HISTORICAL_BACKUP	131	.txt	c401f390885c37dea78dfc58c80e3611f6a74f0b3f7d0e9a2b657b0c00f3ea1c
backups/phase14_11L3_A_warm_small_certified_20260812T125544Z/ACTIVE_YAML_SHA256.txt	CERTIFIED_BACKUP	65	.txt	4faa8a48d1b144869fc521891478322894ddbedfc0799c275b50c59e4276f2fc
backups/phase14_11L3_A_warm_small_certified_20260812T125544Z/PRODUCTION_SHA256.txt	CERTIFIED_BACKUP	625	.txt	67c66ede487202868f42a3d9bf6219e192664f0616f2b0e5af553f87953b30f5
backups/phase14_11L3_A_warm_small_certified_20260812T125544Z/RESULT.txt	CERTIFIED_BACKUP	789	.txt	e365fea1481624e4efbc4d9157bf22c4db090209ebac2d45a71db7df4c2bc2d8
backups/phase14_11L3_A_warm_small_certified_20260812T125544Z/SHA256SUMS	CERTIFIED_BACKUP	411		4420b67e3bec8f23f9ad2ef9dd578c7859297d4b790880e466048f9c72590c9a
backups/phase14_11L3_A_warm_small_certified_20260812T125544Z/SUMMARY.json	CERTIFIED_BACKUP	547	.json	6cf59ef813b818125dd7fb522b944ee421f9d5a6bcab99870c8a190fa1735dde
backups/phase14_11L3_A_warm_small_certified_20260812T125544Z/TRIALS.json	CERTIFIED_BACKUP	1590	.json	c984dbee93b8aa9b2ad9bf1dfe91019e1d27896c2051d41045624d90b0af3ad0
backups/phase14_11L4_A_same_session_certified_20260812T134845Z/ACTIVE_YAML_SHA256.txt	CERTIFIED_BACKUP	65	.txt	4faa8a48d1b144869fc521891478322894ddbedfc0799c275b50c59e4276f2fc
backups/phase14_11L4_A_same_session_certified_20260812T134845Z/PRODUCTION_SHA256.txt	CERTIFIED_BACKUP	625	.txt	67c66ede487202868f42a3d9bf6219e192664f0616f2b0e5af553f87953b30f5
backups/phase14_11L4_A_same_session_certified_20260812T134845Z/RESULT.txt	CERTIFIED_BACKUP	920	.txt	3d6323f7679ee64d15d6cad53e10ae885edbad878736ca5e611f80d53eee38f3
backups/phase14_11L4_A_same_session_certified_20260812T134845Z/SHA256SUMS	CERTIFIED_BACKUP	411		c5982fe66b852d2c5773d71f444eb35749ae554784ea40486fdeea66026e1894
backups/phase14_11L4_A_same_session_certified_20260812T134845Z/SUMMARY.json	CERTIFIED_BACKUP	478	.json	5ce799bd7e59f5332b453b5c658de3a6b048761b205f4b3345b56a7b16ddcddf
backups/phase14_11L4_A_same_session_certified_20260812T134845Z/TRIALS.json	CERTIFIED_BACKUP	1596	.json	38f2dcea735b764117f42eeb7516462c31b4786ec5d734e8ca03d39758000cad
backups/phase14_11L4_B_independent_certified_20260812T135338Z/ARTIFACT_SHA256.txt	CERTIFIED_BACKUP	795	.txt	33cfca14f0c9eba37317e2c4bd2749e18c5a128c1339a0be8c1d3d0968aa2d59
backups/phase14_11L4_B_independent_certified_20260812T135338Z/CERTIFICATION.txt	CERTIFIED_BACKUP	4667	.txt	6f941369f01c29dc8a8b8c88216920a9686919d80e3e0dc4482f260651749e54
backups/phase14_11L4_B_independent_certified_20260812T135338Z/PRODUCTION_SHA256.txt	CERTIFIED_BACKUP	721	.txt	979426b1a4c4b15ab871f171e05cfb6036f91ae9e708967351fe12934b923cc6
backups/phase14_11L4_B_independent_certified_20260812T135338Z/RECOMPUTED_STATS.json	CERTIFIED_BACKUP	2814	.json	0d41f26f778881fbe8e94e8d3bbcab7faceb8d2e823e44f040608b1f5bafa95b
backups/phase14_11L4_B_independent_certified_20260812T135338Z/SHA256SUMS	CERTIFIED_BACKUP	354		94cb0fd7f99126c5d54b962fed4cde4f921ccfc44dae802d1aac55d17b721c73
backups/phase14_11L5_A_multicontext_certified_20260812T152526Z/ACTIVE_YAML_SHA256.txt	CERTIFIED_BACKUP	65	.txt	4faa8a48d1b144869fc521891478322894ddbedfc0799c275b50c59e4276f2fc
backups/phase14_11L5_A_multicontext_certified_20260812T152526Z/PAIRS.json	CERTIFIED_BACKUP	2912	.json	6e5416ee902706ae376744e24b6edb0117797e1970050c02442f26d449e46b36
backups/phase14_11L5_A_multicontext_certified_20260812T152526Z/PRODUCTION_SHA256.txt	CERTIFIED_BACKUP	625	.txt	67c66ede487202868f42a3d9bf6219e192664f0616f2b0e5af553f87953b30f5
backups/phase14_11L5_A_multicontext_certified_20260812T152526Z/RESULT.txt	CERTIFIED_BACKUP	1420	.txt	c7627fa193dabd08a079ae1d372b7b3c9cff2d13ec9b6b94777f009928b28c09
backups/phase14_11L5_A_multicontext_certified_20260812T152526Z/SHA256SUMS	CERTIFIED_BACKUP	410		bf27bd28bdf2282f7a0939d93f36a784389d636ed84e74a265fa921e4dca834b
backups/phase14_11L5_A_multicontext_certified_20260812T152526Z/SUMMARY.json	CERTIFIED_BACKUP	1940	.json	e2f4b96cc8c973a19eedfae4381d97a30c3b626a46a37fdaaa5cb1b7f3017b1a
backups/phase14_11L6_A_reasoning_certified_20260812T172100Z/ACTIVE_YAML_SHA256.txt	CERTIFIED_BACKUP	65	.txt	4faa8a48d1b144869fc521891478322894ddbedfc0799c275b50c59e4276f2fc
backups/phase14_11L6_A_reasoning_certified_20260812T172100Z/HARNESS_SHA256.txt	CERTIFIED_BACKUP	124	.txt	d972ff51dceb9f6433f9c84c5ff80209fbab1446317d87edb2f9fc3eff5a1147
backups/phase14_11L6_A_reasoning_certified_20260812T172100Z/PRODUCTION_SHA256.txt	CERTIFIED_BACKUP	625	.txt	67c66ede487202868f42a3d9bf6219e192664f0616f2b0e5af553f87953b30f5
backups/phase14_11L6_A_reasoning_certified_20260812T172100Z/RAW_SHA256.txt	CERTIFIED_BACKUP	2040	.txt	f9b69554075b73bd31616bb2e62ba291aa9ac6ee0f0f1a4d4394d659fccd094b
backups/phase14_11L6_A_reasoning_certified_20260812T172100Z/RESULT.txt	CERTIFIED_BACKUP	1689	.txt	6eac8587500cab4e312f4f37346dddd88b99796c60ff86f0410a2bf229e1d44d
backups/phase14_11L6_A_reasoning_certified_20260812T172100Z/SHA256SUMS	CERTIFIED_BACKUP	577		8da1010be25b371e471af2ea279e5d6ea13bbf691c80ecb9e3ab13b3a7951b0a
backups/phase14_11L6_A_reasoning_certified_20260812T172100Z/SUMMARY.json	CERTIFIED_BACKUP	3232	.json	1c4e241a10bf21604ae3003ec93f1ac667c85debe95196f9e79dbae4116f504c
backups/phase14_11L6_A_reasoning_certified_20260812T172100Z/TRIALS.json	CERTIFIED_BACKUP	6915	.json	364e1eec0715134c916dcd38c35fcef58eae3a4381b93393bb86ca73c038cbb0
backups/phase14_11L6_B_independent_certified_20260812T172604Z/ACTIVE_YAML_SHA256.txt	CERTIFIED_BACKUP	65	.txt	4faa8a48d1b144869fc521891478322894ddbedfc0799c275b50c59e4276f2fc
backups/phase14_11L6_B_independent_certified_20260812T172604Z/CERTIFICATION.txt	CERTIFIED_BACKUP	1948	.txt	5cfce286a2235fd2879142c08ec5c0b987467dd7e20f8986bc3c326f138f7fd8
backups/phase14_11L6_B_independent_certified_20260812T172604Z/HARNESS_SHA256.txt	CERTIFIED_BACKUP	124	.txt	d972ff51dceb9f6433f9c84c5ff80209fbab1446317d87edb2f9fc3eff5a1147
backups/phase14_11L6_B_independent_certified_20260812T172604Z/PRODUCTION_SHA256.txt	CERTIFIED_BACKUP	625	.txt	67c66ede487202868f42a3d9bf6219e192664f0616f2b0e5af553f87953b30f5
backups/phase14_11L6_B_independent_certified_20260812T172604Z/RECOMPUTED_SUMMARY.json	CERTIFIED_BACKUP	2854	.json	e574206e9eb41352617bff7a6ee9da0bd62a9a7fa72f1872d6f9771cfa9092a7
backups/phase14_11L6_B_independent_certified_20260812T172604Z/SHA256SUMS	CERTIFIED_BACKUP	610		380d0cd31df1f600717efd753423787d36ec3d25f8daf217afd48ce53e6518c7
backups/phase14_11L6_B_independent_certified_20260812T172604Z/SOURCE_A_ARCHIVE.txt	CERTIFIED_BACKUP	72	.txt	f21bfb064545c04ff8548916aac7605859d81555dce960a2c47de151222ff48e
backups/phase14_11L6_B_independent_certified_20260812T172604Z/VERIFIED_TRIALS.json	CERTIFIED_BACKUP	6915	.json	4d30022c201b885b2e6f9ef09517dd42416661965cb87e9ad1dfb6170930e500
backups/phase14_11L7_A_surface_certified_20260813T000538Z/CERTIFICATION.txt	CERTIFIED_BACKUP	1561	.txt	a81bbdc16f3be003c41d612c62cbcf6b7a57d13f6760ed038426e63ddc8fef0f
backups/phase14_11L7_A_surface_certified_20260813T000538Z/SHA256SUMS.txt	CERTIFIED_BACKUP	2398	.txt	990cc2cab7a223a737d20ca454e47ad739b9ae9a2efe577d074e03b2fa3cfcbc
backups/phase14_11L7_A_surface_certified_20260813T000538Z/certification/analyze_surface.py	CERTIFIED_BACKUP	17970	.py	a4cd9cc344ed8e6ed594aa6b9bc31568718101649fc0c9cf169c986aaeffce4d
backups/phase14_11L7_A_surface_certified_20260813T000538Z/certification/surface_trial.py	CERTIFIED_BACKUP	22161	.py	4ba7d460167269851b9c9d1f6ac966c9228b59d189b76f6178b63b57758cdedb
backups/phase14_11L7_A_surface_certified_20260813T000538Z/l7_surface_summary.json	CERTIFIED_BACKUP	9710	.json	a388736294fe4c24caed7f0aeeb2b875481b39ab65508692240ef3aac6cfa418
backups/phase14_11L7_A_surface_certified_20260813T000538Z/raw/l7_surface_a_trial1_raw.json	CERTIFIED_BACKUP	2038	.json	632561a2c1a01c4509bf9068414eae2912d3481bab5a1b222cbcf911dfd64ddf
backups/phase14_11L7_A_surface_certified_20260813T000538Z/raw/l7_surface_a_trial2_raw.json	CERTIFIED_BACKUP	2040	.json	b22ad518a2e2e7e42d40576bcaedc69e13df6f8b7a3fe02339d7a6d83319341c
backups/phase14_11L7_A_surface_certified_20260813T000538Z/raw/l7_surface_a_trial3_raw.json	CERTIFIED_BACKUP	2041	.json	22f0562a1caf4f24a39876f344d00baa5ba65bc4389c61f044ad66994dc6c489
backups/phase14_11L7_A_surface_certified_20260813T000538Z/raw/l7_surface_a_trial4_raw.json	CERTIFIED_BACKUP	2041	.json	a3a1f78feb949c250525abb041c5b681e1caebb06362cf1f23d888aded6ad10f
backups/phase14_11L7_A_surface_certified_20260813T000538Z/raw/l7_surface_a_trial5_raw.json	CERTIFIED_BACKUP	2040	.json	c44c128e4b3aa5efc6d330060261a4d1d0b180d5e53917abe68c7b68504ea520
backups/phase14_11L7_A_surface_certified_20260813T000538Z/raw/l7_surface_b_trial1_raw.json	CERTIFIED_BACKUP	2136	.json	72c2fbecf250baf4f5e524da87ced3a4c70a32101c607a4e5eee32822be7be87
backups/phase14_11L7_A_surface_certified_20260813T000538Z/raw/l7_surface_b_trial2_raw.json	CERTIFIED_BACKUP	2136	.json	b80b1af6f4d5a28ece737ba1d8426c073c3c6fcfe390f38cc37e6efd1d9277d0
backups/phase14_11L7_A_surface_certified_20260813T000538Z/raw/l7_surface_b_trial3_raw.json	CERTIFIED_BACKUP	2136	.json	7aaa4d77b455cd2ff7d0d6bf3c2cf59152d31ccb03d42832590668a57d473cfc
backups/phase14_11L7_A_surface_certified_20260813T000538Z/raw/l7_surface_b_trial4_raw.json	CERTIFIED_BACKUP	2136	.json	a1dcbad33005ef7c20e9693935fb87ee251d68980a57659957e0d966922030b8
backups/phase14_11L7_A_surface_certified_20260813T000538Z/raw/l7_surface_b_trial5_raw.json	CERTIFIED_BACKUP	2134	.json	5264d5fe1ca9051378ffb3f031f7074d343b8473de8384303a1b47bcd8ea1626
backups/phase14_11L7_A_surface_certified_20260813T000538Z/raw/l7_surface_c_trial1_raw.json	CERTIFIED_BACKUP	2313	.json	6cb94732bc55bcfcdeaf583fedd21252e91d72812e936461c5ac6b275ef451fb
backups/phase14_11L7_A_surface_certified_20260813T000538Z/raw/l7_surface_c_trial2_raw.json	CERTIFIED_BACKUP	2316	.json	17a42ddae36d1507b7ecf244daa1c0dc84fe42758450007c3d22c2e9814f674c
backups/phase14_11L7_A_surface_certified_20260813T000538Z/raw/l7_surface_c_trial3_raw.json	CERTIFIED_BACKUP	2315	.json	44043b07f052075f7e6dc7caa6562141c11a2a05a3ae64fee9ee94020a5c5cf5
backups/phase14_11L7_A_surface_certified_20260813T000538Z/raw/l7_surface_c_trial4_raw.json	CERTIFIED_BACKUP	2315	.json	8451b5071c6631dd54e9ac66e2c5053340c776724e1e41239b52a23aa858d2e2
backups/phase14_11L7_A_surface_certified_20260813T000538Z/raw/l7_surface_c_trial5_raw.json	CERTIFIED_BACKUP	2315	.json	9df1f222d02553e964ddbaffe67af282362795cb7de22d95dac26b6f64a63f03
backups/phase14_11L7_A_surface_certified_20260813T000538Z/raw/l7_surface_d_trial1_raw.json	CERTIFIED_BACKUP	2613	.json	4eaf1bcd9e47bd8ee5db0a6f9e372a9f1ca440e2fe8728929c606844aa65bc87
backups/phase14_11L7_A_surface_certified_20260813T000538Z/raw/l7_surface_d_trial2_raw.json	CERTIFIED_BACKUP	2613	.json	7fcc6fabb438c8b9da8803295fdeb4ec9267e2b38acf15fddea7b63f86ed7b76
backups/phase14_11L7_A_surface_certified_20260813T000538Z/raw/l7_surface_d_trial3_raw.json	CERTIFIED_BACKUP	2613	.json	2bdba87203f10c85595b18c6bca3c82ae348c35fe735362d659d753f34fb21be
backups/phase14_11L7_A_surface_certified_20260813T000538Z/raw/l7_surface_d_trial4_raw.json	CERTIFIED_BACKUP	2614	.json	8b4da5a22d7242cf52db25a839549a80db9a016db199ac1c3833c5a36342aa71
backups/phase14_11L7_A_surface_certified_20260813T000538Z/raw/l7_surface_d_trial5_raw.json	CERTIFIED_BACKUP	2613	.json	131effcb6bb6f69c6db77c499cb26f67e7f4fa168d70fe17bfb81362a50ad2cb
backups/phase14_11L7_B_independent_certified_20260813T000909Z/CERTIFICATION.txt	CERTIFIED_BACKUP	792	.txt	9ed5fc8e5a61d052c6032336063f4d2278842f10ee27a9c3e675dfedf424fbf0
backups/phase14_11L7_B_independent_certified_20260813T000909Z/SHA256SUMS.txt	CERTIFIED_BACKUP	181	.txt	53dc2d0b76ece05c691059c6fcef16228a50f5d2115ccb5b86a4ed8dbbcb42ee
backups/phase14_11L7_B_independent_certified_20260813T000909Z/independent_certification.json	CERTIFIED_BACKUP	4742	.json	03f5939d5491d188ae996bb675fad3f6a6beceecb8f1a7eb3f4d68817403262d
backups/phase14_11L8_A_governor_certified_20260813T005056Z/CERTIFICATION.txt	CERTIFIED_BACKUP	2203	.txt	7a97e1c83f8da030547be37cf2075b3c0b7c79fc9ddc651a5e579042182a23ae
backups/phase14_11L8_A_governor_certified_20260813T005056Z/SHA256SUMS.txt	CERTIFIED_BACKUP	1387	.txt	aa2c724800b9774e272bf01a7e2227d169590feb2150bad27999a900040a0978
backups/phase14_11L8_A_governor_certified_20260813T005056Z/certification/analyze_governor.py	CERTIFIED_BACKUP	13867	.py	51c696a41e309c3b78894492e5747624775ee69589c77f473da63bc5609df220
backups/phase14_11L8_A_governor_certified_20260813T005056Z/certification/governor_benchmark.py	CERTIFIED_BACKUP	16032	.py	f8ab314952c95fb01b2f5b0295eb89da605d6708e436e665c704d997dd7991f5
backups/phase14_11L8_A_governor_certified_20260813T005056Z/certification/residency_effect.py	CERTIFIED_BACKUP	5433	.py	e7c50bac53094207562af09b470a030abef400eeb283bbc510c8d8531605035d
backups/phase14_11L8_A_governor_certified_20260813T005056Z/l8_governor_summary.json	CERTIFIED_BACKUP	2360	.json	7f51d85b38cb705cb495bfb56a142bc65d0f85d3f7905774ea7eab2e937ce3a5
backups/phase14_11L8_A_governor_certified_20260813T005056Z/raw/l8_governor_raw.json	CERTIFIED_BACKUP	7252	.json	2c9e70239070edac150646fe00f75593fea1baf7522ccbb182b32860ee47cb91
backups/phase14_11L8_A_governor_certified_20260813T005056Z/raw/l8_residency_effect_raw.json	CERTIFIED_BACKUP	699	.json	243c92316063a368712d690eb06b1fd636d571e881e812b572358e1682e8b166
backups/phase14_11L8_A_governor_certified_20260813T005056Z/source/availability.py	CERTIFIED_BACKUP	2722	.py	b6a9fe9bfbe23f8ada65d30ac76a8e8f62a4c2d33e2cc7199dc572c39c886eb7
backups/phase14_11L8_A_governor_certified_20260813T005056Z/source/budget.py	CERTIFIED_BACKUP	2431	.py	3ab5a79d57b0ea5ea34e2c5634bd8ad9282f484e6f761a8ad62023fa6b2d3cdb
backups/phase14_11L8_A_governor_certified_20260813T005056Z/source/decision.py	CERTIFIED_BACKUP	3082	.py	f9bf6f48620efcc2973e48abfb1d035658934aff623f79b280da8c3d48208c57
backups/phase14_11L8_A_governor_certified_20260813T005056Z/source/evaluation.py	CERTIFIED_BACKUP	5069	.py	0d485027b490c4a55cbe2841f943bb1a5d65db3cb44b84ddb599747bc048723c
backups/phase14_11L8_A_governor_certified_20260813T005056Z/source/governor.py	CERTIFIED_BACKUP	6165	.py	9d25c7802f6e58d4b9e8d21eff025a0c0aff0252afc84bcc13f6b78533e1aaea
backups/phase14_11L8_A_governor_certified_20260813T005056Z/source/live_providers.py	CERTIFIED_BACKUP	7145	.py	40b49375dbe014b27b6fc5696bccf74274864e42953c473b42ffe10a3c552299
backups/phase14_11L8_A_governor_certified_20260813T005056Z/source/model.py	CERTIFIED_BACKUP	4683	.py	7262ea30a432e8a454a4069f1d3b60e50e30600aa99308974e8f925877774da7
backups/phase14_11L8_A_governor_certified_20260813T005056Z/source/requirement.py	CERTIFIED_BACKUP	3153	.py	4cebbfaa27e3360a5ec92edd311cd2f9424ee159c8a6c5c4bfa2a3335dc89f59
backups/phase14_11L8_B_independent_certified_20260813T005320Z/CERTIFICATION.txt	CERTIFIED_BACKUP	1324	.txt	ce730fbfb2c8f24419e5f1b46f27e73482aef9710b2d36a3808359b2e81a21c6
backups/phase14_11L8_B_independent_certified_20260813T005320Z/SHA256SUMS.txt	CERTIFIED_BACKUP	181	.txt	c69adb23c29fdb5c30eb21de31c35380eccdf83f120c960297c4dcfd1e68246c
backups/phase14_11L8_B_independent_certified_20260813T005320Z/independent_certification.json	CERTIFIED_BACKUP	1921	.json	e7a60dd91bf937f9505f2b3f9427b021c0c021a14ca2a4e33d491026aec49713
backups/phase14_11L9_A_recovery_certified_20260813T023040Z/CERTIFICATION.md	CERTIFIED_BACKUP	1219	.md	477573d9833873dbc7d64bf5bdd14f479dd32b3f68eafd7c5d6b404843af22a5
backups/phase14_11L9_A_recovery_certified_20260813T023040Z/MANIFEST.sha256	CERTIFIED_BACKUP	1597	.sha256	25bf82477b8384c16bed030aeff4418e23fac45988d493c7971af6fe7459a1fa
backups/phase14_11L9_A_recovery_certified_20260813T023040Z/benchmarks/l9_hermes_session_cost_raw.json	CERTIFIED_BACKUP	12909	.json	cbe31786ff78742442eee72c39282cbcfb888db4b178338605ed4453f104f4f1
backups/phase14_11L9_A_recovery_certified_20260813T023040Z/benchmarks/l9_matched_recovery_raw.json	CERTIFIED_BACKUP	5997	.json	c66535846e9ec532eef8d1c7f750b0119a20e3b0d66ec81e6ac184e2cb8de944
backups/phase14_11L9_A_recovery_certified_20260813T023040Z/benchmarks/l9_real_recovery_trial_raw.json	CERTIFIED_BACKUP	3023	.json	14ec9478a04c1760677c18c8981449b959f153b7a232c60fd8dd3b48268b7fbf
backups/phase14_11L9_A_recovery_certified_20260813T023040Z/benchmarks/l9_recovery_control_raw.json	CERTIFIED_BACKUP	283342	.json	944c68ded31899f29b5ae1ef6d0f55cca1451b3f065f6e124ccea7bf018a3553
backups/phase14_11L9_A_recovery_certified_20260813T023040Z/benchmarks/l9_recovery_summary.json	CERTIFIED_BACKUP	6892	.json	68b9ef58980c62c3686d90c087b45b020d54a2fa2c7cf119caad0a045abbce4f
backups/phase14_11L9_A_recovery_certified_20260813T023040Z/certification/analyze_recovery.py	CERTIFIED_BACKUP	30050	.py	146437f1e5d76d300ea24e8f26a03e1b8089d9431a5e050b21d41e30e748d308
backups/phase14_11L9_A_recovery_certified_20260813T023040Z/certification/hermes_session_cost.py	CERTIFIED_BACKUP	8760	.py	2e7a911e39c1b4fae8b6f18deb28af0cf14b2994adb84c53702538be87cbf1ac
backups/phase14_11L9_A_recovery_certified_20260813T023040Z/certification/matched_recovery_benchmark.py	CERTIFIED_BACKUP	22343	.py	c8d1bc70f629b14f3314fd1c5e89078db1625f9db8af97fd5699c35b8b78e99e
backups/phase14_11L9_A_recovery_certified_20260813T023040Z/certification/real_recovery_trial.py	CERTIFIED_BACKUP	16562	.py	69a83958e9d4f8951b18fbb59825ae664eff93d8ae88b4fb0a380bdff46b5a5f
backups/phase14_11L9_A_recovery_certified_20260813T023040Z/certification/recovery_control_benchmark.py	CERTIFIED_BACKUP	18895	.py	4eaa7b4ce6153973f55566fa7087b5aed0b758fc58216aed4c2d4e61869c9eab
backups/phase14_11L9_A_recovery_certified_20260813T023040Z/source_snapshots/hermes.py	CERTIFIED_BACKUP	49088	.py	a09949eead5cb9772aca312c91630703c7ff8ce43df778730279445b25635084
backups/phase14_11L9_A_recovery_certified_20260813T023040Z/source_snapshots/live_providers.py	CERTIFIED_BACKUP	7145	.py	40b49375dbe014b27b6fc5696bccf74274864e42953c473b42ffe10a3c552299
backups/phase14_11L9_A_recovery_certified_20260813T023040Z/source_snapshots/task_session.py	CERTIFIED_BACKUP	359191	.py	d666cb1471b568bf43db4255f5e84e98c1ea502af467e1e2670e4a93dc364991
backups/phase14_11L9_A_recovery_certified_20260813T023040Z/source_snapshots/test_model_form_retry_task_session_integration.py	CERTIFIED_BACKUP	21114	.py	b0ba1f9e8c6148cab49a94bc0ea1c49c1f7d9a68cb0138792e91d7aa8d44b417
backups/phase14_11L9_B_independent_certified_20260813T024209Z/CERTIFICATION.md	CERTIFIED_BACKUP	1377	.md	37c5fea8d70b2574aad25995904068796e14133f35f841fdb450e505523075b7
backups/phase14_11L9_B_independent_certified_20260813T024209Z/MANIFEST.sha256	CERTIFIED_BACKUP	591	.sha256	8ca66f09e6788607b9903b60513c11a040d4aac86e724e3c97ca800c9ea136e0
backups/phase14_11L9_B_independent_certified_20260813T024209Z/a_anchor/A_CERTIFICATION.md	CERTIFIED_BACKUP	1219	.md	477573d9833873dbc7d64bf5bdd14f479dd32b3f68eafd7c5d6b404843af22a5
backups/phase14_11L9_B_independent_certified_20260813T024209Z/a_anchor/A_MANIFEST.sha256	CERTIFIED_BACKUP	1597	.sha256	25bf82477b8384c16bed030aeff4418e23fac45988d493c7971af6fe7459a1fa
backups/phase14_11L9_B_independent_certified_20260813T024209Z/a_anchor/A_RECOVERY_SUMMARY.json	CERTIFIED_BACKUP	6892	.json	68b9ef58980c62c3686d90c087b45b020d54a2fa2c7cf119caad0a045abbce4f
backups/phase14_11L9_B_independent_certified_20260813T024209Z/certification/independent_certify.py	CERTIFIED_BACKUP	33245	.py	383e7ae210adbd53acb26080288fd13edadea52c4ea61eb77e3fc53614846570
backups/phase14_11L9_B_independent_certified_20260813T024209Z/report/l9_independent_certification.json	CERTIFIED_BACKUP	1719	.json	48ebec6c61e2bb3a5e89ebb6aa606ba58128f6da8de5130593a7197a224af243
backups/phase14_11T2_H5G_recertified_20260811T233836Z/CERTIFICATION.txt	CERTIFIED_BACKUP	1839	.txt	b6851c2186d04d85e389bc54a4cafe6007ecd4083045c3bd3c96f4ddb44e4311
backups/phase14_11T2_H5G_recertified_20260811T233836Z/SHA256SUMS	CERTIFIED_BACKUP	756		606998e460124c259dda9589871a8826b6f48b86df9602269940d97d169bedb2
backups/phase14_5E_20260809T171730Z/cache/coordinator.py	HISTORICAL_BACKUP	3468	.py	ed2121d1f771a02154cff6d1c6c5337b9f87d61fcb9746a4528a09480204dede
backups/phase14_5F_20260809T172216Z/runtime/task_session.py	HISTORICAL_BACKUP	181197	.py	60f368f489bcc4ad77b64502999cc075d812d79f56e24cf66482e284f3c99553
backups/phase14_5G_20260809T172707Z/runtime/task_session.py	HISTORICAL_BACKUP	182173	.py	872eafad5dfb3be1086870a1061e80b63f23344889fe8154374b1d6658ec42c8
backups/phase14_6D_20260809T174348Z/capabilities/resolver.py	HISTORICAL_BACKUP	15765	.py	d09c616f9f154aeb2e7269509ae7e895cb4ffbca8812591c3d2a55a15e488589
backups/phase14_6D_20260809T174348Z/runtime/task_session.py	HISTORICAL_BACKUP	182583	.py	db39c515411f2a5d7488b4b8532ca3873988e382bbfb8ab3f3d0370dc5353313
backups/phase14_6D_20260809T174530Z/capabilities/resolver.py	HISTORICAL_BACKUP	15765	.py	d09c616f9f154aeb2e7269509ae7e895cb4ffbca8812591c3d2a55a15e488589
backups/phase14_6D_20260809T174530Z/runtime/task_session.py	HISTORICAL_BACKUP	182583	.py	db39c515411f2a5d7488b4b8532ca3873988e382bbfb8ab3f3d0370dc5353313
backups/phase14_6D_corrected_20260809T174745Z/capabilities/resolver.py	HISTORICAL_BACKUP	15765	.py	d09c616f9f154aeb2e7269509ae7e895cb4ffbca8812591c3d2a55a15e488589
backups/phase14_6D_corrected_20260809T174745Z/runtime/task_session.py	HISTORICAL_BACKUP	182583	.py	db39c515411f2a5d7488b4b8532ca3873988e382bbfb8ab3f3d0370dc5353313
backups/phase14_6E_20260809T192122Z/capabilities/resolver.py	HISTORICAL_BACKUP	20004	.py	e1332b873ca86680c3be3aa446fd3ec0feba78d08e09a097df7303bbc789e26b
backups/phase14_6F2_20260809T203326Z/learning/__init__.py	HISTORICAL_BACKUP	461	.py	cca35b7c88c06eeaa45e9d050f57685b6d2743ebf3bf73dc935b269b36854c9e
backups/phase14_6F2_20260809T203326Z/learning/operational.py	HISTORICAL_BACKUP	21229	.py	2022f351d4a75dbc257b8dddb891e98d50526a39bdd3713a7125595b6a30f9d7
backups/phase14_6F3A1_20260809T203835Z/learning/indexes.py	HISTORICAL_BACKUP	10618	.py	ca9b8df671b9c989f3c623ac693698ef587e065a5c2bd2e50ed69e633e4487f9
backups/phase14_6F3A2_20260809T204133Z/learning/indexes.py	HISTORICAL_BACKUP	10875	.py	4b5f91c92ae4aeb0bfd68d96ee201a7afcf9b51b365815820a793d7706aaaa07
backups/phase14_6F4A0_20260809T210029Z/learning/foundation.py	HISTORICAL_BACKUP	30460	.py	57ddffcb08353cde03b603380c6cc7fcd4b24e316d739df830731b55a6d34fa5
backups/phase14_6F4A1_20260809T210233Z/learning/indexes.py	HISTORICAL_BACKUP	11316	.py	c2c35ced5157ee62d67a60b26d611eff9edea66a1ad86cba96789ce755d1a1d9
backups/phase14_6F4A2_20260809T210647Z/learning/operational_matcher.py	HISTORICAL_BACKUP	10166	.py	d6ba2bbd40b3daa406f75336e44ef879478557a40fe2484fe5b1272b27d0ac0d
backups/phase14_6F4D_20260809T212252Z/runtime/task_session.py	HISTORICAL_BACKUP	182683	.py	4c1608c60e69dc9ef514cacbcb602d0fcd3026675cb35bf101c7e59d96722696
backups/phase14_7C1_20260809T222937Z/learning/context_state.py	HISTORICAL_BACKUP	28425	.py	b310812d42af108505c822ff1003c800a8c3356fca637e5932ecf263fa5c3a70
backups/phase14_7C3A_20260809T223355Z/learning/foundation.py	HISTORICAL_BACKUP	32236	.py	3ca0600ed38aa4317a4b01b49c3cf48a824393dd4225e2f21f05c34d09c0773b
backups/phase14_7C3A_corrected_20260809T223504Z/learning/foundation.py	HISTORICAL_BACKUP	32236	.py	3ca0600ed38aa4317a4b01b49c3cf48a824393dd4225e2f21f05c34d09c0773b
backups/phase14_7C4A1_20260809T223912Z/cache/coordinator.py	HISTORICAL_BACKUP	4222	.py	b285f2845dd6e51c9b8d36eb91e6ff2206c28c0c48df2e92992b177ae134ef03
backups/phase14_7C4B2_20260809T224850Z/learning/foundation.py	HISTORICAL_BACKUP	37913	.py	061f7886a3f42efc1b192175b84f5a97c9b885ca98e477eb30394af34062ad41
backups/phase14_7C4C1_20260809T225629Z/learning/snapshot_provider.py	HISTORICAL_BACKUP	17562	.py	06983ad2b883e3b792dc6b237084710a7b3780cb61a24106dadf757b6ac8cfa5
backups/phase14_7C5D_20260810T000005Z/learning/turn_retrieval.py	HISTORICAL_BACKUP	16225	.py	06911c64dcead36281ea88644e0bfdfbcddd7a54fb3196c434d97167aed48a9b
backups/phase14_7D2B_20260809T235800Z/learning/turn_instruction.py	HISTORICAL_BACKUP	10119	.py	113ee35a9588408dcf94b0d309917886795b2c6c4ec1736b699c7a5e9a7e6290
backups/runtime/active-before-crash-consistent-binding-20260809T024725Z.yaml	HISTORICAL_BACKUP	579	.yaml	7904bc802fee0eadae5075c04f3df8359a0e44640da425fbdd62d28356dc9b60
backups/runtime/active-before-durable-spring-cleaning-20260809T093112Z.yaml	HISTORICAL_BACKUP	579	.yaml	7904bc802fee0eadae5075c04f3df8359a0e44640da425fbdd62d28356dc9b60
backups/runtime/active-before-durable-spring-cleaning-v2-20260809T093325Z.yaml	HISTORICAL_BACKUP	579	.yaml	7904bc802fee0eadae5075c04f3df8359a0e44640da425fbdd62d28356dc9b60
backups/runtime/active-before-durable-spring-cleaning-v3-20260809T094104Z.yaml	HISTORICAL_BACKUP	579	.yaml	7904bc802fee0eadae5075c04f3df8359a0e44640da425fbdd62d28356dc9b60
backups/runtime/active-before-persistent-binding-20260809T014535Z.yaml	HISTORICAL_BACKUP	579	.yaml	7904bc802fee0eadae5075c04f3df8359a0e44640da425fbdd62d28356dc9b60
backups/runtime/active-before-real-stale-recovery-20260809T030759Z.yaml	HISTORICAL_BACKUP	579	.yaml	7904bc802fee0eadae5075c04f3df8359a0e44640da425fbdd62d28356dc9b60
backups/runtime/active-before-seasonal-lifecycle-20260809T091245Z.yaml	HISTORICAL_BACKUP	579	.yaml	7904bc802fee0eadae5075c04f3df8359a0e44640da425fbdd62d28356dc9b60
backups/runtime/active-before-spring-cleaning-20260809T092443Z.yaml	HISTORICAL_BACKUP	579	.yaml	7904bc802fee0eadae5075c04f3df8359a0e44640da425fbdd62d28356dc9b60
backups/runtime/active-before-spring-cleaning-20260809T092653Z.yaml	HISTORICAL_BACKUP	579	.yaml	7904bc802fee0eadae5075c04f3df8359a0e44640da425fbdd62d28356dc9b60
backups/runtime/active-before-spring-decisions-20260809T094532Z.yaml	HISTORICAL_BACKUP	579	.yaml	7904bc802fee0eadae5075c04f3df8359a0e44640da425fbdd62d28356dc9b60
backups/runtime/active-before-spring-decisions-v2-20260809T094910Z.yaml	HISTORICAL_BACKUP	579	.yaml	7904bc802fee0eadae5075c04f3df8359a0e44640da425fbdd62d28356dc9b60
backups/runtime/active-before-spring-restoration-plan-20260809T094250Z.yaml	HISTORICAL_BACKUP	579	.yaml	7904bc802fee0eadae5075c04f3df8359a0e44640da425fbdd62d28356dc9b60
backups/runtime/active-before-spring-restoration-plan-20260809T094502Z.yaml	HISTORICAL_BACKUP	579	.yaml	7904bc802fee0eadae5075c04f3df8359a0e44640da425fbdd62d28356dc9b60
backups/runtime/active-before-stale-recovery-20260809T030430Z.yaml	HISTORICAL_BACKUP	579	.yaml	7904bc802fee0eadae5075c04f3df8359a0e44640da425fbdd62d28356dc9b60
backups/runtime/active-before-stale-recovery-20260809T030636Z.yaml	HISTORICAL_BACKUP	579	.yaml	7904bc802fee0eadae5075c04f3df8359a0e44640da425fbdd62d28356dc9b60
backups/runtime/active-before-stale-session-probe-20260809T025921Z.yaml	HISTORICAL_BACKUP	579	.yaml	7904bc802fee0eadae5075c04f3df8359a0e44640da425fbdd62d28356dc9b60
backups/runtime/active-before-winter-discovery-20260809T092044Z.yaml	HISTORICAL_BACKUP	579	.yaml	7904bc802fee0eadae5075c04f3df8359a0e44640da425fbdd62d28356dc9b60
backups/runtime/active-before-winter-discovery-v2-20260809T092241Z.yaml	HISTORICAL_BACKUP	579	.yaml	7904bc802fee0eadae5075c04f3df8359a0e44640da425fbdd62d28356dc9b60
backups/runtime/active-before-winter-storage-20260809T091936Z.yaml	HISTORICAL_BACKUP	579	.yaml	7904bc802fee0eadae5075c04f3df8359a0e44640da425fbdd62d28356dc9b60
backups/runtime/base-before-exact-toolsets-20260809T113720Z.py	HISTORICAL_BACKUP	2605	.py	1839edebc90e4ab95d5eff61602bfcce75d1a0f27b2ea68695b36543186422d4
backups/runtime/hermes-before-exact-toolsets-20260809T113720Z.py	HISTORICAL_BACKUP	33717	.py	5807597750eec4e45db02999dad3724d3c6f4f612cf2511f3f53bdbad99e02d2
backups/runtime/task-session-20260808-192041.py	HISTORICAL_BACKUP	8227	.py	15f815e71d2215702fa397f1b035f9c654a14da45bd28971c83b5117df738e97
backups/runtime/task-session-20260808-192628.py	HISTORICAL_BACKUP	11883	.py	52eaa5bb58106ca87139bf42fe09fcb66998a7569c3c44a259667d999de60136
backups/runtime/task-session-20260808-193003.py	HISTORICAL_BACKUP	14510	.py	326472378550371160a5d5e0a6fefb93ebe106d45de821dd759b15b5451c7bd2
backups/runtime/task-session-20260808-193620.py	HISTORICAL_BACKUP	15800	.py	4e79c56e42ffc4ad13a7663e9bb9e0465072ddd10f439f36ac05a5e745b20fbc
backups/runtime/task-session-20260808-193705.py	HISTORICAL_BACKUP	18885	.py	cb145c4ce1b7058f7e0f1e7f2694ea3b5d47e435654b93eb505a4b5c5810988e
backups/runtime/task-session-20260808-194150.py	HISTORICAL_BACKUP	21970	.py	2e291c811d157e6026af49613dd15100d2e9a4a772f779640eace7705910f771
backups/runtime/task-session-20260808-194223.py	HISTORICAL_BACKUP	18885	.py	cb145c4ce1b7058f7e0f1e7f2694ea3b5d47e435654b93eb505a4b5c5810988e
backups/runtime/task-session-20260808-194745.py	HISTORICAL_BACKUP	21081	.py	29902a53452596eba48381150299a5ab18f767531fbfe0c661df2d6c8b2a7f4f
backups/runtime/task-session-20260808-194928.py	HISTORICAL_BACKUP	22821	.py	24e3a91dcd7f92e7b80dc762f1592f707615618e94d46e0d08fbbd07184102d3
backups/runtime/task-session-20260808-195210.py	HISTORICAL_BACKUP	32160	.py	db2d46650b21f4c447cac8309c8ff5ce43b96f06a7a33aab981af28dec1f867b
backups/runtime/task-session-20260808-195349.py	HISTORICAL_BACKUP	37229	.py	85bd88d1ae1ebd850bb154ab50b8bcf7a525d2127147b9894650480e476425ec
backups/runtime/task-session-20260808-200134.py	HISTORICAL_BACKUP	39541	.py	c8a5cce4e59bc6fc55100f416f5b57991eac21a97420fc4b34544ae9623d3e0a
backups/runtime/task-session-before-adapter-injection-20260809T003439Z.py	HISTORICAL_BACKUP	41347	.py	b087a405d1a6a6211c257bee8af2981a4d0685318efd435668b7cfccb4c9dbdd
backups/runtime/task-session-before-adapter-route-20260809T003924Z.py	HISTORICAL_BACKUP	42524	.py	08bb531def93996901c05510139f1221685121d1ee8b6a4bf60aefc0291eaf5d
backups/runtime/task-session-before-crash-consistent-binding-20260809T024725Z.py	HISTORICAL_BACKUP	58913	.py	43de4d36ee278e0d639b2518c424bee4fc32eb5bdefa6d28853c5e204dfd23a7
backups/runtime/task-session-before-durable-spring-cleaning-20260809T093112Z.py	HISTORICAL_BACKUP	98327	.py	7c247fef6c785f87cc518c6408c78ef556705068dc6624c7d611a7b8fca2c180
backups/runtime/task-session-before-durable-spring-cleaning-v2-20260809T093325Z.py	HISTORICAL_BACKUP	98327	.py	7c247fef6c785f87cc518c6408c78ef556705068dc6624c7d611a7b8fca2c180
backups/runtime/task-session-before-durable-spring-cleaning-v3-20260809T094104Z.py	HISTORICAL_BACKUP	98327	.py	7c247fef6c785f87cc518c6408c78ef556705068dc6624c7d611a7b8fca2c180
backups/runtime/task-session-before-legacy-removal-20260809T004459Z.py	HISTORICAL_BACKUP	45739	.py	34a0c05676ed6c09272f0b9ebc2e8a4dfbd8b8986b7afdcb8245401791c572ff
backups/runtime/task-session-before-persistent-binding-20260809T014535Z.py	HISTORICAL_BACKUP	47367	.py	b50fb758714768b6354a9e6af42e4da6ce83940ecf09caa090692c1acef366f9
backups/runtime/task-session-before-planner-dedup-20260809T094725Z.py	HISTORICAL_BACKUP	118397	.py	6a42123dd0070d47b698af0aaf761ffcbb68242c35930da5a26101437d1c7067
backups/runtime/task-session-before-runtime-binding-20260809T010752Z.py	HISTORICAL_BACKUP	35839	.py	7630dd7d8a40d180398016805553f952399f050e227f428663bebbf28c285cd0
backups/runtime/task-session-before-runtime-factory-20260809T004116Z.py	HISTORICAL_BACKUP	44795	.py	ebed549d2a25688c57507a3f1b1d700f83aba4f7f1b1dd47e8057fc724dc527b
backups/runtime/task-session-before-seasonal-lifecycle-20260809T091245Z.py	HISTORICAL_BACKUP	68079	.py	cf74fb187f9564a186d982508a19e793a20138784369a5eb556eae4f3eb90fdf
backups/runtime/task-session-before-spring-application-20260809T114957Z.py	HISTORICAL_BACKUP	128005	.py	b10568f6ce0f8c60cc165b7a705ef1414e30f6ddd79e4884ccf668cabcc6b30c
backups/runtime/task-session-before-spring-cleaning-20260809T092443Z.py	HISTORICAL_BACKUP	91730	.py	0a845b3f0c69d47003d1f0542adaaa52520b31300c5a88834a5301a34cd455bc
backups/runtime/task-session-before-spring-cleaning-20260809T092653Z.py	HISTORICAL_BACKUP	91730	.py	0a845b3f0c69d47003d1f0542adaaa52520b31300c5a88834a5301a34cd455bc
backups/runtime/task-session-before-spring-completion-20260809T115652Z.py	HISTORICAL_BACKUP	164063	.py	587a27585648a96c03943caa69546ca616e13aaaa470ac6904da1863eda65d3c
backups/runtime/task-session-before-spring-completion-20260809T120508Z.py	HISTORICAL_BACKUP	179719	.py	2565cd7d42bf5a5d482d1b6f34275d388d8e2b472d8f239a7b80686a42c1b036
backups/runtime/task-session-before-spring-decisions-20260809T094532Z.py	HISTORICAL_BACKUP	118397	.py	6a42123dd0070d47b698af0aaf761ffcbb68242c35930da5a26101437d1c7067
backups/runtime/task-session-before-spring-decisions-v2-20260809T094910Z.py	HISTORICAL_BACKUP	109968	.py	2c0aae007011101f167c7841720e6ecf1085a396e22a8be97e455c94fc3cffaf
backups/runtime/task-session-before-spring-restoration-plan-20260809T094250Z.py	HISTORICAL_BACKUP	101537	.py	d798b68e9e195e67aca0d956552410b337d0d635dcbc89246b0a21c0608ce276
backups/runtime/task-session-before-spring-restoration-plan-20260809T094502Z.py	HISTORICAL_BACKUP	109967	.py	4dd7a8b5d14667cf8ca94bb329c6dfe1cae5616a4d83fe1a3e55381d1fd812a3
backups/runtime/task-session-before-spring-temporary-20260809T122344Z.py	HISTORICAL_BACKUP	179719	.py	2565cd7d42bf5a5d482d1b6f34275d388d8e2b472d8f239a7b80686a42c1b036
backups/runtime/task-session-before-spring-temporary-v2-20260809T122526Z.py	HISTORICAL_BACKUP	179719	.py	2565cd7d42bf5a5d482d1b6f34275d388d8e2b472d8f239a7b80686a42c1b036
backups/runtime/task-session-before-stale-recovery-20260809T030430Z.py	HISTORICAL_BACKUP	61293	.py	252b75502b8a7c87fed79734f6d76b749cf2127a2edda8c7b701e64bc5d14714
backups/runtime/task-session-before-stale-recovery-20260809T030636Z.py	HISTORICAL_BACKUP	61293	.py	252b75502b8a7c87fed79734f6d76b749cf2127a2edda8c7b701e64bc5d14714
backups/runtime/task-session-before-winter-discovery-20260809T092044Z.py	HISTORICAL_BACKUP	86060	.py	21dde7331fec62f61ae6bef08f5d75645fd2acc0a170ac1e1220e1de4e42ce50
backups/runtime/task-session-before-winter-discovery-v2-20260809T092241Z.py	HISTORICAL_BACKUP	86060	.py	21dde7331fec62f61ae6bef08f5d75645fd2acc0a170ac1e1220e1de4e42ce50
backups/runtime/task-session-before-winter-storage-20260809T091936Z.py	HISTORICAL_BACKUP	74866	.py	2dd390cd2a5c843230544a02e6777b0b3a206507b84ef0e6e39344c3a27fc382
backups/runtime-adapters/base-before-send-turn-20260809T005933Z.py	HISTORICAL_BACKUP	1646	.py	56b742a684841ab4be03f50fd4979872f65f8ca7346add7b45f7731b400282b0
backups/runtime-adapters/base-before-session-contract-20260809T005714Z.py	HISTORICAL_BACKUP	1202	.py	777e9a487199b6268debfc5dddeac36ed040d1c93d73968df0473329ff6fdda9
backups/runtime-adapters/base-before-stale-error-contract-20260809T030210Z.py	HISTORICAL_BACKUP	1847	.py	186a2b44b8b4534baf8ad044061619786a2cc5a9980abba7f30c75ce073c8e49
backups/runtime-adapters/hermes-before-runtime-loader-20260809T003238Z.py	HISTORICAL_BACKUP	1416	.py	3d6f4beb51ea6c87f2b32a962f5d1933303b3f566296e6f7a1f49af439b2c5b5
backups/runtime-adapters/hermes-before-send-turn-20260809T005933Z.py	HISTORICAL_BACKUP	24274	.py	b7de7f0dd4714ea93c798870f1070bacae5c662eb1114b72b1e163607bbfb8c7
backups/runtime-adapters/hermes-before-session-api-20260809T005714Z.py	HISTORICAL_BACKUP	14665	.py	ceda1c7d284105bb22a2e6976e8736af147b5933881991d7fc231de5508436c1
backups/runtime-adapters/hermes-before-session-model-fix-20260809T010212Z.py	HISTORICAL_BACKUP	30611	.py	0d2183f521056596eef45b7859bf6fe043f09d11c7f9ffb32ca6f13a9d8083c6
backups/runtime-adapters/hermes-before-skill-builder-20260809T004757Z.py	HISTORICAL_BACKUP	13256	.py	efbf8b199e02e0a98f57335456d6013b6723617064437b4cfda172b3fb6479f6
backups/runtime-adapters/hermes-before-stale-error-contract-20260809T030210Z.py	HISTORICAL_BACKUP	32160	.py	f7376d893bff124ca3aad97ddc2701f441ad85e49d60ee6b63fb557e8d969cf6
backups/runtime-adapters/hermes-before-toolset-transaction-20260809T003727Z.py	HISTORICAL_BACKUP	6127	.py	0ed535cd17071f3ddd2b28b68d4441ab32215accc327786ad423b7934922d3eb
backups/runtime-adapters/task-session-before-skill-adapter-20260809T004757Z.py	HISTORICAL_BACKUP	35678	.py	052cb2ebe436148960f480f58a4e4c242eb5dc3c8b578c7d88f515bcbce5b42b
backups/runtime-independence/active-before-neutral-last-applied-20260809T123509Z.yaml	HISTORICAL_BACKUP	579	.yaml	7904bc802fee0eadae5075c04f3df8359a0e44640da425fbdd62d28356dc9b60
backups/runtime-independence/bristlecone-workshop-before-neutral-last-applied-20260809T123509Z.py	HISTORICAL_BACKUP	10356	.py	c13710a68bb03a404b0d9a7bad4e983b90c54588e6d8c7f967d6a9cf08e1f827
backups/runtime-independence/bristlecone-workshop-before-runtime-neutral-controller-20260809T124226Z.py	HISTORICAL_BACKUP	10342	.py	c1ecd9830d71946b1baf2997757018e5c67899dada02315813c5e279baebc1f6
backups/runtime-independence/bristlecone-workshop-before-runtime-neutral-controller-v2-20260809T124545Z.py	HISTORICAL_BACKUP	10342	.py	c1ecd9830d71946b1baf2997757018e5c67899dada02315813c5e279baebc1f6
backups/runtime-independence/resolver-before-explicit-runtime-adapter-20260809T124226Z.py	HISTORICAL_BACKUP	15769	.py	e00da2c7eae59d36a0027a1d3232b54794eab7874a3203a7b6587575e78ccb1f
backups/runtime-independence/resolver-before-explicit-runtime-adapter-v2-20260809T124545Z.py	HISTORICAL_BACKUP	15769	.py	e00da2c7eae59d36a0027a1d3232b54794eab7874a3203a7b6587575e78ccb1f
backups/runtime-independence/task-session-before-neutral-last-applied-20260809T123509Z.py	HISTORICAL_BACKUP	182083	.py	9a38617ebd62185d4b4def8b29c59a4f7b832b7dfc2e8c44f4a37b8482050173
backups/runtime-independence/task-session-before-neutral-last-applied-branch-20260809T124842Z.py	HISTORICAL_BACKUP	182069	.py	2d605f213cb004c47136094f90e7c4568679003b3fb7cf374efc5b3523999556
backups/spring-summer-final/active-before-spring-summer-20260809T120838Z.yaml	HISTORICAL_BACKUP	579	.yaml	7904bc802fee0eadae5075c04f3df8359a0e44640da425fbdd62d28356dc9b60
backups/spring-summer-final/config-before-spring-summer-20260809T120838Z.yaml	HISTORICAL_BACKUP	9403	.yaml	436da2a229114b6848ddc76f959d54bcd63017f4f93eb015d7e323976274c30b
backups/task-state/active-20260808-193231.yaml	HISTORICAL_BACKUP	459	.yaml	064ae61b03cfb5153936ffa4267532304c78c0ba4e791725e9856aad5d1ed1d3
backups/workshops-before-registry/code-debug.yaml	HISTORICAL_BACKUP	479	.yaml	b360b5a3b09df73a648b2a0f11e1013fb73090815a2a391c50a007576db26b7f
backups/workshops-before-registry/design.yaml	HISTORICAL_BACKUP	454	.yaml	2150fb1c4322dde7cab5b1a2571d43dc563bd2462f8e9320fe8c49c90f13df3d
backups/workshops-before-registry/model.yaml	HISTORICAL_BACKUP	549	.yaml	38a2e1f358f471b8cec6c4671af1959d47c57c82140aec5051d9ea2f5bfe8811
backups/workshops-before-registry/research.yaml	HISTORICAL_BACKUP	450	.yaml	9aebb739dcd50556d6661aaf4fc3a28a7645ebb03d071c8a9f9c0712e877ab00
benchmarks/__init__.py	BENCHMARK_TOOL	468	.py	f0294c8a3bb4c78a5ca7cd9fab4ff341ff9d151741f5aa72967cc73450c69c64
benchmarks/__pycache__/__init__.cpython-314.pyc	GENERATED_CACHE	523	.pyc	27fa11b3079234d19be07c0e307ddd8307604bd1f0b787307a268289c7f0ab36
benchmarks/__pycache__/baseline.cpython-314.pyc	GENERATED_CACHE	6704	.pyc	b8f80d5d33b7d62be3ae88ff06a14a69bb2ce2210e4248014b003a66a26b5217
benchmarks/__pycache__/environment.cpython-314.pyc	GENERATED_CACHE	8872	.pyc	68afe7e24af60d79bbf30bfd45f679348ad0d419e5c9f45aee55b3b07e28b574
benchmarks/__pycache__/records.cpython-314.pyc	GENERATED_CACHE	7633	.pyc	1e2fe285fbd799e3ada0bf88b5adb9651459748719f8b68d4d5d5b83fb92cc73
benchmarks/__pycache__/timing.cpython-314.pyc	GENERATED_CACHE	5356	.pyc	d65d5daf421cdcf09fc5407dec58b0b8896306981159b327152ded1051702097
benchmarks/baseline.py	BENCHMARK_TOOL	4500	.py	b7f0a5eeb16b9adfb326a43da6304aef3785904c53d768aece52936bb4193b7c
benchmarks/environment.py	BENCHMARK_TOOL	6602	.py	7be9fa54e36b73a1b148ee732f26b7f5c928009482ac19ff7ecc12454151f3a6
benchmarks/phase14_11L/METHODOLOGY.md	BENCHMARK_EVIDENCE	9172	.md	508e3db5264086d3722b6ca06d76b17eea61ba1a5ab29f50248db756af7d1f70
benchmarks/phase14_11L/baseline.jsonl	BENCHMARK_EVIDENCE	1484	.jsonl	7b6b0608826035e64e4c7968504730749ffa7147b08a88a817d914312513abb3
benchmarks/phase14_11L/l10_independent_certification.json	BENCHMARK_EVIDENCE	3645	.json	a849302391fd5d91159b1c9409b80e3f1f5ac11108eaaf46145cc8fa83365e84
benchmarks/phase14_11L/l10_sustained_session_raw.json	BENCHMARK_EVIDENCE	15787	.json	e592c4ff7fa339b18a977cd1da0412a74035caee6c8f16a403f1b51a0697f6f7
benchmarks/phase14_11L/l10_sustained_session_summary.json	BENCHMARK_EVIDENCE	3977	.json	99884aff29cba88c8057f916b83b6dad537aa26a29e850737ca471942454fd46
benchmarks/phase14_11L/l1_control_path.jsonl	BENCHMARK_EVIDENCE	26425	.jsonl	1c9f1b3cd4a48e5033daa97cce1733e1e3473f4208c913b6f83dbcb3e96e01b6
benchmarks/phase14_11L/l1_control_path_summary.json	BENCHMARK_EVIDENCE	1551	.json	8e5f27faa480a36287ee2943a49a3a7fd5d19b51fdd976949b4e253ad0838d29
benchmarks/phase14_11L/l2_cold_small_summary.json	BENCHMARK_EVIDENCE	1548	.json	a38b5135a14b9873bc29d46021642caba6d1844048cb4e16b562462f737df61c
benchmarks/phase14_11L/l2_cold_small_trial1_raw.json	BENCHMARK_EVIDENCE	4350	.json	4fc65acb1c96738b0082fc1be5aa2213bb9f5a966682b219559c992bad03beb0
benchmarks/phase14_11L/l2_cold_small_trial2_raw.json	BENCHMARK_EVIDENCE	4272	.json	bcdab875e7120a1bde9e7186a21652afefc178a03bd2371800b46a2d8b324500
benchmarks/phase14_11L/l2_cold_small_trial3_raw.json	BENCHMARK_EVIDENCE	4268	.json	24983d0fb8d204d3d2f44c69070bd529c968b21933b55a3f6808c57a7e81ed59
benchmarks/phase14_11L/l3_warm_small_summary.json	BENCHMARK_EVIDENCE	2440	.json	f26410723916afd27c538b274498f57e31d412734710f6dbd133626df468088a
benchmarks/phase14_11L/l3_warm_small_trial1_raw.json	BENCHMARK_EVIDENCE	5064	.json	abc98dac7c089d05002e3e90306555048f912965216faa2d04ed34fd1ef08190
benchmarks/phase14_11L/l3_warm_small_trial2_raw.json	BENCHMARK_EVIDENCE	5057	.json	f4e83a0def05e44b099c54acbeaa215ead5c2cf4d1fb75adf8bba5d2293b4f00
benchmarks/phase14_11L/l3_warm_small_trial3_raw.json	BENCHMARK_EVIDENCE	5063	.json	2417d94db74216ebb81de08fb3feae78c3411a7f529618f5e652aba9b4f9989f
benchmarks/phase14_11L/l3_warm_small_trial4_raw.json	BENCHMARK_EVIDENCE	5060	.json	dc2f3b5f296716c215ac43490a1d5b45ce523db8c0afc1809832b2aae9b52140
benchmarks/phase14_11L/l3_warm_small_trial5_raw.json	BENCHMARK_EVIDENCE	5120	.json	fc92b22745945f2c8e629685af12064069d2c134384a66e9536d1f758c489060
benchmarks/phase14_11L/l4_same_session_summary.json	BENCHMARK_EVIDENCE	2371	.json	dad589fe7d8ef0790ae73c9993ae078a1e0a091be79c9c0f3808021210a2cc80
benchmarks/phase14_11L/l4_same_session_trial1_raw.json	BENCHMARK_EVIDENCE	1336	.json	0b7c99ca91dab189d214b426d16bece53a96307683338a8bbcac11e0b1f061ef
benchmarks/phase14_11L/l4_same_session_trial2_raw.json	BENCHMARK_EVIDENCE	1334	.json	366454b297d090aa29e6ab0d89dcd334462134accb96f0429ed3f22f6e43889f
benchmarks/phase14_11L/l4_same_session_trial3_raw.json	BENCHMARK_EVIDENCE	1333	.json	4d08c4b7f8077dfa6e353f36e41fbb3a9d9d5b2fa5e646bf2cc540a4c52167f5
benchmarks/phase14_11L/l4_same_session_trial4_raw.json	BENCHMARK_EVIDENCE	1336	.json	302eecb79c462ee11bf570a8228789bb96e6ce2e5de77345a675fbd12733f1a5
benchmarks/phase14_11L/l4_same_session_trial5_raw.json	BENCHMARK_EVIDENCE	1332	.json	cb5bd44bc4aa67d9bb8a1b335cb71ecfaca7ba960fbd5b1ec90b7b551ca5b95e
benchmarks/phase14_11L/l5_concurrent_pair1_raw.json	BENCHMARK_EVIDENCE	1643	.json	e79d176361ab268fa31e92a704f0c0ebd34ba3d222bf2291b1efc4ece821e404
benchmarks/phase14_11L/l5_concurrent_pair2_raw.json	BENCHMARK_EVIDENCE	1643	.json	c5c549ac8e6b4cc8c9f89add8f4c786b64411544cd317bd0e0e4807138f24b2e
benchmarks/phase14_11L/l5_concurrent_pair3_raw.json	BENCHMARK_EVIDENCE	1649	.json	1450ec55dab5b15e96f17df3dfa54fd4a33eb7152ff9a82a898b00142e0aa074
benchmarks/phase14_11L/l5_concurrent_pair4_raw.json	BENCHMARK_EVIDENCE	1646	.json	e3cf9d58f9fb404db83f546fb7253cd75cf0e7694109bcc08ea66fb0247221c2
benchmarks/phase14_11L/l5_concurrent_pair5_raw.json	BENCHMARK_EVIDENCE	1648	.json	a1d96631c8bf038e9c40a5136671dc59910c5c43ef50b49f20c544f24b0b0821
benchmarks/phase14_11L/l5_multicontext_summary.json	BENCHMARK_EVIDENCE	5228	.json	deb82990ad6ffaefe40cb7fab1e5462bea02a35173cdcefb6aabf9815cf3e4ef
benchmarks/phase14_11L/l5_sequential_pair1_raw.json	BENCHMARK_EVIDENCE	1349	.json	28acddfd8ef1e59af5635c4fcee12704737d99693bdb44b44f4447b6fab2e546
benchmarks/phase14_11L/l5_sequential_pair2_raw.json	BENCHMARK_EVIDENCE	1347	.json	875fa1a9aeb32cd0a880d9e002d47b47544424c4172b70586e86312d77fbd9e7
benchmarks/phase14_11L/l5_sequential_pair3_raw.json	BENCHMARK_EVIDENCE	1347	.json	5bbb32de0c16bc15269e71930ec2a87e4e4c95f11ff56ae70150c1279adb390c
benchmarks/phase14_11L/l5_sequential_pair4_raw.json	BENCHMARK_EVIDENCE	1349	.json	4b003a8b6da2d51aff929d668a8166ef8aef5a583e74d2924028259f6871e1ff
benchmarks/phase14_11L/l5_sequential_pair5_raw.json	BENCHMARK_EVIDENCE	1347	.json	001a7a3fb671f698f07dcb4aa0d8410235d0d8213f4c676950a5e5820f56a07d
benchmarks/phase14_11L/l6_reasoning_deep_trial1_raw.json	BENCHMARK_EVIDENCE	1026	.json	be44f27e264eaf50ab053ea6891ef896a784bf296b58b9073c9df4bc93644c54
benchmarks/phase14_11L/l6_reasoning_deep_trial2_raw.json	BENCHMARK_EVIDENCE	1028	.json	8d5a7c65f8c9adc846a2ba301b1e60e495eb07f205aa9c4fe3467883903350ab
benchmarks/phase14_11L/l6_reasoning_deep_trial3_raw.json	BENCHMARK_EVIDENCE	1026	.json	7d86c2dc29f0504fe5a27abcf89263e4fc9db3a3cb17776f2345140aef23c7bb
benchmarks/phase14_11L/l6_reasoning_deep_trial4_raw.json	BENCHMARK_EVIDENCE	1026	.json	ddb46fa5dabf1f87ea378ab954785e30d852e894c0961403081bf3ca89f1528a
benchmarks/phase14_11L/l6_reasoning_deep_trial5_raw.json	BENCHMARK_EVIDENCE	1026	.json	70ab90753775ce70f62c208aec3a1a3530a64024f0ee0958151c5c9b59dd26d3
benchmarks/phase14_11L/l6_reasoning_light_trial1_raw.json	BENCHMARK_EVIDENCE	1030	.json	3d0d5b289dea4d30ef25e6440942a1f83292751e2d0d105e16436e6fe9a42c09
benchmarks/phase14_11L/l6_reasoning_light_trial2_raw.json	BENCHMARK_EVIDENCE	1028	.json	b6d607da6ac389bc507f42f2bf3b1237acb051780b3c49c2f21b5efcb98a8531
benchmarks/phase14_11L/l6_reasoning_light_trial3_raw.json	BENCHMARK_EVIDENCE	1030	.json	5132dc1c8c72c5a7bbb5151a1ad7cc7aba13b0761908910e3b1fa3e3f5f7cbbd
benchmarks/phase14_11L/l6_reasoning_light_trial4_raw.json	BENCHMARK_EVIDENCE	1028	.json	29726df6126cf57c4da827a22795a6c6814ca6ff8a54ce013ad90f37ddb68ac4
benchmarks/phase14_11L/l6_reasoning_light_trial5_raw.json	BENCHMARK_EVIDENCE	1028	.json	e449bdb239f939984cc029ea9b7389752c72d6c0b208242c633136ef222323ad
benchmarks/phase14_11L/l6_reasoning_normal_trial1_raw.json	BENCHMARK_EVIDENCE	1034	.json	488ae01612e3c6bfd12c713465885632b5e37ab099d60c40e286053490febab5
benchmarks/phase14_11L/l6_reasoning_normal_trial2_raw.json	BENCHMARK_EVIDENCE	1034	.json	055aa178a38e52bb3f62bdd0ab32637101ab6d881e2b45ea55ca250d59432c8a
benchmarks/phase14_11L/l6_reasoning_normal_trial3_raw.json	BENCHMARK_EVIDENCE	1033	.json	8c5400113bef4ed2bd46d8ea18dc9d8b7e7cd8e99ee720c0e46da854b571233e
benchmarks/phase14_11L/l6_reasoning_normal_trial4_raw.json	BENCHMARK_EVIDENCE	1032	.json	06fbbecbab689ee0e1da8bfba09104aecf6b31d0981d9d71dc233916f8c26b16
benchmarks/phase14_11L/l6_reasoning_normal_trial5_raw.json	BENCHMARK_EVIDENCE	1036	.json	019248c8b4f3e4fd3ff00e55fd60ec8d69da46313242cb3d07bb88ec6caf80d0
benchmarks/phase14_11L/l6_reasoning_summary.json	BENCHMARK_EVIDENCE	10963	.json	73d993e0ae9de647478a58b49fb8461cddcf1c96b0f9dcb7c6fe16aca5f18d5c
benchmarks/phase14_11L/l7_surface_a_trial1_raw.json	BENCHMARK_EVIDENCE	2038	.json	632561a2c1a01c4509bf9068414eae2912d3481bab5a1b222cbcf911dfd64ddf
benchmarks/phase14_11L/l7_surface_a_trial2_raw.json	BENCHMARK_EVIDENCE	2040	.json	b22ad518a2e2e7e42d40576bcaedc69e13df6f8b7a3fe02339d7a6d83319341c
benchmarks/phase14_11L/l7_surface_a_trial3_raw.json	BENCHMARK_EVIDENCE	2041	.json	22f0562a1caf4f24a39876f344d00baa5ba65bc4389c61f044ad66994dc6c489
benchmarks/phase14_11L/l7_surface_a_trial4_raw.json	BENCHMARK_EVIDENCE	2041	.json	a3a1f78feb949c250525abb041c5b681e1caebb06362cf1f23d888aded6ad10f
benchmarks/phase14_11L/l7_surface_a_trial5_raw.json	BENCHMARK_EVIDENCE	2040	.json	c44c128e4b3aa5efc6d330060261a4d1d0b180d5e53917abe68c7b68504ea520
benchmarks/phase14_11L/l7_surface_b_trial1_raw.json	BENCHMARK_EVIDENCE	2136	.json	72c2fbecf250baf4f5e524da87ced3a4c70a32101c607a4e5eee32822be7be87
benchmarks/phase14_11L/l7_surface_b_trial2_raw.json	BENCHMARK_EVIDENCE	2136	.json	b80b1af6f4d5a28ece737ba1d8426c073c3c6fcfe390f38cc37e6efd1d9277d0
benchmarks/phase14_11L/l7_surface_b_trial3_raw.json	BENCHMARK_EVIDENCE	2136	.json	7aaa4d77b455cd2ff7d0d6bf3c2cf59152d31ccb03d42832590668a57d473cfc
benchmarks/phase14_11L/l7_surface_b_trial4_raw.json	BENCHMARK_EVIDENCE	2136	.json	a1dcbad33005ef7c20e9693935fb87ee251d68980a57659957e0d966922030b8
benchmarks/phase14_11L/l7_surface_b_trial5_raw.json	BENCHMARK_EVIDENCE	2134	.json	5264d5fe1ca9051378ffb3f031f7074d343b8473de8384303a1b47bcd8ea1626
benchmarks/phase14_11L/l7_surface_c_trial1_raw.json	BENCHMARK_EVIDENCE	2313	.json	6cb94732bc55bcfcdeaf583fedd21252e91d72812e936461c5ac6b275ef451fb
benchmarks/phase14_11L/l7_surface_c_trial2_raw.json	BENCHMARK_EVIDENCE	2316	.json	17a42ddae36d1507b7ecf244daa1c0dc84fe42758450007c3d22c2e9814f674c
benchmarks/phase14_11L/l7_surface_c_trial3_raw.json	BENCHMARK_EVIDENCE	2315	.json	44043b07f052075f7e6dc7caa6562141c11a2a05a3ae64fee9ee94020a5c5cf5
benchmarks/phase14_11L/l7_surface_c_trial4_raw.json	BENCHMARK_EVIDENCE	2315	.json	8451b5071c6631dd54e9ac66e2c5053340c776724e1e41239b52a23aa858d2e2
benchmarks/phase14_11L/l7_surface_c_trial5_raw.json	BENCHMARK_EVIDENCE	2315	.json	9df1f222d02553e964ddbaffe67af282362795cb7de22d95dac26b6f64a63f03
benchmarks/phase14_11L/l7_surface_d_trial1_raw.json	BENCHMARK_EVIDENCE	2613	.json	4eaf1bcd9e47bd8ee5db0a6f9e372a9f1ca440e2fe8728929c606844aa65bc87
benchmarks/phase14_11L/l7_surface_d_trial2_raw.json	BENCHMARK_EVIDENCE	2613	.json	7fcc6fabb438c8b9da8803295fdeb4ec9267e2b38acf15fddea7b63f86ed7b76
benchmarks/phase14_11L/l7_surface_d_trial3_raw.json	BENCHMARK_EVIDENCE	2613	.json	2bdba87203f10c85595b18c6bca3c82ae348c35fe735362d659d753f34fb21be
benchmarks/phase14_11L/l7_surface_d_trial4_raw.json	BENCHMARK_EVIDENCE	2614	.json	8b4da5a22d7242cf52db25a839549a80db9a016db199ac1c3833c5a36342aa71
benchmarks/phase14_11L/l7_surface_d_trial5_raw.json	BENCHMARK_EVIDENCE	2613	.json	131effcb6bb6f69c6db77c499cb26f67e7f4fa168d70fe17bfb81362a50ad2cb
benchmarks/phase14_11L/l7_surface_summary.json	BENCHMARK_EVIDENCE	9710	.json	a388736294fe4c24caed7f0aeeb2b875481b39ab65508692240ef3aac6cfa418
benchmarks/phase14_11L/l8_governor_raw.json	BENCHMARK_EVIDENCE	7252	.json	2c9e70239070edac150646fe00f75593fea1baf7522ccbb182b32860ee47cb91
benchmarks/phase14_11L/l8_governor_summary.json	BENCHMARK_EVIDENCE	2360	.json	7f51d85b38cb705cb495bfb56a142bc65d0f85d3f7905774ea7eab2e937ce3a5
benchmarks/phase14_11L/l8_residency_effect_raw.json	BENCHMARK_EVIDENCE	699	.json	243c92316063a368712d690eb06b1fd636d571e881e812b572358e1682e8b166
benchmarks/phase14_11L/l9_hermes_session_cost_raw.json	BENCHMARK_EVIDENCE	12909	.json	cbe31786ff78742442eee72c39282cbcfb888db4b178338605ed4453f104f4f1
benchmarks/phase14_11L/l9_independent_certification.json	BENCHMARK_EVIDENCE	1719	.json	48ebec6c61e2bb3a5e89ebb6aa606ba58128f6da8de5130593a7197a224af243
benchmarks/phase14_11L/l9_matched_recovery_raw.json	BENCHMARK_EVIDENCE	5997	.json	c66535846e9ec532eef8d1c7f750b0119a20e3b0d66ec81e6ac184e2cb8de944
benchmarks/phase14_11L/l9_real_recovery_trial_raw.json	BENCHMARK_EVIDENCE	3023	.json	14ec9478a04c1760677c18c8981449b959f153b7a232c60fd8dd3b48268b7fbf
benchmarks/phase14_11L/l9_recovery_control_raw.json	BENCHMARK_EVIDENCE	283342	.json	944c68ded31899f29b5ae1ef6d0f55cca1451b3f065f6e124ccea7bf018a3553
benchmarks/phase14_11L/l9_recovery_summary.json	BENCHMARK_EVIDENCE	6892	.json	68b9ef58980c62c3686d90c087b45b020d54a2fa2c7cf119caad0a045abbce4f
benchmarks/records.py	BENCHMARK_TOOL	6378	.py	78700a8218d915eb6356f1cfb4bfb1e49b894b6bdf6341b1c892a4722fdff55e
benchmarks/timing.py	BENCHMARK_TOOL	3076	.py	adda1ba53d8d854b1168909aafc351b3328ff64fd8526e5434db53067581edab
bin/__pycache__/bristlecone-workshop.cpython-311.pyc	GENERATED_CACHE	13234	.pyc	a897d4af798fe13ecbc11e10502df9874742c966d163fcd81195ccbfecaf33ac
bin/bristlecone-workshop	CURRENT_SCRIPT	217		e8c7135faff3127ddf758d23a7f56bd66c072ca5a2d5c5e051c7f74af5935919
bin/bristlecone-workshop.py	CURRENT_SOURCE	10331	.py	c1dba1892ee33f970f46d2286f9bdf4d84aed8277e08049602e74c6e556a2bb0
bin/forest-reasoning-menu	CURRENT_SCRIPT	313		e9ee1ff940974cceb8eb856e9d58fa15eb752ba92e8081e7a3ec86e936d6b883
bin/resolve-workshop	CURRENT_SCRIPT	4581		8ae1129239309e8caabbe4fe04ea6b3f5646580c32453cc4ce13eea45606b398
bin/show-newelle-connection.sh	CURRENT_SCRIPT	225	.sh	2c781947028c013f882a9d2ee8556333423cd6395fa0fb49ce866b17a717ef2e
bin/start-bristlecone-api.sh	CURRENT_SCRIPT	1275	.sh	dcacfee132ce66c8fb8bfda0e18c624ec6552c6fad438450101605dee3cbba55
bin/status-bristlecone-api.sh	CURRENT_SCRIPT	448	.sh	b0adb86ada9e3dd01af592a1def9b4e9fb242d2be263f8dc881211da0582dcc5
bin/stop-bristlecone-api.sh	CURRENT_SCRIPT	1017	.sh	5be102c94a630ae3b9cd03f64d50179450b4a52ed46b3f054f3fb0a083870f82
bin/test-bristlecone-api.sh	CURRENT_SCRIPT	932	.sh	45f50345871cc5cef7e95cee12435dc4d43fc6661562a6bd291e749b06c3536f
bin/verify-bristlecone.sh	CURRENT_SCRIPT	1209	.sh	1434efa215d25f0ba1dfc124c495f4c4d1c843ab4c8c9de84e0155fe3f249768
bin/verify-live-workshop	CURRENT_SCRIPT	1803		0960d50536fd6ce4bddc97876b745502bd86c3ce9a47bb90211502a0ea81a0e3
cache/__init__.py	CURRENT_SOURCE	294	.py	6ad14ad62f666dfd89bc6068967ce6bb5fd8565d0eb57cd5fb6c4c99ab4bda4c
cache/__pycache__/__init__.cpython-311.pyc	GENERATED_CACHE	463	.pyc	dd57e0f57d370959b52fdc0f2d259f72358754d26f87b0c6386f12f51aa8a03a
cache/__pycache__/__init__.cpython-314.pyc	GENERATED_CACHE	420	.pyc	d3e96538c3ceb65f059f46ec5908a6ed1bd8a57237a0c30ad8c3bcac2329bb3c
cache/__pycache__/coordinator.cpython-311.pyc	GENERATED_CACHE	6542	.pyc	2c81d7b7c28bf1c6108edc98111e4e7c3e6f39d765c97ecb634b08eece5a5e82
cache/__pycache__/coordinator.cpython-314.pyc	GENERATED_CACHE	6004	.pyc	774e78dedf180abeb156292cf127d7e5fc2fd852a51417f1a95949346c618010
cache/__pycache__/entry.cpython-311.pyc	GENERATED_CACHE	3428	.pyc	67f02049ba1b891d4719837b84b333b8285182f4b3d35a4957fd7a687ddf93a3
cache/__pycache__/entry.cpython-314.pyc	GENERATED_CACHE	3859	.pyc	b080ee5c68890e3b621065104fe2e5295e351aacf57a6fbec6ca738b3bdd082c
cache/coordinator.py	CURRENT_SOURCE	4700	.py	3f0ff65a1362170e62b181048aa638bba93778809ccdebdd77a672ecb17a89f2
cache/entry.py	CURRENT_SOURCE	2105	.py	5fcdcd629b83e249da4563cfdd3d56f3e43adb867a7016002466574fb7a771e7
capabilities/__pycache__/resolver.cpython-311.pyc	GENERATED_CACHE	20644	.pyc	51cca67c0268dd135b10c8bc97823751525f5961e3bff52a9a05929ece08c789
capabilities/__pycache__/resolver.cpython-314.pyc	GENERATED_CACHE	18667	.pyc	8aef9be21ef086c1d3b14e48a67960eb8655383ab2815677b8dd1e3103e74ac5
capabilities/registry.yaml	CURRENT_CONFIG	2035	.yaml	aa2fcd57c8d427844854ce5aef50c115d206a40c12271d9e78c21eefcdb0d545
capabilities/resolver.py	CURRENT_SOURCE	27938	.py	c4edbb816c61b282a5fd560793c0b3aa9027b8d07544e5c9c15ec4f0a4842f23
certification/phase14_11H5/H5_CERTIFICATION_MATRIX.md	CERTIFICATION	4328	.md	434f0fb9619439851e3fe124f4122884aa082ab4c79328c1bcdf5e3289ee5c79
certification/phase14_11H5/PREP_STATE.txt	CERTIFICATION	432	.txt	41a7751fbab60071a160cbca66b726e91297d0c2bd3c92af6ece02efebc63328
certification/phase14_11J2/J2_RESULT_FIELD_MAP.txt	CERTIFICATION	0	.txt	e3b0c44298fc1c149afbf4c8996fb92427ae41e4649b934ca495991b7852b855
certification/phase14_11L1/__pycache__/control_path_benchmark.cpython-314.pyc	GENERATED_CACHE	14124	.pyc	278bf6736055b0ec4eefbf0ec469f0e1e265ee599a9d8f05a4bf373f095c37c6
certification/phase14_11L1/control_path_benchmark.py	CERTIFICATION	14773	.py	c72bbe2b3bb563939e806dfa98e4e2c141bbc32f6451e22ec30b0359cac625b4
certification/phase14_11L10/__pycache__/analyze_sustained_session.cpython-314.pyc	GENERATED_CACHE	20945	.pyc	af6808ce9a47e41e3732ab8c834271de05458f5354cfa81cb73a290226591215
certification/phase14_11L10/__pycache__/independent_certify.cpython-314.pyc	GENERATED_CACHE	28906	.pyc	a2ebdf03b2c4e08afaa2aee114ffddb0bcab7c76bc8c698f69e8f477aa69c02f
certification/phase14_11L10/__pycache__/sustained_session_benchmark.cpython-314.pyc	GENERATED_CACHE	20627	.pyc	295a4e3cb6a81c3ee563a87433ffe00701b5a461dc238bc30967fb85a192416e
certification/phase14_11L10/analyze_sustained_session.py	CERTIFICATION	22509	.py	7a9a5800159f63791108bf77fa7c95467c1fa8190dab7164829fe889d035ad9d
certification/phase14_11L10/independent_certify.py	CERTIFICATION	29864	.py	269bbaedcd63842d8be223b0c84b52a9e22232cc89822bc3e75ff47591615264
certification/phase14_11L10/sustained_session_benchmark.py	CERTIFICATION	22621	.py	f2397758642dd7c51c2240608df4846dfc8ee80258abf11619e392fa34a3bed4
certification/phase14_11L11/__pycache__/build_evidence_inventory.cpython-314.pyc	GENERATED_CACHE	10537	.pyc	e9318275a02377351a7311f6693123c5b26034ff2521710f83c9fc32d0c1be1b
certification/phase14_11L11/build_evidence_inventory.py	CERTIFICATION	12634	.py	d8d9f306a1913c0244343b31c347be70e1d2bdcb749d97bf484c9394bede0585
certification/phase14_11L2/__pycache__/cold_small_trial1.cpython-314.pyc	GENERATED_CACHE	16474	.pyc	03606474fa935001e7f81b81da5822b5ab841ce4f3da42fa9c071fc6d1c6c5c1
certification/phase14_11L2/__pycache__/cold_small_trial2.cpython-314.pyc	GENERATED_CACHE	16474	.pyc	034bbf47af3c44e5af8b950e4b31a69642b98b25f9b74b8638b204c3fc1c7f0c
certification/phase14_11L2/__pycache__/cold_small_trial3.cpython-314.pyc	GENERATED_CACHE	16474	.pyc	bf46d64980536e9b524acea40775dbdcb20763575e240e0dd6a001d5461a7930
certification/phase14_11L2/cold_small_trial1.py	CERTIFICATION	14373	.py	7bfc1c737ca5acaacc09eb75004f932ec706596a920e1bf6d61fd558edd65daf
certification/phase14_11L2/cold_small_trial2.py	CERTIFICATION	14373	.py	aa0b576e9aa432206b0a15cf503dcbd97f0925bc9228d5658cec043705099bd5
certification/phase14_11L2/cold_small_trial3.py	CERTIFICATION	14373	.py	bb875127f1f59d092a159b3ed86b7f2f1232959087b71d338b0aaf93ca421e8f
certification/phase14_11L2_B/l2_three_trial_certifier.py	CERTIFICATION	8663	.py	c27e9fb5d48fa09f04926c77b17c23caf6bf1bae892d7fb79e14f2cc0fe1eba5
certification/phase14_11L3/__pycache__/warm_small_trial1.cpython-314.pyc	GENERATED_CACHE	17270	.pyc	4af1bc693ed109aeb26f9385ff68a25f26fe3fd80ee94a0169ebd02ed3183f2b
certification/phase14_11L3/__pycache__/warm_small_trial2.cpython-314.pyc	GENERATED_CACHE	17280	.pyc	63d10b42327c364e72eb033d85020d8c8cfc734fd8e1da9bed560e0624990ae7
certification/phase14_11L3/__pycache__/warm_small_trial3.cpython-314.pyc	GENERATED_CACHE	17280	.pyc	ecfe0642b5ce224cc93fdef0eb69b444db88dd2f47f09dc9d3d2bb526cc4e944
certification/phase14_11L3/__pycache__/warm_small_trial4.cpython-314.pyc	GENERATED_CACHE	17280	.pyc	79c5a397f3de6bee6a752b3b34b1934a5a18cd1b90fde7821ff95779525c4966
certification/phase14_11L3/__pycache__/warm_small_trial5.cpython-314.pyc	GENERATED_CACHE	17280	.pyc	f823eeefde53b3522eb3867e52ac693815eacab2f36557307c3a3d004fc9d3b2
certification/phase14_11L3/warm_small_trial1.py	CERTIFICATION	14907	.py	5cc28932e108783933e956992816e9d5122f989cf57a6355d80077464281be2f
certification/phase14_11L3/warm_small_trial2.py	CERTIFICATION	14917	.py	7c7ed020a2574bd7e3e248d2e324f35f8bc9bc0ceac7aadbe5180d71ed03f742
certification/phase14_11L3/warm_small_trial3.py	CERTIFICATION	14917	.py	5ca22e5a6ec0ba89b3e1176da60258920d1122634c8a89c8bb7803c3ff23d2cd
certification/phase14_11L3/warm_small_trial4.py	CERTIFICATION	14917	.py	f57ab7d9605b28ebef7d16581d0fe6929ffd61eb700156dad51a16575fb98cc5
certification/phase14_11L3/warm_small_trial5.py	CERTIFICATION	14917	.py	cfcfd9e814f130d74c2a8e55c19bdc33c515336e43726b67a8ba0ade5d88c6bc
certification/phase14_11L4/__pycache__/reuse_trial1.cpython-314.pyc	GENERATED_CACHE	12455	.pyc	4ef67ee8da89728baa2830ba209074e25643da94c16b2e7ac2f63f6cad237f1b
certification/phase14_11L4/__pycache__/reuse_trial2.cpython-314.pyc	GENERATED_CACHE	12455	.pyc	5207dd80c7c15a6ee42e3e5b791bdc254bf0ccfe7a2b71f27f8639d6510255d8
certification/phase14_11L4/__pycache__/reuse_trial3.cpython-314.pyc	GENERATED_CACHE	12455	.pyc	9c0ac0fdaf1207646d1dd6970d74f85d8254a4d5d4f4c38b1df2794125f5c060
certification/phase14_11L4/__pycache__/reuse_trial4.cpython-314.pyc	GENERATED_CACHE	12455	.pyc	40df3b36b2a203e315e8eec0603bbd17666791e49512fab9c34dccf39d83ed9e
certification/phase14_11L4/__pycache__/reuse_trial5.cpython-314.pyc	GENERATED_CACHE	12455	.pyc	7f78c852918248f18a59d3b5368f2b367d4940c3e42683cb2434c9ec57b92df8
certification/phase14_11L4/reuse_trial1.py	CERTIFICATION	10461	.py	ce343935d5c8078d3c9f802609d662a2650f9a4e269b1f209967f3aac7a5d9dd
certification/phase14_11L4/reuse_trial2.py	CERTIFICATION	10461	.py	dffe871e7dc021ff0bf0af28144a1549678a88bcf8952d159b31af65e69cee28
certification/phase14_11L4/reuse_trial3.py	CERTIFICATION	10461	.py	8a497107f42c6eb782f040b6e71fae805350f42fff0e25bec42b88707a785480
certification/phase14_11L4/reuse_trial4.py	CERTIFICATION	10461	.py	0ae2e98ae899994443474ac076d2a255b8fed2d34cab376bc40fd676de9217d9
certification/phase14_11L4/reuse_trial5.py	CERTIFICATION	10461	.py	65c63a4af929b8460a1fdf1ac78f11e2a7429f08d4877a1b47e0b401bce87d04
certification/phase14_11L5/__pycache__/concurrent_pair1.cpython-314.pyc	GENERATED_CACHE	14433	.pyc	3ee7d55f1f146a13e6fbe7195f0541bf18f7296118f2e727519c570d207778dc
certification/phase14_11L5/__pycache__/concurrent_pair2.cpython-314.pyc	GENERATED_CACHE	14433	.pyc	3b373163773a2bafb4aa1d26b27933d97759ae63495b032ee1bec42ee05a70d4
certification/phase14_11L5/__pycache__/concurrent_pair3.cpython-314.pyc	GENERATED_CACHE	14433	.pyc	88689c26bd4d377724b672481c48ccf4e0ae2b35c27efeb5b2dda82aece3d372
certification/phase14_11L5/__pycache__/concurrent_pair4.cpython-314.pyc	GENERATED_CACHE	14433	.pyc	15b312871d370a865dd0d2fa73816b9ff28496d70ff3198f5ea6944ec4f51a7b
certification/phase14_11L5/__pycache__/concurrent_pair5.cpython-314.pyc	GENERATED_CACHE	14433	.pyc	9cbe99a1abcb6e4cf83e9541655d4f1fa9c7cfea681bce536e4f2259e162ab0d
certification/phase14_11L5/__pycache__/sequential_pair1.cpython-314.pyc	GENERATED_CACHE	11744	.pyc	27b92dd65e6f9d5a0d5af88ce68d37cfaaa7494218cfe553bde23c644290b5e1
certification/phase14_11L5/__pycache__/sequential_pair2.cpython-314.pyc	GENERATED_CACHE	11744	.pyc	37404afa91c24971b4ece68e6941a065b6dc21c532a945bd5387e2c6747123ce
certification/phase14_11L5/__pycache__/sequential_pair3.cpython-314.pyc	GENERATED_CACHE	11744	.pyc	9ce23f7969a2100e685026ccd4b8093a86e6a0aa4db2f2292e065fc532fcff84
certification/phase14_11L5/__pycache__/sequential_pair4.cpython-314.pyc	GENERATED_CACHE	11744	.pyc	a8992c8fbdfa1ae08b491fb070b2adf3ceffd7b93e475270889a33bfd20e4330
certification/phase14_11L5/__pycache__/sequential_pair5.cpython-314.pyc	GENERATED_CACHE	11744	.pyc	f1d02528f81860249c471f56222add475f9f6c9387d5cce831ca1d263011daaf
certification/phase14_11L5/concurrent_pair1.py	CERTIFICATION	11847	.py	9b818d7c05060be9023ea32ae8c84b7a83e60a670189e32bfe23f1438a097238
certification/phase14_11L5/concurrent_pair2.py	CERTIFICATION	11847	.py	f552eb3cb8a5e4f1615e53286fa67776b46211b53a4c811c6b3ce31cc7dd600c
certification/phase14_11L5/concurrent_pair3.py	CERTIFICATION	11847	.py	f38da336c9082fd381c007c22d8e5bbc6dfabdb030736b39497440a229bd99f0
certification/phase14_11L5/concurrent_pair4.py	CERTIFICATION	11847	.py	0d8c9c166e5da25388f1b879973009360fd297f570afb74cb7f309edf031d26a
certification/phase14_11L5/concurrent_pair5.py	CERTIFICATION	11847	.py	1cd85c282fc80628db19028fc6eb18f8ccc1bfaa7b961300d9fe66802257e6f2
certification/phase14_11L5/sequential_pair1.py	CERTIFICATION	8929	.py	b3eb69b1bde7b2210f0b6e092e938bac2b9dbdcb9b89138ef11c94dfe8661e2a
certification/phase14_11L5/sequential_pair2.py	CERTIFICATION	8929	.py	a52d3029d250ef4897e7df44054470d627938baf3ca73b43f9b0547394910949
certification/phase14_11L5/sequential_pair3.py	CERTIFICATION	8929	.py	7d530f746385b711b115aeff44e50980d3feef9def5fed04f02033f2a9b161ee
certification/phase14_11L5/sequential_pair4.py	CERTIFICATION	8929	.py	c75accfe1460da6eacfe0a51d2d250c4bc243fbba8868518959f16ae9ae5f001
certification/phase14_11L5/sequential_pair5.py	CERTIFICATION	8929	.py	2c594614af9e2a15ed3b0f694be450ee903789ae6df8ac628d4558a01304eb6f
certification/phase14_11L6/__pycache__/reasoning_trial.cpython-314.pyc	GENERATED_CACHE	10001	.pyc	2fe46de6f3fc8ca2ac0cd946a6747588524ee3dd20d6d68dae244187ceaafd2e
certification/phase14_11L6/reasoning_trial.py	CERTIFICATION	7953	.py	ee7ecee9c7cdc9623354783a2c3706c57c3a776254fbe79ffda963d0758ccff6
certification/phase14_11L7/__pycache__/analyze_surface.cpython-314.pyc	GENERATED_CACHE	18649	.pyc	74f1867584238561b97a4d8f25b42bdcc8dff9aec1c458eae964370b76c521c5
certification/phase14_11L7/__pycache__/independent_certify.cpython-314.pyc	GENERATED_CACHE	22408	.pyc	270cfe3cb59ea315ea8668bf0f11a4b1c3c051abecfa344708353da0f20ba927
certification/phase14_11L7/__pycache__/surface_trial.cpython-314.pyc	GENERATED_CACHE	20258	.pyc	ab927b4552d53894f7f00c874d2b8e41b0510dbbc8f9ec7e2730687529b63e26
certification/phase14_11L7/analyze_surface.py	CERTIFICATION	17970	.py	a4cd9cc344ed8e6ed594aa6b9bc31568718101649fc0c9cf169c986aaeffce4d
certification/phase14_11L7/independent_certify.py	CERTIFICATION	20831	.py	957202c0dfb9fae3271c9f13be9934ae5865bc411ac7fa0cdbe7c2264a42399d
certification/phase14_11L7/surface_trial.py	CERTIFICATION	22161	.py	4ba7d460167269851b9c9d1f6ac966c9228b59d189b76f6178b63b57758cdedb
certification/phase14_11L7/surface_trial.py.before-neutral-view-20260812T190031Z	CERTIFICATION	20043	.before-neutral-view-20260812t190031z	1218faa5f9712c8e70979ee1cd1835a17183f483600a895848a65eb18c775122
certification/phase14_11L8/__pycache__/analyze_governor.cpython-314.pyc	GENERATED_CACHE	13948	.pyc	ad923efae0ed53cf84e1b36b0c2842f9e4baa518be1d9a3ef5e46195bd528410
certification/phase14_11L8/__pycache__/governor_benchmark.cpython-314.pyc	GENERATED_CACHE	15377	.pyc	37ec24aa8ad029b67cf0b7dadc3a4a43344b1694e2ccfd4c516c34627ea003c8
certification/phase14_11L8/__pycache__/independent_certify.cpython-314.pyc	GENERATED_CACHE	20661	.pyc	664f1c008e875ad9aad9ca49688c5a707035f706314630a61651f25df692e10a
certification/phase14_11L8/__pycache__/residency_effect.cpython-314.pyc	GENERATED_CACHE	5899	.pyc	65bbd9d7fea9a3728c522f9723f94b5e7f6ea3322d07ca60af77e19a3da3a3a0
certification/phase14_11L8/analyze_governor.py	CERTIFICATION	13867	.py	51c696a41e309c3b78894492e5747624775ee69589c77f473da63bc5609df220
certification/phase14_11L8/governor_benchmark.py	CERTIFICATION	16032	.py	f8ab314952c95fb01b2f5b0295eb89da605d6708e436e665c704d997dd7991f5
certification/phase14_11L8/independent_certify.py	CERTIFICATION	21889	.py	51b9cb8707a0901b7740232aeb2920e51968410bb48ded5599e8f6a1fcff2dec
certification/phase14_11L8/residency_effect.py	CERTIFICATION	5433	.py	e7c50bac53094207562af09b470a030abef400eeb283bbc510c8d8531605035d
certification/phase14_11L9/__pycache__/analyze_recovery.cpython-314.pyc	GENERATED_CACHE	26459	.pyc	5ae6ad22a2990cccb39042ad72d290da93d1ad2b9c4fe325f032b266bb9eaf76
certification/phase14_11L9/__pycache__/hermes_session_cost.cpython-314.pyc	GENERATED_CACHE	8616	.pyc	955b868dcf5a636a43b7f9b96133d598dc27b2e58d6544045bf142c35a128cfb
certification/phase14_11L9/__pycache__/independent_certify.cpython-314.pyc	GENERATED_CACHE	29824	.pyc	3eb16cce75ed16c0a1e87e332f149d08a828051a4138b6b3b39134bba9ffaf72
certification/phase14_11L9/__pycache__/matched_recovery_benchmark.cpython-314.pyc	GENERATED_CACHE	20415	.pyc	fdac82d84d2ed1c57caa63bcdfafda72dd5095a45933febd34fc64d2c9d24d78
certification/phase14_11L9/__pycache__/real_recovery_trial.cpython-314.pyc	GENERATED_CACHE	15375	.pyc	1470bdb6e3b9398daac4a5a863f1d36bfc89eb628d64033e8736d95d45568de5
certification/phase14_11L9/__pycache__/recovery_control_benchmark.cpython-314.pyc	GENERATED_CACHE	16247	.pyc	4c284a57bc406cfbd5d4d804e1f63b28420f5b3013e6d61fc27bee8757c89f96
certification/phase14_11L9/analyze_recovery.py	CERTIFICATION	30050	.py	146437f1e5d76d300ea24e8f26a03e1b8089d9431a5e050b21d41e30e748d308
certification/phase14_11L9/hermes_session_cost.py	CERTIFICATION	8760	.py	2e7a911e39c1b4fae8b6f18deb28af0cf14b2994adb84c53702538be87cbf1ac
certification/phase14_11L9/independent_certify.py	CERTIFICATION	33245	.py	383e7ae210adbd53acb26080288fd13edadea52c4ea61eb77e3fc53614846570
certification/phase14_11L9/matched_recovery_benchmark.py	CERTIFICATION	22343	.py	c8d1bc70f629b14f3314fd1c5e89078db1625f9db8af97fd5699c35b8b78e99e
certification/phase14_11L9/real_recovery_trial.py	CERTIFICATION	16562	.py	69a83958e9d4f8951b18fbb59825ae664eff93d8ae88b4fb0a380bdff46b5a5f
certification/phase14_11L9/recovery_control_benchmark.py	CERTIFICATION	18895	.py	4eaa7b4ce6153973f55566fa7087b5aed0b758fc58216aed4c2d4e61869c9eab
colony/__init__.py	CURRENT_SOURCE	420	.py	d30320794660e19ce6cfd1e593d5d59c10a79f5b02d06f4512244a0018f0af38
colony/__pycache__/__init__.cpython-314.pyc	GENERATED_CACHE	424	.pyc	a3cc1b7217c4e0f9fb3916be4f82383da039336a6a600c352f97d5557b186d04
colony/__pycache__/identity.cpython-314.pyc	GENERATED_CACHE	4096	.pyc	4c4f64c0f1ce7a5f0dc485372ee51a14aafa3a03ed49833af87a04c1fc43b0ae
colony/identity.py	CURRENT_SOURCE	3417	.py	0b95f47bc0f4321f722a4b6b092a40238ef4193a91ccc40e963233b6a1be627a
corpus/BRISTLECONE-PINE-IDENTITY-STATUS-SEED-0.0.2.txt	CORPUS	7923	.txt	9914aa999808de42f0cd035be754b816b96bd848b0773b7a2f75a369b7978cf4
corpus/CHERRY-MAPLE-DEVELOPMENT-LEARNING-GUIDE.txt	CORPUS	8616	.txt	be9ea6d43201f7310eddb98d42a249de1f7ea104e0956bef1819308b8831263a
learning/__init__.py	CURRENT_SOURCE	1107	.py	bcdf0dd132a9db31337928cdb5c461e1d4cdf531779d260e9d4e61cedd7c94ef
learning/__pycache__/__init__.cpython-311.pyc	GENERATED_CACHE	1191	.pyc	7fe61f5b4e9fb954fea9170863411c14537e60ecda89889599f4f0a2b676bfee
learning/__pycache__/__init__.cpython-314.pyc	GENERATED_CACHE	974	.pyc	03e4020869091bc40227cae60145acf32e5e8b89ed16a83f998576d0e5ad05c1
learning/__pycache__/context_matcher.cpython-311.pyc	GENERATED_CACHE	10198	.pyc	bbd655aef1c55a68cb117216fa45ff418d043b3747b2a863f7c82474e1ce9e8d
learning/__pycache__/context_matcher.cpython-314.pyc	GENERATED_CACHE	9118	.pyc	77a63bfe20dd8f5eb9ed24578a80f9ea0be3fd89abcc0b0b11cf9f8e46993f34
learning/__pycache__/context_state.cpython-311.pyc	GENERATED_CACHE	32546	.pyc	f5c3b910363d9e6c81a7b561cdf8357d63284dbadeec2e07bfe9832e11294239
learning/__pycache__/context_state.cpython-314.pyc	GENERATED_CACHE	29291	.pyc	ac78bad70c2304cde458cb6bdb064c7e2e8ffcdc3a188a0ac58f781e4519481e
learning/__pycache__/foundation.cpython-311.pyc	GENERATED_CACHE	41902	.pyc	9bf895ae20720e31dacb92bcf563798ffca4b4e5ce6fda1830d6da4f5bd7a115
learning/__pycache__/foundation.cpython-314.pyc	GENERATED_CACHE	38593	.pyc	3ec298d55c4ea5e836dbe90c6de963754ebbf2a361515a877cdf76c6b0b19bb1
learning/__pycache__/hot_context.cpython-311.pyc	GENERATED_CACHE	13017	.pyc	6633bc7dcd5a1202f5c28742de011d7191b93336248a4c36413968309bb2be58
learning/__pycache__/indexes.cpython-311.pyc	GENERATED_CACHE	10290	.pyc	7aff5092d9c3eff2bffc896984dc748b9712d662f5f92acd3727341f3e34fe25
learning/__pycache__/indexes.cpython-314.pyc	GENERATED_CACHE	9110	.pyc	afa2da33507edc7867e97ccd8df0d4f2427928811a99f347199012a9c3aada30
learning/__pycache__/operational.cpython-311.pyc	GENERATED_CACHE	1103	.pyc	43c08c61f912e6a12b95cbe499d1a16a85f0a76db5c1ef87cf46f80fc1d314ee
learning/__pycache__/operational.cpython-314.pyc	GENERATED_CACHE	994	.pyc	3fa7da301baf9976ac16e076b13e2f2ee4c20ea12297de057f89bfeaf7a3b5de
learning/__pycache__/operational_matcher.cpython-311.pyc	GENERATED_CACHE	10763	.pyc	07b87039e6bd59f71891bdc0f17441ee7b9feef45ebc1f01db7e40ace61bbfe8
learning/__pycache__/operational_matcher.cpython-314.pyc	GENERATED_CACHE	9622	.pyc	ae534b616e724b00081f68c310cc3c081e25388589cf2cf11eb0b35c838a04ea
learning/__pycache__/snapshot_provider.cpython-311.pyc	GENERATED_CACHE	17545	.pyc	a98356b2c6a8cf311c27f245cbe54a3bce2d6a15374e66ef175671fea4dbb2c2
learning/__pycache__/turn_instruction.cpython-311.pyc	GENERATED_CACHE	9996	.pyc	32a60fa647ff5ba3c080c9474f19bc4d65b018bed99ecde6d6ec5d9d0a9408ed
learning/__pycache__/turn_retrieval.cpython-311.pyc	GENERATED_CACHE	13752	.pyc	a814056f7728eb9783045c77dad517f8093c96bf598991ec7e2d985afa9b7634
learning/context_matcher.py	CURRENT_SOURCE	9534	.py	b1870ea17fb322971ea2808b0404391856b43c67640995211ce8c964931511a4
learning/context_state.py	CURRENT_SOURCE	34156	.py	4a504a12a461541fa6370a5dca608e368a0e74873b254ab3add34c5f365447ed
learning/foundation.py	CURRENT_SOURCE	39651	.py	cd785a840356ad55d6ef27fb2b441620fb8280bbbda0bf583b700aba35a9601c
learning/hot_context.py	CURRENT_SOURCE	13211	.py	7b6886b20c520c26bcfb45552309d4f8c246344df4829d24937adabb36a2953e
learning/indexes.py	CURRENT_SOURCE	11925	.py	d50fe67876c285e9ed34c829f00ce6475b899d5b8e20e5ab475b75fede6e2cf8
learning/operational.py	CURRENT_SOURCE	1054	.py	472c80b8de70cb051ef2d7f3db3fb79b821caf93a59a04180b10c329e23a2c2a
learning/operational_matcher.py	CURRENT_SOURCE	11404	.py	839c91d0cf406985b659da257fb85f50b238a030f6765d9ef7dbc847f2837620
learning/snapshot_provider.py	CURRENT_SOURCE	18961	.py	d0d513fbb69a1a69ada8948f3e04c2549f6284d8c65e924aeda993a54533fb99
learning/turn_instruction.py	CURRENT_SOURCE	10122	.py	4968d33e83118ffd93fbfae3607c3d1dde1982eede710e00d13eddf367842e4a
learning/turn_retrieval.py	CURRENT_SOURCE	16820	.py	3e78104ebf70a5f6e8cc00885c5cd88e47f6e5b510f623efe9a26e3f95ae7436
logs/bristlecone-api.log	RUNTIME_LOG	99081	.log	194292dd9f401300fab0f2f420881dfc48846b6a1c50c83ef8c571f8e73566f2
logs/bristlecone-api.pid	RUNTIME_LOG	6	.pid	9bfeecc60dac6d4e5b4838c2caa0488ed1eb56e30edb5693b0a71cc1c8775ec6
model_form/__init__.py	CURRENT_SOURCE	2158	.py	2c03f2e941001ea0d2a84603f14f6978cafe7268c2c61f4d186d3882e05d7a71
model_form/__pycache__/__init__.cpython-314.pyc	GENERATED_CACHE	1606	.pyc	6718bb943df71a94d5a2b686a3655ef0b3cd02b774da8d40005a867fa8a9bee1
model_form/__pycache__/automatic_router.cpython-314.pyc	GENERATED_CACHE	12289	.pyc	51e525db80163368cdd1ca5659540f3147e619e7fcf4f8cdf720fc848ea60f79
model_form/__pycache__/automatic_routing.cpython-314.pyc	GENERATED_CACHE	4173	.pyc	b90be68064ab6fb7682bf59e2d4b53da84e9c6f070b466b3e823f73e5c53515d
model_form/__pycache__/automatic_routing_evidence.cpython-314.pyc	GENERATED_CACHE	4799	.pyc	b60b105850acc44a2f6b6b45ba8ea3e74a3be540218644875900668e327472dd
model_form/__pycache__/automatic_routing_policy.cpython-314.pyc	GENERATED_CACHE	3761	.pyc	a5b762580169819339b83ddd09c6ba7b54ccc15b8852612e267285bfc859ec77
model_form/__pycache__/continuity.cpython-314.pyc	GENERATED_CACHE	5099	.pyc	56abf3bbac8baee876e7473df7c1cf1479265410e45c0640602933eb33c8526f
model_form/__pycache__/control.cpython-314.pyc	GENERATED_CACHE	11113	.pyc	97ea9aa1bed42a0aac3186d1244521dce12e4c6d8cbc6f988ae285c62f36867e
model_form/__pycache__/handoff.cpython-314.pyc	GENERATED_CACHE	4563	.pyc	0c0e605e0dc96d5bdfb49c7c66e967dbcb644a8b103c08d691346deb3c29b3f1
model_form/__pycache__/handoff_detection.cpython-314.pyc	GENERATED_CACHE	2036	.pyc	cfedcee4093c862ddc70b8656ef718681476ad7300c1c3969ce935fd45af9c1a
model_form/__pycache__/model.cpython-314.pyc	GENERATED_CACHE	5039	.pyc	db970b9e3b8ed0fc85ff318ad442d485337312104275258893558c61bf75ed9b
model_form/__pycache__/registry.cpython-314.pyc	GENERATED_CACHE	11068	.pyc	12cd504ab200644b34a7fdfcc24d246ceb563553344c9777b91755f7e97eea0a
model_form/__pycache__/resolution.cpython-314.pyc	GENERATED_CACHE	10588	.pyc	1ea721043dbd0c51a401104f70a55b66e047ce62946b1cf5d08a8ae738964d6b
model_form/automatic_router.py	CURRENT_SOURCE	11577	.py	3c0500762d56825ba64436faf021cc338e1c5e0c579482b2658500c9b09e42ee
model_form/automatic_routing.py	CURRENT_SOURCE	3337	.py	bce0361131c560e1ff8b0bfa5919dfdc291984b1e34965fac8201cac245114e2
model_form/automatic_routing_evidence.py	CURRENT_SOURCE	3757	.py	f28df92e43f1d7b52edb58f35a597ae3f75df4595ef0c6ace333821bb1e9d4cb
model_form/automatic_routing_policy.py	CURRENT_SOURCE	3954	.py	01dde179a3ad57306e5542580665bd5db20fc9e8c021324eb08c072e594f7b4c
model_form/bindings.yaml	CURRENT_CONFIG	162	.yaml	74110afd51de7ceddd02948d0430b0f9f1b5443a6eaaaa0b8a6e4164a52b0583
model_form/continuity.py	CURRENT_SOURCE	4394	.py	75120e03319c9b638d5e6e34268a74711bcfa29b7f56518ae5125602b9b651bc
model_form/control.py	CURRENT_SOURCE	10907	.py	da84ec0c8d524f05271ba9608722bbaeb22d3e98d78d28b3fa8a89c0c72b56d1
model_form/handoff.py	CURRENT_SOURCE	3822	.py	48f16b54711f91ac0e61a5737f144fef51b96fb8aa8d3354756f0a8a95ba69ff
model_form/handoff_detection.py	CURRENT_SOURCE	2135	.py	451e38ac331c522c3069fd2db98e885444027a26a87549430a75ce3e9df93696
model_form/model.py	CURRENT_SOURCE	4127	.py	f6a5b2af4dcd79c41815ecb8422dfd625e6b81bd29d325fc71fc0d659342cf61
model_form/registry.py	CURRENT_SOURCE	9913	.py	f7c85300334f49415d600412112a48b247dd73936ee3740a644e7a9afc50ddcb
model_form/resolution.py	CURRENT_SOURCE	10800	.py	6a2eac1af3c15231bc93850ae5176d4f64b331017377d3ecef5e50b4a6df162c
reasoning/__init__.py	CURRENT_SOURCE	1805	.py	4884f4370551ceae763826703dc377f543820e48b0e588c17dabb8079baf371f
reasoning/__pycache__/__init__.cpython-311.pyc	GENERATED_CACHE	1715	.pyc	107ebad9930d5546bcfa14a999635e24fc976325a11113cc81f4921874be8663
reasoning/__pycache__/__init__.cpython-314.pyc	GENERATED_CACHE	1413	.pyc	7ed9811c6e1668d24ec24036548fc6e5f073f2565e4d62f1d25dd5556ef9a3cc
reasoning/__pycache__/control.cpython-311.pyc	GENERATED_CACHE	17711	.pyc	fd418534354eeb4b55073a6251b766f3cd869e523203f69e56a594d14674471e
reasoning/__pycache__/control.cpython-314.pyc	GENERATED_CACHE	17511	.pyc	dcdce14a578027d47f92e782715d699c12af329219a19763e61c7899d5f754ec
reasoning/__pycache__/model.cpython-311.pyc	GENERATED_CACHE	5496	.pyc	79b9886795d3bd7ceac55129fd86d1aa4c78b2c964180f69bd22c04f5ac2ede8
reasoning/__pycache__/model.cpython-314.pyc	GENERATED_CACHE	5447	.pyc	acd166cf02aad088dbab920fc63e594519f27c9bd489a2db4a6b4344e2decdfb
reasoning/__pycache__/router.cpython-311.pyc	GENERATED_CACHE	6737	.pyc	d943cae3011eafa83abe021858dd8cb7b5c602b86aec2a5a00155b82305ff948
reasoning/__pycache__/router.cpython-314.pyc	GENERATED_CACHE	6769	.pyc	ad7703bc678377225d32213fb9cdb9b91025806e1d4b8b9ac973c5c7adf50b1d
reasoning/control.py	CURRENT_SOURCE	16476	.py	097a6eee9386d1b4db4310308ff8e053f9fad11f787430d87896bf20975a5779
reasoning/model.py	CURRENT_SOURCE	3934	.py	ae596c11e57d299f631c5139dcf827e79945a9b961f18042c1f518d6a5bf8102
reasoning/router.py	CURRENT_SOURCE	6584	.py	fafd1cefdab42c3be03f1f62a802c071671f63b8d3581e70871786806780d434
resources/__init__.py	CURRENT_SOURCE	1876	.py	bb8dc32f3f92f5f4e6894550358e490c05a70e837a64251125ce7557023a550e
resources/__pycache__/__init__.cpython-314.pyc	GENERATED_CACHE	1544	.pyc	fba033f99946311f63fb6b73fc4cb22e2c0b83fa647e209e17481a704da94f31
resources/__pycache__/availability.cpython-314.pyc	GENERATED_CACHE	3602	.pyc	e2dca94cd9f3342566c35dc7bacb7bb06843223df44abeace88d419f538cbfcb
resources/__pycache__/budget.cpython-314.pyc	GENERATED_CACHE	3361	.pyc	fa5c4c1a6d6de5f2032e61f3b7748abfaa05c586f20ba660afe6580ef5cd6229
resources/__pycache__/decision.cpython-314.pyc	GENERATED_CACHE	4117	.pyc	86efaf0deadc8a517fc741151f959ce083245f5c8da4e52f8a69aec5b60378bc
resources/__pycache__/evaluation.cpython-314.pyc	GENERATED_CACHE	5410	.pyc	abc2bed6fb1bdc0a86787ead84dd3bfee6c79e908266b39ab4419e2a37ce22f9
resources/__pycache__/governor.cpython-314.pyc	GENERATED_CACHE	5343	.pyc	e3eff289118e595809f6f19dac41c1b439aa33f822cb9a7070c42e9d29add8d8
resources/__pycache__/live_providers.cpython-314.pyc	GENERATED_CACHE	7875	.pyc	5cbf3e79ab3756a6eae802458a81aea0888f20a0e397779c6686c51b5d385923
resources/__pycache__/model.cpython-314.pyc	GENERATED_CACHE	5500	.pyc	c506e0c787f85fe01ec2a9d59d19133142c898c81dac074adc236521cecac1d0
resources/__pycache__/request_preparation.cpython-314.pyc	GENERATED_CACHE	2626	.pyc	2891238e890bd05af4fc0f54d0ad23a9ff44309bcd8d77a197b2d5f3da005565
resources/__pycache__/requirement.cpython-314.pyc	GENERATED_CACHE	4024	.pyc	28c2721adc12471f9879bb596357a917b3d7f04f83e766d36417f41c84b20022
resources/availability.py	CURRENT_SOURCE	2722	.py	b6a9fe9bfbe23f8ada65d30ac76a8e8f62a4c2d33e2cc7199dc572c39c886eb7
resources/budget.py	CURRENT_SOURCE	2431	.py	3ab5a79d57b0ea5ea34e2c5634bd8ad9282f484e6f761a8ad62023fa6b2d3cdb
resources/decision.py	CURRENT_SOURCE	3082	.py	f9bf6f48620efcc2973e48abfb1d035658934aff623f79b280da8c3d48208c57
resources/evaluation.py	CURRENT_SOURCE	5069	.py	0d485027b490c4a55cbe2841f943bb1a5d65db3cb44b84ddb599747bc048723c
resources/governor.py	CURRENT_SOURCE	6165	.py	9d25c7802f6e58d4b9e8d21eff025a0c0aff0252afc84bcc13f6b78533e1aaea
resources/live_providers.py	CURRENT_SOURCE	7145	.py	40b49375dbe014b27b6fc5696bccf74274864e42953c473b42ffe10a3c552299
resources/model.py	CURRENT_SOURCE	4683	.py	7262ea30a432e8a454a4069f1d3b60e50e30600aa99308974e8f925877774da7
resources/request_preparation.py	CURRENT_SOURCE	2442	.py	1e81e71ae3f6af7156ce7464fa5acacd84d37db6b827a5fa4de78993b3986549
resources/requirement.py	CURRENT_SOURCE	3153	.py	4cebbfaa27e3360a5ec92edd311cd2f9424ee159c8a6c5c4bfa2a3335dc89f59
runtime/__init__.py	CURRENT_SOURCE	0	.py	e3b0c44298fc1c149afbf4c8996fb92427ae41e4649b934ca495991b7852b855
runtime/__pycache__/__init__.cpython-311.pyc	GENERATED_CACHE	162	.pyc	f148e9c2e021830058373783fedf6bef8862a314a9c0aaea3ffb9d7336869940
runtime/__pycache__/__init__.cpython-314.pyc	GENERATED_CACHE	152	.pyc	528984c732d6f499e464ea78a5639ccc82367e21e936057998a914a676548d80
runtime/__pycache__/conversation_continuity.cpython-314.pyc	GENERATED_CACHE	6768	.pyc	8f36fcc44950745712fb676c616517518007707a7b7319b03f429cb8661b2af3
runtime/__pycache__/model_residency.cpython-314.pyc	GENERATED_CACHE	4364	.pyc	925da4129f13333d443c8363b0f19019145f0d76a4b15d32f85bc3a8bbf70abd
runtime/__pycache__/session_identity.cpython-314.pyc	GENERATED_CACHE	3698	.pyc	75dcc55fda45a70c50f7705ea494e6989f65067d1b053365fbf091eb6812ba03
runtime/__pycache__/session_store.cpython-314.pyc	GENERATED_CACHE	6452	.pyc	a7045046e89d2f6924da16cefbf2aba6792d4734d97cd99fe55eeb83cc8873c3
runtime/__pycache__/task_session.cpython-311.pyc	GENERATED_CACHE	151213	.pyc	fa8f9544259f6c055e47520a220ce7ed999f3f6eae3a775fb8ee2d11d7b3244e
runtime/__pycache__/task_session.cpython-314.pyc	GENERATED_CACHE	220212	.pyc	a1c50aea2c647bd0ace8329ed1ab520b78674ba4496c1ee9ab4bf70fbd358efd
runtime/__pycache__/tool_availability.cpython-311.pyc	GENERATED_CACHE	15167	.pyc	831bfd9d5b4480817bb827f220bf87ca72577f7f96ceeee6dad309eb761f2bda
runtime/adapters/__init__.py	CURRENT_SOURCE	323	.py	40475ca312238520ba69e30f606a28ab0df0b657445ea2c9f7a0531e0f5d9442
runtime/adapters/__pycache__/__init__.cpython-311.pyc	GENERATED_CACHE	525	.pyc	096dffe9e6da42b6861e3695c659d984f002dee9f8077a32ff01bcd234e40981
runtime/adapters/__pycache__/__init__.cpython-314.pyc	GENERATED_CACHE	476	.pyc	28ac00d57d7d13c6fc9e7e4af52feafc348122978aa2650f5e396da167e256de
runtime/adapters/__pycache__/base.cpython-311.pyc	GENERATED_CACHE	5039	.pyc	9050760c167f84f5d4dbef984ab2331a01932d4eb36d65cf2a44bd29db2801df
runtime/adapters/__pycache__/base.cpython-314.pyc	GENERATED_CACHE	5585	.pyc	8970df7bad6eddfb600ab63c9fdbf35e747f7d039c0559432d84b2ce02b4bb7f
runtime/adapters/__pycache__/factory.cpython-311.pyc	GENERATED_CACHE	2254	.pyc	88838662248701a4533da4390d8239b6d877bcae00afadb3b9492b6553b47412
runtime/adapters/__pycache__/factory.cpython-314.pyc	GENERATED_CACHE	2008	.pyc	16e0ce758262ff75c15c4613ff474c62f9e1167b42648ce1810793bbf6770da5
runtime/adapters/__pycache__/hermes.cpython-311.pyc	GENERATED_CACHE	43932	.pyc	203e9b67681ee51605bd7d86bc994a3729c404928741ce3b53a168f8bbbe8b57
runtime/adapters/__pycache__/hermes.cpython-314.pyc	GENERATED_CACHE	42150	.pyc	f13b7f579c3d2d392dc6126f133ed911ab283da06d0999d7e031a9c4baa3b4e9
runtime/adapters/base.py	CURRENT_SOURCE	3991	.py	e2b002a37b7048fa543876a26c8608154a9707acdb93c378d3a1bdea66b395fb
runtime/adapters/factory.py	CURRENT_SOURCE	1883	.py	80a70080689f15fc394b0db895927edb0f890f3b8d9e81c964af2641ecc2df3e
runtime/adapters/hermes.py	CURRENT_SOURCE	49088	.py	a09949eead5cb9772aca312c91630703c7ff8ce43df778730279445b25635084
runtime/conversation_continuity.py	CURRENT_SOURCE	5215	.py	f6604bce6c78b0f1a3c0f1de222b143d315dbe630776b8bdaf326e680327e997
runtime/helpers/__pycache__/hermes_profile_bridge.cpython-311.pyc	GENERATED_CACHE	7411	.pyc	e23d84f0acf0871e276e17b19f487b9314b08e7524c77ab5b41235336d9f1111
runtime/helpers/__pycache__/hermes_profile_bridge.cpython-314.pyc	GENERATED_CACHE	6400	.pyc	8a5b771eb19986c8a3b440116c7b6201abe8b2b924eae5da225142df5f5a17e1
runtime/helpers/hermes_profile_bridge.py	CURRENT_SOURCE	7506	.py	85b463d66884bdea60710b7ec9e5f0b1df5d4c75c6713bde7f08d38e1f973909
runtime/model_residency.py	CURRENT_SOURCE	3492	.py	a09e7c2a6203eafd8f1d748b65798d87d0b281635f0b2515addbba4027b7df63
runtime/session_identity.py	CURRENT_SOURCE	2710	.py	8a1d668e898dc2df7b60fd5099be0cf42dd2d4c864cbe163164f0a061a777353
runtime/session_store.py	CURRENT_SOURCE	7080	.py	3c3449fa878920ea27f39b6216cf38a687d09a08da1d5b57af68c1a2f4beb48f
runtime/task_session.py	CURRENT_SOURCE	359191	.py	d666cb1471b568bf43db4255f5e84e98c1ea502af467e1e2670e4a93dc364991
runtime/tool_availability.py	CURRENT_SOURCE	12155	.py	280e276e7cc98b94970f2f27264006ec2f38d67fb9f72987ac901db03ebc4a00
seed-manifest.json	CURRENT_CONFIG	873	.json	f59d9b26f792a3f87444311659a15fb36ccc2a3ae0dc2caece53f2e8ac135472
source_context/__init__.py	CURRENT_SOURCE	339	.py	7a99d8dde0e595143fcdf20991993114fb626e4083a4f1eac15da6a00c12255a
source_context/__pycache__/__init__.cpython-311.pyc	GENERATED_CACHE	455	.pyc	7ad8c4a047c683616ccc6fe6bf9cb5d171fa87da6b4e129694109234e6f13f49
source_context/__pycache__/__init__.cpython-314.pyc	GENERATED_CACHE	381	.pyc	578a9bc385fa35fe079229b1d1acaa89087869152ed9ee090629b8ac503cf4bd
source_context/__pycache__/markdown_structure.cpython-311.pyc	GENERATED_CACHE	10089	.pyc	3f991df2377ccabfc89a827d099b172d5410a2852d51d97fe8ba8bb281af6df5
source_context/__pycache__/markdown_structure_provider.cpython-311.pyc	GENERATED_CACHE	9499	.pyc	165b5a00e6b2ee9336a766f63a32ac80063658c846833b0a22d65c3c5e2999f5
source_context/__pycache__/model.cpython-311.pyc	GENERATED_CACHE	13833	.pyc	25f56a2871ba4dbed50d9ad4a7ca6d51876696e4c4010495ee8109218b0a49e8
source_context/__pycache__/model.cpython-314.pyc	GENERATED_CACHE	13145	.pyc	057860c62ca246c570aa6ea33376117b1378aadecfd33d78dab15002bba81a10
source_context/__pycache__/observation.cpython-311.pyc	GENERATED_CACHE	4530	.pyc	174a56e462bddfe15879801a456c9e95f1afe47b049136124b0c13e65db31a66
source_context/__pycache__/observation.cpython-314.pyc	GENERATED_CACHE	4225	.pyc	8f928c799ebde35aed748e48bfb75a59ef9e542f450b3f5ae5aba23dcb87d256
source_context/__pycache__/packet.cpython-311.pyc	GENERATED_CACHE	23101	.pyc	21ff500ddc4f80326858bd313f396818327c26addf9c985191124e591ff31a1c
source_context/__pycache__/packet.cpython-314.pyc	GENERATED_CACHE	21785	.pyc	8cf2ff1154517d3f515e67019bd5603a202d710f85012ef48d653f0932c9f715
source_context/__pycache__/reference_matcher.cpython-311.pyc	GENERATED_CACHE	11319	.pyc	e391be2ec1bc82b820962b05fba5f3885b626c39bfb0a39e7c23a083168abfd9
source_context/__pycache__/rendering.cpython-311.pyc	GENERATED_CACHE	13753	.pyc	672878cf42cdf7abeb34c5af57c857d8d4bf59373015389a1b8fc3bd7dfab335
source_context/__pycache__/rendering.cpython-314.pyc	GENERATED_CACHE	12930	.pyc	9149733bb580402f4864ce05dfce01a21383cd7a505daa337ec818b3306acd57
source_context/__pycache__/snapshot.cpython-311.pyc	GENERATED_CACHE	12446	.pyc	8e38b33b5291c6f5fb6ea8741edf755b2251c5e93eab53f0e495665beb333c68
source_context/__pycache__/snapshot.cpython-314.pyc	GENERATED_CACHE	11769	.pyc	24067241ff0bf35c4e70ce59c0b31c3489f94adf12badbe633d97d67c1ee4850
source_context/__pycache__/structure.cpython-311.pyc	GENERATED_CACHE	11205	.pyc	a3187c1cd20a413063b33368746932c0d478b5a59e8bfdca3069238a14759369
source_context/__pycache__/structure.cpython-314.pyc	GENERATED_CACHE	10859	.pyc	ca3a3e858f5c102b5f91c1671825507f461a6d4166d3552ebab64765d5114ea8
source_context/__pycache__/structure_provider.cpython-311.pyc	GENERATED_CACHE	9375	.pyc	0db7d78d9d5d9758a2eb254b652cfebfc6df081a76aa0eec36dc3f2f5318a7e2
source_context/__pycache__/target_expansion.cpython-311.pyc	GENERATED_CACHE	12495	.pyc	8bb94e677e8b0403e588cf584628e7109a3ae244632dd94ef89bb66e81d31a14
source_context/__pycache__/target_expansion.cpython-314.pyc	GENERATED_CACHE	12251	.pyc	8c5357293a61f52050c7f14b686ef61916ee66555346d3128336dd6dd504848f
source_context/__pycache__/targeting.cpython-311.pyc	GENERATED_CACHE	6796	.pyc	4c82ca02c78dd328177250580bdf68f13ccd17b3f18f6c38c2f977e1d6fb0aa7
source_context/markdown_structure.py	CURRENT_SOURCE	10650	.py	20b6f156d70fe036a28a280cb8930273b3c8ecd77648585cd13901adf1758658
source_context/markdown_structure_provider.py	CURRENT_SOURCE	8894	.py	ef2b2deae9e495cf9effee8f147129560a1aa0e87d343109c12d825e035ff452
source_context/model.py	CURRENT_SOURCE	12378	.py	584601a7e559ddd4bb731581a5e275f76bdc1cddf09784d144123b070cdefba9
source_context/observation.py	CURRENT_SOURCE	3605	.py	58306cd160d49168bcdf43b8e014878e6c66223c816d0bad579d828b9c754de0
source_context/packet.py	CURRENT_SOURCE	24204	.py	6adca2fa7b4a98ab8ddabaae4bcd6be5e836f3c38f4e78dd6813db43b47a1f94
source_context/reference_matcher.py	CURRENT_SOURCE	11101	.py	e5f1ac6abc247f773f682a78a1e5dd50bbe6d509dbe62d1bd71dc955a8a1a4b1
source_context/rendering.py	CURRENT_SOURCE	13503	.py	d9b46e784424ff79b14242d6e6a8d6a3de6681668e69c14d3d48093a9452306f
source_context/snapshot.py	CURRENT_SOURCE	11801	.py	8489873087648fef28c74632947b2bfbc04f0a1f0f9959992b15d5655f69159e
source_context/structure.py	CURRENT_SOURCE	11413	.py	84151905d872b0ec2df70cc78d9ca9ea283cefbaeb345ab38091bac9978d661b
source_context/structure_provider.py	CURRENT_SOURCE	8876	.py	f073a1515707a069f9bba718b2a82ab7aac8f415363da38abf9f72912c4bd5a5
source_context/target_expansion.py	CURRENT_SOURCE	11584	.py	d9699a9c449675e6e41d0bbb40122fa46f77ec4333606c297e5c1f2da614f1ec
source_context/targeting.py	CURRENT_SOURCE	5697	.py	8f48ce0479d1279c5525e582ec46cf1aa35e41f0488b44fa7537bad4b0014b6b
state/.active.yaml.lock	RUNTIME_STATE	0	.lock	e3b0c44298fc1c149afbf4c8996fb92427ae41e4649b934ca495991b7852b855
state/active.yaml	RUNTIME_STATE	1078	.yaml	790ac67fbb7ecbbd2792b6dc60d3d937ee191534168358c74f44522a5fad0ebf
tests/__pycache__/test_benchmark_baseline.cpython-314.pyc	GENERATED_CACHE	3701	.pyc	23fd6adbfce49d38cfe94079b8a2227925d54f2970caec1363acb39f9b6e6d94
tests/__pycache__/test_benchmark_environment.cpython-314.pyc	GENERATED_CACHE	2675	.pyc	d22fae5a02fd5fb5857cc86c26f1a6c42d98aa313251da62ca3fc67b5b473320
tests/__pycache__/test_benchmark_foundation.cpython-314.pyc	GENERATED_CACHE	6022	.pyc	e46bded0d03057fa337cc868f94ee5c971c9acf63de87c396b43a085a1236eed
tests/__pycache__/test_big_boundary_k2_k3.cpython-314.pyc	GENERATED_CACHE	7325	.pyc	fe5613180fa4833e27e63ae92c43e2c55a0c0995fdef0692c4bf4865d4793384
tests/__pycache__/test_big_boundary_k4_no_downgrade.cpython-314.pyc	GENERATED_CACHE	3836	.pyc	96881ea0c11acae16a0a11007e6d967630fe759c9c9bf5567913aeb2e8ca2994
tests/__pycache__/test_big_boundary_k5_frozen_semantics.cpython-314.pyc	GENERATED_CACHE	6463	.pyc	67edc509a8cd81eda2d169374470754e93cd88cfac209fa82cad8a435ac721d3
tests/__pycache__/test_colony_h5_integrated_isolation.cpython-314.pyc	GENERATED_CACHE	10868	.pyc	481815ad97b5736a87bcc3284004a81d30e6877aeb29b225892fa4f679b6975a
tests/__pycache__/test_colony_h6_identity_resource_residency.cpython-314.pyc	GENERATED_CACHE	5911	.pyc	ee847752c6f57a698fff22cd69d5e697c9709bd05ba094163fb0b3f2a222289c
tests/__pycache__/test_colony_h6_lifecycle_resource_composition.cpython-314.pyc	GENERATED_CACHE	6307	.pyc	d36bbb8c8645d4e76b435bb9bfd54adfe1393dc7fbad1a1a6ab17af3d53ed901
tests/__pycache__/test_colony_identifier_doctrine.cpython-314.pyc	GENERATED_CACHE	6477	.pyc	c69672e6e5faa642b45067faf5f2f0bb1a49005306fd875ea61c49642be052d2
tests/__pycache__/test_colony_identity.cpython-314.pyc	GENERATED_CACHE	5770	.pyc	a77ee20c7e39ab9950e94647aee9e3d92d859e0adca9f31393aa5d2a0ea6002e
tests/__pycache__/test_colony_model_residency.cpython-314.pyc	GENERATED_CACHE	5356	.pyc	104c3e6b70038a093ec754133558134fd9d6cfedcae5a834ae5901674bb27cf1
tests/__pycache__/test_colony_runtime_lifecycle.cpython-314.pyc	GENERATED_CACHE	10619	.pyc	5c1142e685d3721162aaf05c05137aa93755f27c0c576ae54606d89d98024902
tests/__pycache__/test_colony_runtime_session_isolation.cpython-314.pyc	GENERATED_CACHE	5598	.pyc	ab84a9d915b172e957f78b6f0d550c01abd820302eb78b0809488867df79319f
tests/__pycache__/test_fake_adapter_i2_session_commit.cpython-314.pyc	GENERATED_CACHE	4276	.pyc	30b49ed5c58518d2dcacf03ebdea35e553789a9c65d14c1159ff3f6f7a07d244
tests/__pycache__/test_fake_adapter_i3_session_reuse.cpython-314.pyc	GENERATED_CACHE	4592	.pyc	517f2a4307281f1bd874962ebda7278a5ea7995016fe5978c30fdf3e3eb29d54
tests/__pycache__/test_fake_adapter_i4_multi_context.cpython-314.pyc	GENERATED_CACHE	4254	.pyc	c1ac5b8a1c168a871e2be46655c4edb6b274201d4ade8544ef2083b962884476
tests/__pycache__/test_model_form_automatic_router.cpython-314.pyc	GENERATED_CACHE	16712	.pyc	4f3195465016c5de428d8c6c684a11de072696becf692344b790888f66e252e4
tests/__pycache__/test_model_form_automatic_routing_retry_isolation.cpython-314.pyc	GENERATED_CACHE	19956	.pyc	0be0c208bd3ea7e833f7eb70a73ac0edebebfec590c4a148f4c56f8ac4429029
tests/__pycache__/test_model_form_governor_router_contract.cpython-314.pyc	GENERATED_CACHE	12667	.pyc	b2468a54bdd0bb9e7dba5b106a445d122c6b40dc750427a2626ec4e223f2c614
tests/__pycache__/test_model_form_governor_task_session_integration.cpython-314.pyc	GENERATED_CACHE	21116	.pyc	163fc1dde7076557f8561a1d09c6411ed1a924137899d0c1fc10a51850a39e1e
tests/__pycache__/test_model_form_retry_task_session_integration.cpython-314.pyc	GENERATED_CACHE	24684	.pyc	a7e06d11612bc33dac535b69299b408865538646ebf444f72183d4194ea7a9a7
tests/test_benchmark_baseline.py	TEST	2745	.py	c7d9704b1a7581d53e789a3267bfd3a686529424582ea645d30e34b5c8b2f36f
tests/test_benchmark_environment.py	TEST	2136	.py	f3c1082b618106da0710636d1eee427931992943b122345addc88037f9715536
tests/test_benchmark_foundation.py	TEST	4197	.py	018f100e8c1c2304b5374695654769fe92cc0e83ee71975f8ce2975057be2ec3
tests/test_big_boundary_k2_k3.py	TEST	5996	.py	8be09d8360b8c7ec9a105803fd286a7aebc0910cca1c4eeb49ce3e07b1167db4
tests/test_big_boundary_k4_no_downgrade.py	TEST	3405	.py	c5b67440a55ce168205794f1b57ed009774b41c2960e9a092017e6ce9ce778ae
tests/test_big_boundary_k5_frozen_semantics.py	TEST	5563	.py	bb01fde652a9efc44c66a4feca6602f538cf8bf5ee762ab65bbe09cd67db3622
tests/test_colony_h5_integrated_isolation.py	TEST	10483	.py	c0ac6bb4cca9eaf737660d5c041218fccc9cd9a4a17468eecbf209db23db2f4b
tests/test_colony_h5_integrated_isolation.py.pre_nested_plan_fix	TEST	9558	.pre_nested_plan_fix	cad24dea7545f7aed646e7eb91ce78e3c39886d1f5ac72b2afdbf6485f74e3cb
tests/test_colony_h5_integrated_isolation.py.pre_runtime_return_fix	TEST	9742	.pre_runtime_return_fix	606e304d1313b847435cbde24eda30ac89b8a1ee368b4a06ae8263cf683bb2d4
tests/test_colony_h6_identity_resource_residency.py	TEST	6604	.py	64b06bcca60593f4f111946b6cc17711966e3c83773252ff3eb733a1a086412e
tests/test_colony_h6_lifecycle_resource_composition.py	TEST	6728	.py	f9d07b51af86929fa94ba6a3b57ee2479a72cb7a9d0ee59bf5ef6770f321b33b
tests/test_colony_identifier_doctrine.py	TEST	6273	.py	1c547a22f911f015f70876ccc532e8db9a06db04daabbdb77c7318a8c2ecac53
tests/test_colony_identity.py	TEST	4802	.py	9f5208300d2f60b8c683812ec44a75b2e834be86936ab3503fc0c0032f2d3f0b
tests/test_colony_model_residency.py	TEST	4029	.py	168a39da7e9bb9926f2261950a59a031e34ff943db35903e54a498a45e90fcc8
tests/test_colony_runtime_lifecycle.py	TEST	11058	.py	6a7a1c235b9bb9f4abb899f0c6e37067674e79a1e138fb80ca13dc2842ac265c
tests/test_colony_runtime_session_isolation.py	TEST	6215	.py	e8a7e5cd6a7f9faa1381fa71ac8d33ba2dfc794f04f4f73a2233eb5174dae3bf
tests/test_fake_adapter_i2_session_commit.py	TEST	3195	.py	483a491991c96a69a6bb62fe6a019db9cbb60c7c859b5a8402a334ee75cdc79d
tests/test_fake_adapter_i3_session_reuse.py	TEST	4411	.py	7910a5ec7f44996c0a40befa85a335fbd26ca51a5f4cbd71e9240ffe15741423
tests/test_fake_adapter_i4_multi_context.py	TEST	3722	.py	c90c36f1a8e9889505df343a0b32f863b4469d286e82d5120c1c152942dc9b5d
tests/test_model_form_automatic_router.py	TEST	16022	.py	c841d0890e9ee52a307b6e3ddefe4f2df9995b77cbe111078defaf469a5bbcd8
tests/test_model_form_automatic_routing_retry_isolation.py	TEST	19202	.py	9d91e275185ffc9c77b553e5fd369b9c39d3b0f362d8babc1bdd5b6b5bde201c
tests/test_model_form_governor_router_contract.py	TEST	12369	.py	8813e844ad814d56c520c8c4eec4fe57e4b3f6a3593a1d7530336adb7a6a40f7
tests/test_model_form_governor_task_session_integration.py	TEST	17754	.py	9822a79a0485f75c8d8804917bc0104fb5bcfdc6d1f015ac475fcea7ee3406bc
tests/test_model_form_retry_task_session_integration.py	TEST	21114	.py	b0ba1f9e8c6148cab49a94bc0ea1c49c1f7d9a68cb0138792e91d7aa8d44b417
turn_composition.py	CURRENT_SOURCE	6887	.py	6efeb4c948ee6fba30e0bc880ada938f2503dd4af02e7b1828c0638127f03d29
ui/__init__.py	CURRENT_SOURCE	40	.py	2015630cf00dd79a550a61411e0e2b1176a00b217583b778ae3c8ba04a5332df
ui/__pycache__/__init__.cpython-314.pyc	GENERATED_CACHE	195	.pyc	a300c60c964b9edd12c8ffdea3cd4a8b4b483920f303faf9df7ec07d38c63418
ui/__pycache__/actions.cpython-314.pyc	GENERATED_CACHE	2250	.pyc	2f188c25be3c15e193784bc54163d48cdc527208ba8cc3ffe6712b85e01c8359
ui/__pycache__/keybindings.cpython-314.pyc	GENERATED_CACHE	11795	.pyc	30e3bed9019740ea0d41e9a4f8af1d953b05da5cd1c716fa40738d21b0f73152
ui/__pycache__/presentation.cpython-314.pyc	GENERATED_CACHE	4627	.pyc	344c0eda2965de85cb95e056b4b1ee2f3a8b50f9588a5201389431af365cdec3
ui/__pycache__/reasoning_menu.cpython-314.pyc	GENERATED_CACHE	25440	.pyc	4733263094bf78d354bcf1aefe4afbc45225b63c5847a8d6dbacfccfc0bea3b8
ui/actions.py	CURRENT_SOURCE	2073	.py	1d03d5ecac424d50b4fa90b03198ae4538a438bc22750c768d0454332eb49c00
ui/keybindings.py	CURRENT_SOURCE	9944	.py	c1e3a97fbd7b493919753e5d3621e77d1f65cdc303bd2365f0c6ae5f884630c7
ui/presentation.py	CURRENT_SOURCE	4731	.py	d45a9dce74629864f049e7270f3c962a96f7d2f0bbaccaa07a5e09242b64d7dc
ui/presentation_adapters/__init__.py	CURRENT_SOURCE	475	.py	022dbb13380f7508c98974925a76059b6604034f3a612517045c742d98b844e4
ui/presentation_adapters/__pycache__/__init__.cpython-314.pyc	GENERATED_CACHE	673	.pyc	6ce3dc9af6c9e4678f99a4aacf31f062fc429a438340502d5c2c21381630b3c8
ui/presentation_adapters/__pycache__/base.cpython-314.pyc	GENERATED_CACHE	6074	.pyc	39cc6ff76bf3fbb85673fbd5124edb4e6b59a6c4e3576d3b1fd8e6873f472198
ui/presentation_adapters/__pycache__/generic.cpython-314.pyc	GENERATED_CACHE	3008	.pyc	c562e40cb06097eb39b167ec29d6950bfad17e882cfcc10f5fb9cff3fb9a2068
ui/presentation_adapters/base.py	CURRENT_SOURCE	4226	.py	1050856431cf61420f21bdd3452ceba2f9d589533ccc96e03236c96edc396e7a
ui/presentation_adapters/generic.py	CURRENT_SOURCE	2651	.py	7246af7925d2d0caffb1a5e4acb9bbd267069128ab71e1a829d850ff0eb898a0
ui/presentation_host_adapters/__init__.py	CURRENT_SOURCE	232	.py	ed96538b50de2bad58f9ccf7a45d1cebb9c4f5ab26201e22daf2b7e306a3a4bd
ui/presentation_host_adapters/__pycache__/qubes_i3_x11.cpython-314.pyc	GENERATED_CACHE	22254	.pyc	413fa3ca07c0e2b20db9a961f16bf761d0ecf9233fc797dc5c90894154370cf6
ui/presentation_host_adapters/qubes_i3_x11.py	CURRENT_SOURCE	21532	.py	e443eae3998ae48043e0be6b4ca576aefcfa972ab7238c81efb0a5346995efb2
ui/reasoning_menu.py	CURRENT_SOURCE	23003	.py	aa66df7908d1bcbd8e61146bd8de6695f81c3cbec46cc5adff22d828f99200d2
workshops/code-debug.yaml	CURRENT_CONFIG	310	.yaml	645b988f55e92727de322f2a8e7cca967de16e35ddfcc8e6913e6e3a97675609
workshops/design.yaml	CURRENT_CONFIG	281	.yaml	f916a0bd46f5d28008e5500a8dba94a39f8067b85ab303ec9707e075d5c415b5
workshops/model.yaml	CURRENT_CONFIG	380	.yaml	eba11ef5ff2b26ab34d3f9059d6fb6a423ae07364051cdfbb879f82209bdf920
workshops/research.yaml	CURRENT_CONFIG	250	.yaml	9ed8ab45a2c3ebbcc0ba6b9424ee0d847fa225182317fddf43aeb3c4da9d0f75
