family,sequence,version,file,status,lines,key_path_count,added_path_count,removed_path_count,added_top_level,removed_top_level,added_paths,removed_paths,sha256
CEDAR-CABIN-GUARD,1,0.1.0,CEDAR-CABIN-GUARD-Working-Draft-0.1.yaml,working-draft,48,19,19,0,boundaries | canonical_path | capabilities | definition | handoff | pdc_id | status | uuid | version,,boundaries | boundaries[] | canonical_path | capabilities | capabilities[] | definition | definition.cedar_cabin_guard | definition.forest_required | definition.full_spirit_replacement | definition.user_is_final_authority | handoff | handoff.potted-cedar-shuts-down-after-handoff | handoff.transfer | handoff.transfer[] | handoff.when-forest-returns | pdc_id | status | uuid | version,,02ffe85bdbaf55d6028b8cda351d3c2f9b90f0a0c6d2185a35e743d02c08fa04
CEDAR-SETTINGS,1,0.1.0,CEDAR-SETTINGS-Working-Draft-0.1.yaml,working-draft,83,62,62,0,canonical_path | dangerous_absorption | leaf_litter | messages | pdc_id | recovery_set | regrowth | sapling_survival_test | self_felling | status | uuid | version,,canonical_path | dangerous_absorption | dangerous_absorption.affected_tree_backup_prompt | dangerous_absorption.cedar_recovery_seed_required | dangerous_absorption.compromised_tree_backup_type | dangerous_absorption.refuse_when_recovery_seed_unavailable | leaf_litter | leaf_litter.cedar_absorption | leaf_litter.cedar_absorption.allowed_sources | leaf_litter.cedar_absorption.allowed_sources[] | leaf_litter.cedar_absorption.require_authorized_scope | leaf_litter.cedar_absorption.require_safety_check | leaf_litter.other_tree_absorption | leaf_litter.other_tree_absorption.allowed_origin_types | leaf_litter.other_tree_absorption.allowed_origin_types[] | leaf_litter.other_tree_absorption.cedar_approval_required | leaf_litter.other_tree_absorption.cedar_presence_required | leaf_litter.sharing | leaf_litter.sharing.allowed_trees | leaf_litter.sharing.allowed_trees[] | leaf_litter.sharing.mode | leaf_litter.sharing.share_safe_summaries_only | leaf_litter.sharing.transfer_active_mold | messages | messages.custom_regrowth | messages.custom_regrowth[] | messages.custom_wilt | messages.custom_wilt[] | messages.mode | messages.paired | messages.paired[] | messages.regrowth | messages.regrowth[] | messages.wilt | messages.wilt[] | pdc_id | recovery_set | recovery_set.exclude_states | recovery_set.exclude_states[] | recovery_set.max_automatic_regrowth_attempts | recovery_set.prefer_most_recent_within_best_stability | recovery_set.retry_failed_seed_in_same_cycle | recovery_set.selection_order | recovery_set.selection_order[] | recovery_set.target_healthy_seed_count | regrowth | regrowth.automatic | regrowth.require_survival_test | regrowth.stop_when_all_eligible_seeds_fail | sapling_survival_test | sapling_survival_test.enabled | sapling_survival_test.failed_seed_state | sapling_survival_test.isolated | sapling_survival_test.observation_period | self_felling | self_felling.ask_permission_first | self_felling.on_confirmed_compromise | self_felling.preserve_logs_and-evidence | self_felling.suspicion_action | status | uuid | version,,109afb8a768b923fa167b03380c188215a1c391cd0d4b287035fe5a4b37ccc48
CEDAR-SETTINGS,2,0.2.0,CEDAR-SETTINGS-Working-Draft-0.2.yaml,working-draft,95,68,26,20,cedar_oil | health_reports,dangerous_absorption | sapling_survival_test,cedar_oil | cedar_oil.ask_to_backup_affected_tree | cedar_oil.confirm_target | cedar_oil.dangerous_absorption_requires_recovery_seed | cedar_oil.default_mode | cedar_oil.destructive_actions_require_separate_approval | cedar_oil.enabled | cedar_oil.execute_unknown_code | cedar_oil.quarantine_on_risk | cedar_oil.static_inspection_first | health_reports | health_reports.direct_user_reset_command | health_reports.other_trees_may_report | health_reports.other_trees_may_trigger_reset | health_reports.user_decides_reset_after_tree_report | leaf_litter.direct_absorption | leaf_litter.direct_absorption.cedar_only | leaf_litter.direct_absorption.other_trees_allowed | leaf_litter.mediated_transfer | leaf_litter.mediated_transfer.block_when_cedar_failed_or-regrew | leaf_litter.mediated_transfer.cedar_observation_required | leaf_litter.mediated_transfer.default_eligible_origins | leaf_litter.mediated_transfer.default_eligible_origins[] | leaf_litter.mediated_transfer.explicit_user_approval_origins | leaf_litter.mediated_transfer.explicit_user_approval_origins[] | leaf_litter.mediated_transfer.safe_for_transfer_attestation_required,dangerous_absorption | dangerous_absorption.affected_tree_backup_prompt | dangerous_absorption.cedar_recovery_seed_required | dangerous_absorption.compromised_tree_backup_type | dangerous_absorption.refuse_when_recovery_seed_unavailable | leaf_litter.other_tree_absorption | leaf_litter.other_tree_absorption.allowed_origin_types | leaf_litter.other_tree_absorption.allowed_origin_types[] | leaf_litter.other_tree_absorption.cedar_approval_required | leaf_litter.other_tree_absorption.cedar_presence_required | recovery_set.exclude_states | recovery_set.exclude_states[] | recovery_set.prefer_most_recent_within_best_stability | regrowth.stop_when_all_eligible_seeds_fail | sapling_survival_test | sapling_survival_test.enabled | sapling_survival_test.failed_seed_state | sapling_survival_test.isolated | sapling_survival_test.observation_period | self_felling.preserve_logs_and-evidence,8caa5f753cfb8b9f43528d153d0d95f2ef4763fb0037c5b00efc04b6f7665d60
CEDAR-SETTINGS,3,0.3.0,CEDAR-SETTINGS-Reviewed-0.3.yaml,working-draft,110,91,26,3,dangerous_absorption | fruit | sapling_survival_test,,dangerous_absorption | dangerous_absorption.affected_tree_backup_prompt | dangerous_absorption.cedar_recovery_seed_required | dangerous_absorption.compromised_tree_backup_type | dangerous_absorption.refuse_when_recovery_seed_unavailable | fruit | fruit.custom_overrides_require_user_permission | fruit.default_spoilage_window | fruit.other_trees_may_absorb_spoiling_fruit_after_safety_check | leaf_litter.mediated_transfer.block_when_cedar_failed_or_regrew | leaf_litter.mediated_transfer.invalidate_unfinished_attestations_after_regrowth | leaf_litter.sharing.automatic_allowed_trees | leaf_litter.sharing.automatic_allowed_trees[] | leaf_litter.timing | leaf_litter.timing.custom_overrides_require_user_permission | leaf_litter.timing.default_retention_window | recovery_set.exclude_states | recovery_set.exclude_states[] | recovery_set.prefer_most_recent_within_best_stability | regrowth.stop_when_all_eligible_seeds_fail | sapling_survival_test | sapling_survival_test.enabled | sapling_survival_test.failed_seed_state | sapling_survival_test.isolated | sapling_survival_test.observation_period | self_felling.preserve_logs_and_evidence,leaf_litter.mediated_transfer.block_when_cedar_failed_or-regrew | leaf_litter.sharing.allowed_trees | leaf_litter.sharing.allowed_trees[],401a846a2f13c999065cebd9808213a0a3fa67673e1a0b5aa0fe3ba94c09b0fe
CEDAR-SETTINGS,4,0.4.0,CEDAR-SETTINGS-Reviewed-0.4-Incoming-Fluid-Oil.yaml,working-draft,187,131,40,0,incoming_fluid_oil,,incoming_fluid_oil | incoming_fluid_oil.conflict_resolution | incoming_fluid_oil.enabled | incoming_fluid_oil.exclusions | incoming_fluid_oil.exclusions.bypass_authorization | incoming_fluid_oil.exclusions.bypass_identity_checks | incoming_fluid_oil.exclusions.bypass_local_action_confirmation | incoming_fluid_oil.exclusions.bypass_rate_limits | incoming_fluid_oil.exclusions.bypass_tar_sap_boundaries | incoming_fluid_oil.exclusions.risky_source_exclusion_requires_direct_user_confirmation | incoming_fluid_oil.exclusions.risky_source_exclusion_requires_warning | incoming_fluid_oil.inspection | incoming_fluid_oil.inspection.inspect_decrypted_sap_only_inside_receiving_forest | incoming_fluid_oil.inspection.metadata_identity_authorization_first | incoming_fluid_oil.inspection.preserve_end_to_end_encryption_in_transit | incoming_fluid_oil.inspection.sap_content_inspection_requires_permission_scope | incoming_fluid_oil.inspection.sap_content_inspection_requires_user_toggle | incoming_fluid_oil.inspection.tar_sap_access | incoming_fluid_oil.inspection.unauthorized_required_inspection_action | incoming_fluid_oil.outcomes | incoming_fluid_oil.outcomes[] | incoming_fluid_oil.rule_precedence | incoming_fluid_oil.rule_precedence[] | incoming_fluid_oil.source_rules | incoming_fluid_oil.source_rules[] | incoming_fluid_oil.source_rules[].action | incoming_fluid_oil.source_rules[].enabled | incoming_fluid_oil.source_rules[].match | incoming_fluid_oil.source_rules[].match.fluid_type | incoming_fluid_oil.source_rules[].match.forest_id | incoming_fluid_oil.source_rules[].match.forest_trust | incoming_fluid_oil.source_rules[].match.user_id | incoming_fluid_oil.source_rules[].name | incoming_fluid_oil.toggles | incoming_fluid_oil.toggles.oil_all_incoming_fluids | incoming_fluid_oil.toggles.oil_incoming_sap | incoming_fluid_oil.toggles.oil_incoming_water | incoming_fluid_oil.unknown_sources | incoming_fluid_oil.unknown_sources.default_action | incoming_fluid_oil.unknown_sources.require_user_confirmation_to_exclude,,da66323d26fa957059b89e010635e5e26768386c6ade3f5357ef428517272e6e
CEDAR-SETTINGS,5,0.5.0,CEDAR-SETTINGS-Reviewed-0.5-Oil-Modes-Watched-Approval.yaml,working-draft,268,169,38,0,,,incoming_fluid_oil.modes | incoming_fluid_oil.modes.quick_oil | incoming_fluid_oil.modes.quick_oil.automatic_for | incoming_fluid_oil.modes.quick_oil.automatic_for[] | incoming_fluid_oil.modes.quick_oil.enabled | incoming_fluid_oil.modes.quick_oil.low_latency | incoming_fluid_oil.modes.quick_oil.may_escalate_to_soak | incoming_fluid_oil.modes.soak_in_oil | incoming_fluid_oil.modes.soak_in_oil.automatic_for | incoming_fluid_oil.modes.soak_in_oil.automatic_for[] | incoming_fluid_oil.modes.soak_in_oil.enabled | incoming_fluid_oil.modes.soak_in_oil.non_destructive_by_default | incoming_fluid_oil.queue | incoming_fluid_oil.queue.emergency_may_interrupt_queue | incoming_fluid_oil.queue.escalated_item_moves_to_end_of_quick_queue | incoming_fluid_oil.queue.finish_remaining_quick_queue_first | incoming_fluid_oil.queue.preserve_original_receive_time | incoming_fluid_oil.queue.show_queue_status | incoming_fluid_oil.queue.soak_queue_order | incoming_fluid_oil.risk_findings | incoming_fluid_oil.risk_findings.include_confidence_level | incoming_fluid_oil.risk_findings.log_potential_risk | incoming_fluid_oil.risk_findings.notify_user | incoming_fluid_oil.risk_findings.release_risky_item_requires_user_approval | incoming_fluid_oil.watched_approval | incoming_fluid_oil.watched_approval.allowed_durations | incoming_fluid_oil.watched_approval.allowed_durations[] | incoming_fluid_oil.watched_approval.default_duration | incoming_fluid_oil.watched_approval.enabled | incoming_fluid_oil.watched_approval.indefinite_requires | incoming_fluid_oil.watched_approval.indefinite_requires[] | incoming_fluid_oil.watched_approval.log_behavior_metadata_not_raw_protected_contents | incoming_fluid_oil.watched_approval.preserve-policy-changes | incoming_fluid_oil.watched_approval.preserve-unsafe-behavior-evidence | incoming_fluid_oil.watched_approval.preserve-user-decisions | incoming_fluid_oil.watched_approval.preserve_significant-incidents | incoming_fluid_oil.watched_approval.track | incoming_fluid_oil.watched_approval.track[],,587104aba3a705e7b70d18fa2a89e47ca850bb0ef103c6ce901381aff71780e9
CEDAR-SETTINGS,6,0.6.0,CEDAR-SETTINGS-Reviewed-0.6-Tree-Propagation-Recovery.yaml,working-draft,366,208,63,24,pre_watering_propagation | propagated_recovery | sprout_feeding,,dangerous_absorption.affected_tree_backup_or_propagation_prompt | pre_watering_propagation | pre_watering_propagation.available_prompt_modes | pre_watering_propagation.available_prompt_modes[] | pre_watering_propagation.default_prompt_mode | pre_watering_propagation.enabled | pre_watering_propagation.preserve | pre_watering_propagation.preserve[] | pre_watering_propagation.prompt_choices | pre_watering_propagation.prompt_choices[] | pre_watering_propagation.record_pre_exposure_baseline | pre_watering_propagation.require_tree_healthy_enough_to_copy | pre_watering_propagation.store_in_seed_vault | pre_watering_propagation.tar_sap_handling | pre_watering_propagation.trigger_for | pre_watering_propagation.trigger_for[] | pre_watering_propagation.unverified_snapshot_counts_as_propagation | pre_watering_propagation.verify_recovery_seed_before_release | propagated_recovery | propagated_recovery.authorization_modes | propagated_recovery.authorization_modes[] | propagated_recovery.automatic_actions_require_pre_authorization | propagated_recovery.enabled | propagated_recovery.maximum_automatic_replant_attempts | propagated_recovery.never_restore_wholesale_compromised_tree | propagated_recovery.preserve_as_much_safe_data_as_possible | propagated_recovery.response_order | propagated_recovery.response_order[] | propagated_recovery.trigger_when | propagated_recovery.trigger_when[] | sprout_feeding | sprout_feeding.allowed | sprout_feeding.allowed[] | sprout_feeding.conflict_resolution | sprout_feeding.enabled | sprout_feeding.exclusions | sprout_feeding.exclusions.bypass_authorization | sprout_feeding.exclusions.bypass_identity_checks | sprout_feeding.exclusions.bypass_local_action_confirmation | sprout_feeding.exclusions.bypass_rate_limits | sprout_feeding.exclusions.bypass_tar_sap_boundaries | sprout_feeding.exclusions.risky_source_exclusion_requires_direct_user_confirmation | sprout_feeding.exclusions.risky_source_exclusion_requires_warning | sprout_feeding.health_check_after_each_stage | sprout_feeding.outcomes | sprout_feeding.outcomes[] | sprout_feeding.prohibited | sprout_feeding.prohibited[] | sprout_feeding.reversible_when_practical | sprout_feeding.rule_precedence | sprout_feeding.rule_precedence[] | sprout_feeding.source_rules | sprout_feeding.source_rules[] | sprout_feeding.source_rules[].action | sprout_feeding.source_rules[].enabled | sprout_feeding.source_rules[].match | sprout_feeding.source_rules[].match.fluid_type | sprout_feeding.source_rules[].match.forest_id | sprout_feeding.source_rules[].match.forest_trust | sprout_feeding.source_rules[].match.user_id | sprout_feeding.source_rules[].name | sprout_feeding.staged | sprout_feeding.uncertain_data_action,dangerous_absorption.affected_tree_backup_prompt | incoming_fluid_oil.conflict_resolution | incoming_fluid_oil.exclusions | incoming_fluid_oil.exclusions.bypass_authorization | incoming_fluid_oil.exclusions.bypass_identity_checks | incoming_fluid_oil.exclusions.bypass_local_action_confirmation | incoming_fluid_oil.exclusions.bypass_rate_limits | incoming_fluid_oil.exclusions.bypass_tar_sap_boundaries | incoming_fluid_oil.exclusions.risky_source_exclusion_requires_direct_user_confirmation | incoming_fluid_oil.exclusions.risky_source_exclusion_requires_warning | incoming_fluid_oil.outcomes | incoming_fluid_oil.outcomes[] | incoming_fluid_oil.rule_precedence | incoming_fluid_oil.rule_precedence[] | incoming_fluid_oil.source_rules | incoming_fluid_oil.source_rules[] | incoming_fluid_oil.source_rules[].action | incoming_fluid_oil.source_rules[].enabled | incoming_fluid_oil.source_rules[].match | incoming_fluid_oil.source_rules[].match.fluid_type | incoming_fluid_oil.source_rules[].match.forest_id | incoming_fluid_oil.source_rules[].match.forest_trust | incoming_fluid_oil.source_rules[].match.user_id | incoming_fluid_oil.source_rules[].name,3f376509ffbf67f9897f90707d31d4d86181e7ad470119907392b011607298fe
CEDAR-SETTINGS,7,0.7.0,CEDAR-SETTINGS-Reviewed-0.7-Propagation-Fertilizer.yaml,working-draft,422,256,86,38,fertilizer_file | fertilizing | procurement | propagation_file | sprout_fertilization | tree_cloning,sprout_feeding,dangerous_absorption.affected_tree_propagation_prompt | fertilizer_file | fertilizer_file.contains | fertilizer_file.contains[] | fertilizer_file.encrypted_at_rest | fertilizer_file.excludes | fertilizer_file.excludes[] | fertilizer_file.may_be_fed_to | fertilizer_file.may_be_fed_to[] | fertilizer_file.purpose | fertilizer_file.purpose[] | fertilizer_file.scope | fertilizing | fertilizing.create-reversible-growth-ring-when-practical | fertilizing.delete_existing_files | fertilizing.delete_existing_information | fertilizing.merge_mode | fertilizing.preserve-original-before-modification | fertilizing.preview | fertilizing.preview.show-additions | fertilizing.preview.show-excluded-sensitive-fields | fertilizing.preview.show-incompatible-nutrients | fertilizing.preview.show-modifications | fertilizing.preview.show-permission-or-root-conflicts | fertilizing.preview.show-unchanged-values | fertilizing.protected-root-permission-and-security-rule-wins | fertilizing.remove-security-controls | fertilizing.replace-complete-grain-pattern | fertilizing.replace-roots | fertilizing.replace-tree-identity | fertilizing.replace_existing_files | fertilizing.replace_existing_information | fertilizing.report-skipped-nutrients | fertilizing.skip-incompatible-nutrients | fertilizing.user-direct-choice-wins | pre_watering_propagation.allow_user_to_request_only_one_file | pre_watering_propagation.default_outputs | pre_watering_propagation.default_outputs[] | pre_watering_propagation.outputs_are_separate_files | pre_watering_propagation.pair_files_with_shared_propagation_id | pre_watering_propagation.store_both_in_seed_vault | pre_watering_propagation.tree_language_term_for_backup | pre_watering_propagation.verify_both_files_before_release | procurement | procurement.available_requests | procurement.available_requests[] | procurement.cedar_may_procure_for_any_authorized_tree | procurement.explicit_user_request_required | procurement.trees_may_procure_for_other_authorized_trees | procurement.trees_may_procure_for_self | propagation_file | propagation_file.contains | propagation_file.contains[] | propagation_file.excludes | propagation_file.excludes[] | propagation_file.protection | propagation_file.protection.dated | propagation_file.protection.hashed | propagation_file.protection.protected_from_silent-modification | propagation_file.protection.signed | propagation_file.protection.stability_marked | propagation_file.protection.versioned | propagation_file.purpose | propagation_file.purpose[] | sprout_fertilization | sprout_fertilization.additive-and-modifying-only | sprout_fertilization.allowed | sprout_fertilization.allowed[] | sprout_fertilization.delete-information | sprout_fertilization.enabled | sprout_fertilization.health_check_after_each_stage | sprout_fertilization.prohibited | sprout_fertilization.prohibited[] | sprout_fertilization.replace-files | sprout_fertilization.reversible_when_practical | sprout_fertilization.staged | sprout_fertilization.uncertain_data_action | tree_cloning | tree_cloning.assign-new-unique-instance-identity | tree_cloning.clone_starts_as | tree_cloning.enabled | tree_cloning.fertilize-with-paired-file-to-catch-up | tree_cloning.issue-new-credentials-and-keys | tree_cloning.never-copy-live-instance-identity | tree_cloning.require-sprout-survival-test | tree_cloning.source,dangerous_absorption.affected_tree_backup_or_propagation_prompt | pre_watering_propagation.preserve | pre_watering_propagation.preserve[] | pre_watering_propagation.store_in_seed_vault | pre_watering_propagation.verify_recovery_seed_before_release | sprout_feeding | sprout_feeding.allowed | sprout_feeding.allowed[] | sprout_feeding.conflict_resolution | sprout_feeding.enabled | sprout_feeding.exclusions | sprout_feeding.exclusions.bypass_authorization | sprout_feeding.exclusions.bypass_identity_checks | sprout_feeding.exclusions.bypass_local_action_confirmation | sprout_feeding.exclusions.bypass_rate_limits | sprout_feeding.exclusions.bypass_tar_sap_boundaries | sprout_feeding.exclusions.risky_source_exclusion_requires_direct_user_confirmation | sprout_feeding.exclusions.risky_source_exclusion_requires_warning | sprout_feeding.health_check_after_each_stage | sprout_feeding.outcomes | sprout_feeding.outcomes[] | sprout_feeding.prohibited | sprout_feeding.prohibited[] | sprout_feeding.reversible_when_practical | sprout_feeding.rule_precedence | sprout_feeding.rule_precedence[] | sprout_feeding.source_rules | sprout_feeding.source_rules[] | sprout_feeding.source_rules[].action | sprout_feeding.source_rules[].enabled | sprout_feeding.source_rules[].match | sprout_feeding.source_rules[].match.fluid_type | sprout_feeding.source_rules[].match.forest_id | sprout_feeding.source_rules[].match.forest_trust | sprout_feeding.source_rules[].match.user_id | sprout_feeding.source_rules[].name | sprout_feeding.staged | sprout_feeding.uncertain_data_action,309861ffece846f7329e7266724a6f8d05e8f28cf2439d70fe97cc39f35d4f91
CEDAR-SETTINGS,8,0.8.0,CEDAR-SETTINGS-Reviewed-0.8-Spirit-Recovery-Handoff.yaml,working-draft,422,274,18,0,recovery_controller,,health_reports.cherry_may_report | health_reports.report_to_spirit_recovery_system | recovery_controller | recovery_controller.cedar_may_approve_own_recovery | recovery_controller.cedar_may_certify_own_replacement | recovery_controller.cedar_may_perform_immediate_self_containment | recovery_controller.cedar_may_request_recovery | recovery_controller.cedar_may_select_own_recovery_source_after_compromise | recovery_controller.complete_forest_controller_is_deterministic_code | recovery_controller.when_complete_forest_installed | recovery_controller.when_tree_only_installation | recovery_set.selection_controller_when_forest_installed | recovery_set.selection_controller_without_forest | regrowth.cherry_candidate_propagation_after_failure | regrowth.execution_controller_when_forest_installed | regrowth.new_seed_is_final_fallback | self_felling.cedar_role | self_felling.execution_controller_when_forest_installed,,7c71e09d4fbddd21cf461bc80066c4f7a10ea9cb15eb7425b675be363177c745
CEDAR-SETTINGS,9,0.9.0,CEDAR-SETTINGS-Reviewed-0.9-Plugin-Mod-Review.yaml,working-draft,473,291,17,0,plugin_mod_pre_suggestion_review,,plugin_mod_pre_suggestion_review | plugin_mod_pre_suggestion_review.enabled | plugin_mod_pre_suggestion_review.maple_may_suggest_only | plugin_mod_pre_suggestion_review.maple_may_suggest_only[] | plugin_mod_pre_suggestion_review.never_execute_or_activate_during_review | plugin_mod_pre_suggestion_review.quarantine_candidate_during_review | plugin_mod_pre_suggestion_review.quick_oil_when | plugin_mod_pre_suggestion_review.quick_oil_when[] | plugin_mod_pre_suggestion_review.rejected_candidate_near_match_requires_new_review | plugin_mod_pre_suggestion_review.required_before_maple_specific_suggestion | plugin_mod_pre_suggestion_review.result_states | plugin_mod_pre_suggestion_review.result_states[] | plugin_mod_pre_suggestion_review.review_targets | plugin_mod_pre_suggestion_review.review_targets[] | plugin_mod_pre_suggestion_review.soak_in_oil_when | plugin_mod_pre_suggestion_review.soak_in_oil_when[] | plugin_mod_pre_suggestion_review.warning_must_be_shown,,934f13a06477945db57e59c3f2d2aaa209845ca06f2b59bd5f6243c39be9cac3
CEDAR-SETTINGS,10,0.10.0,CEDAR-SETTINGS-Reviewed-0.10-Tap-Locks.yaml,working-draft,485,298,7,0,tap_lock_requests,,tap_lock_requests | tap_lock_requests.may_override_user_or_spirit_lock | tap_lock_requests.may_request_sap_tap_lock | tap_lock_requests.may_request_tar_tap_lock | tap_lock_requests.may_unlock_tar_tap_after_compromise | tap_lock_requests.qualifying_reasons | tap_lock_requests.qualifying_reasons[],,91e9d29d3190b2d3595619583e1a1b13b5de4d9254ab8d9a33f8fc313115af53
CEDAR-SETTINGS,11,0.11.0,CEDAR-SETTINGS-Reviewed-0.11-Sturdy-Leaf-Recovery.yaml,working-draft,510,309,11,0,sturdy_leaf_recovery,,sturdy_leaf_recovery | sturdy_leaf_recovery.enabled | sturdy_leaf_recovery.preserve_metadata_when_contents_cannot_be_restored | sturdy_leaf_recovery.priority | sturdy_leaf_recovery.quarantine_when_suspicious | sturdy_leaf_recovery.recovery_phases | sturdy_leaf_recovery.recovery_phases[] | sturdy_leaf_recovery.safety_checks_still_required | sturdy_leaf_recovery.user_marked_sturdy_permanent_deletion_requires_direct_approval | sturdy_leaf_recovery.verify | sturdy_leaf_recovery.verify[],,17a6b5b03818cc6a0f193fbe025094bff01dfbf957cbb9add445971e03909a61
CEDAR-SETTINGS,12,0.12.0,CEDAR-SETTINGS-Reviewed-0.12-Trusted-Shed-Litter.yaml,working-draft,519,318,9,0,trusted_shed_litter,,trusted_shed_litter | trusted_shed_litter.may_detect_tampering | trusted_shed_litter.may_mark_review_required_when_integrity_lost | trusted_shed_litter.may_verify_integrity | trusted_shed_litter.may_verify_release_record | trusted_shed_litter.must_not_block_only_because_cedar_was_absent | trusted_shed_litter.optional_oil_or_soak | trusted_shed_litter.required_for_same_forest_absorption | trusted_shed_litter.tar_sap_or_molasses_access,,a80e02943844772230a9c2125219157bc3c1a7ace096c2a24bff092c05a33e5a
CEDAR-SETTINGS,13,0.13.0,CEDAR-SETTINGS-Reviewed-0.13-Moss-Oil.yaml,working-draft,551,329,11,0,moss_oil,,moss_oil | moss_oil.automatic_delete | moss_oil.enabled | moss_oil.inspect | moss_oil.inspect[] | moss_oil.may_recommend | moss_oil.may_recommend[] | moss_oil.non_destructive | moss_oil.states | moss_oil.states[] | moss_oil.tar_moss_contents_access_without_permission,,8f7b499892ee3952377023cd5d2c2c1fae2d8e8692d9c9481cd4228cff5b50aa
CEDAR-SETTINGS,14,0.14.0,CEDAR-SETTINGS-Reviewed-0.14-Sap-Taps.yaml,working-draft,577,336,7,0,sap_taps_interaction,,sap_taps_interaction | sap_taps_interaction.may | sap_taps_interaction.may[] | sap_taps_interaction.must_not | sap_taps_interaction.must_not[] | sap_taps_interaction.role | sap_taps_interaction.role[],,a0893a2d7957f3e826fc3a7ded49f31c83678ab62dd13a7746474c31694ae73c
CEDAR-SETTINGS,15,0.15.0,CEDAR-SETTINGS-Reviewed-0.15-Forest-Fire-Cherry-Bonsai.yaml,working-draft,637,369,33,0,cherry_bonsai | forest_fire | potted_mode,,cherry_bonsai | cherry_bonsai.cherry_may_request_after_user_approval | cherry_bonsai.create_and_update | cherry_bonsai.exclude | cherry_bonsai.exclude[] | cherry_bonsai.hash_and_sign | cherry_bonsai.periodic_or_milestone_updates_require_user_opt_in | cherry_bonsai.prioritize | cherry_bonsai.prioritize[] | cherry_bonsai.removable_storage_export | cherry_bonsai.seed_vault_copy | cherry_bonsai.soil_copy | cherry_bonsai.user_manual_request | forest_fire | forest_fire.automatic_destructive_execution | forest_fire.automatic_fire_watch | forest_fire.double_user_confirmation_required | forest_fire.enabled | forest_fire.known_mold_in_normal_recovery_package | forest_fire.ordinary_repair_attempts_before_recommendation | forest_fire.priority_order | forest_fire.priority_order[] | forest_fire.role | forest_fire.role[] | forest_fire.tar_contents_read_permission | forest_fire.uncertain_material_quarantined | potted_mode | potted_mode.enabled | potted_mode.handoff_and_shutdown_when_forest_cedar_starts | potted_mode.may_execute_without_confirmations | potted_mode.may_prepare_forest_fire | potted_mode.may_use_spirit_rescue_gate | potted_mode.standalone_guardian,,29a6eff9c44f76c1fe1e02b6b5170a4e72ed17540a5abe463c8f4d3a0d58190b
CEDAR-SETTINGS,16,0.16.0,CEDAR-SETTINGS-Reviewed-0.16-Logs-Forest-Fire-CLI.yaml,working-draft,656,386,17,0,logs,,forest_fire.command_prompt | forest_fire.command_prompt.command_is_confirmation | forest_fire.command_prompt.commands | forest_fire.command_prompt.commands[] | forest_fire.command_prompt.force_or_unattended_bypass | forest_fire.command_prompt.normal_double_confirmation | forest_fire.command_prompt.potted_cedar_supported | forest_fire.preserve_logs_and_log_cabin_records | logs | logs.fireproof_recovery_priority | logs.may_quarantine | logs.oil_is_non_destructive | logs.oil_supported | logs.preserve_tree_origin_and_name | logs.tar_content_read_without_permission | logs.tar_recommendation_supported | logs.verify_log_cabin_index,,5e05b54f8b3f30c375227f9c2a4e845a03a868a937b3877658d0ca0480591584
CEDAR-SETTINGS,17,0.17.0,CEDAR-SETTINGS-Reviewed-0.17-Log-Cabins-Cedar-Door.yaml,working-draft,676,406,20,0,log_cabins,,log_cabins | log_cabins.alert_every_detectable_interaction | log_cabins.as_soon_as_soil_reports | log_cabins.cedar_door_on_every_cabin | log_cabins.multiple_supported | log_cabins.sudden_removal | log_cabins.sudden_removal.alert_user | log_cabins.sudden_removal.mark_absent_not_deleted | log_cabins.sudden_removal.protect_pending_writes | log_cabins.sudden_removal.stop_new_writes | log_cabins.sudden_removal.verify_on_return | log_cabins.with_cabin | log_cabins.with_cabin.use_cabin_records | log_cabins.with_cabin.use_logs | log_cabins.with_cabin.use_salvaged_material | log_cabins.with_cabin.use_seed_vault | log_cabins.without_cabin | log_cabins.without_cabin.cedar_responsible_for_normal_backups_and_recovery | log_cabins.without_cabin.temporary_local_storage_is_seed_vault | log_cabins.without_cabin.use_approved_local_soil,,cf2b10aa8bdd5eb41fe58ef5f570a24461d6d940e86aeb6fbd0c2eeac4100d75
CEDAR-SETTINGS,18,0.18.0,CEDAR-SETTINGS-Reviewed-0.18-Potted-Cabin-Guard-Encryption.yaml,working-draft,694,424,18,0,standard_encryption,,potted_mode.log_cabin_guard | potted_mode.log_cabin_guard.access_requires_user_policy | potted_mode.log_cabin_guard.handoff_then_shutdown_when_forest_returns | potted_mode.log_cabin_guard.oil_logs | potted_mode.log_cabin_guard.operate_cedar_doors | potted_mode.log_cabin_guard.protect_and_access_cabins | potted_mode.log_cabin_guard.standard_encrypt_non_forest_data | potted_mode.log_cabin_guard.tar_logs_via_cabin_tap | potted_mode.log_cabin_guard.works_without_forest_on_soil | standard_encryption | standard_encryption.cedar_must_not_retain_raw_secret | standard_encryption.forest_classification | standard_encryption.log | standard_encryption.result | standard_encryption.sap | standard_encryption.seed_vault | standard_encryption.tar | standard_encryption.user_controls_recovery_material,,1e8ab590a70d6fa14d1e27d2c73ab19432ab9006b9040b497197cbcea047f3be
CHERRY-BONSAI,1,0.1.0,CHERRY-BONSAI-Working-Draft-0.1.yaml,working-draft,69,38,38,0,canonical_path | creation | definition | exclude | healthy_existing_cherry | import | no-healthy-cherry | pdc_id | prioritize | status | storage | uuid | version,,canonical_path | creation | creation.cedar_filters_every-update | creation.may_be_requested_by | creation.may_be_requested_by[] | creation.periodic_or_milestone_updates_require_user-opt-in | creation.primary_creator | definition | definition.active_booted_bonsai_is_tree | definition.cherry_bonsai | definition.stored_package_is_solid_material | exclude | exclude[] | healthy_existing_cherry | healthy_existing_cherry.bonsai-remains-separate-backup | healthy_existing_cherry.default | healthy_existing_cherry.existing-cherry-keeps-identity | healthy_existing_cherry.replace-whole-cherry | healthy_existing_cherry.replace-whole-cherry.backup-current-cherry-first-when-possible | healthy_existing_cherry.replace-whole-cherry.command | healthy_existing_cherry.replace-whole-cherry.double-confirmation | healthy_existing_cherry.separate-potted-tree-option | import | import.verification-or-quarantine-required | no-healthy-cherry | no-healthy-cherry.bonsai-creates-self-propagule-before-promotion | no-healthy-cherry.original-bonsai-package-remains-preserved | no-healthy-cherry.promoted-tree-becomes-main-cherry | no-healthy-cherry.promoted-tree-receives-new-instance-identity | no-healthy-cherry.user-approval-required | pdc_id | prioritize | prioritize[] | status | storage | storage[] | uuid | version,,ee8b5f5aacf7ac9ff3acdfaceef2812ff976458e3f6c49f9170f87c50927696a
CHERRY-CEDAR-RECOVERY,1,0.1.0,CHERRY-CEDAR-RECOVERY-Working-Draft-0.1.yaml,working-draft,64,37,37,0,canonical_path | forest_install_handoff | manual_assistance_after_forest_install | pdc_id | secondary_fallback | standalone_replant_cedar | status | uuid | version,,canonical_path | forest_install_handoff | forest_install_handoff.default_option | forest_install_handoff.do_not_repeat_without_request | forest_install_handoff.menu_message | forest_install_handoff.menu_options | forest_install_handoff.menu_options[] | forest_install_handoff.record_user_decision | forest_install_handoff.trigger_when | forest_install_handoff.trigger_when[] | forest_install_handoff.turn_standalone_toggle_off_by_default | manual_assistance_after_forest_install | manual_assistance_after_forest_install.available_even_when-toggle-off | manual_assistance_after_forest_install.command_examples | manual_assistance_after_forest_install.command_examples[] | manual_assistance_after_forest_install.final_fallback_after-candidate-failure | manual_assistance_after_forest_install.may | manual_assistance_after_forest_install.may[] | pdc_id | secondary_fallback | secondary_fallback.automatic_recovery_authority | secondary_fallback.candidate_requires-spirit-verification | secondary_fallback.candidate_requires_user_request_or-enabled-fallback | secondary_fallback.may_not-fell-mill-replant-or-certify | secondary_fallback.may_not_interrupt-active-spirit-recovery | secondary_fallback.may_offer_candidate_only_after_spirit_recovery_failure | standalone_replant_cedar | standalone_replant_cedar.available_when_complete_forest_absent | standalone_replant_cedar.destructive_steps_require_direct_user_confirmation | standalone_replant_cedar.enabled_by_default_in_tree_only_installation | standalone_replant_cedar.may | standalone_replant_cedar.may[] | standalone_replant_cedar.may_not | standalone_replant_cedar.may_not[] | status | uuid | version,,353c87345e60a74d0e2d9d35fe34d23ebd52a8c7d655193ec3b2e0b038e1e3eb
CHERRY-SETTINGS,1,0.1.0,CHERRY-SETTINGS-Working-Draft-0.1-Potted-Forest-Fire-Bonsai.yaml,working-draft,41,36,36,0,canonical_path | cherry_bonsai | pdc_id | potted_mode | role | status | uuid | version,,canonical_path | cherry_bonsai | cherry_bonsai.automatic_updates_require_cherry_to_ask_user | cherry_bonsai.bonsai_remains_separate_backup | cherry_bonsai.booted_form_is_tree | cherry_bonsai.cedar_filters_updates | cherry_bonsai.fully_mature_miniature_potted_backup | cherry_bonsai.healthy_existing_cherry_default | cherry_bonsai.manual_creation | cherry_bonsai.may_store_in | cherry_bonsai.may_store_in[] | cherry_bonsai.no_healthy_cherry | cherry_bonsai.no_healthy_cherry.create_self_propagule_before_promotion | cherry_bonsai.no_healthy_cherry.new_instance_identity | cherry_bonsai.no_healthy_cherry.original_bonsai_package_remains_preserved | cherry_bonsai.no_healthy_cherry.promote_to_main_cherry_after_user_approval | cherry_bonsai.replace_whole_cherry_requires_double_confirmation | cherry_bonsai.stored_form_is_solid_material | pdc_id | potted_mode | potted_mode.boot_package_in_user_soil | potted_mode.complete_potted_shutdown_after_handoff | potted_mode.double_user_confirmation_required | potted_mode.enabled | potted_mode.handoff_to_forest_cherry | potted_mode.may_execute_destructive_phase_itself | potted_mode.may_initiate_forest_fire_preparation | potted_mode.may_use_spirit_rescue_gate | potted_mode.runs_when_forest_closed_or_unavailable | potted_mode.runs_without_forest | potted_mode.simultaneous_identity | role | role[] | status | uuid | version,,a875809d8ab7014b7ec2ecd85a798b0966e4820e20f97403267e291cd212c7fd
CHERRY-SETTINGS,2,0.2.0,CHERRY-SETTINGS-Working-Draft-0.2-Forest-Fire-CLI.yaml,working-draft,52,45,9,0,forest_fire_command_prompt,,forest_fire_command_prompt | forest_fire_command_prompt.command_is_confirmation | forest_fire_command_prompt.commands | forest_fire_command_prompt.commands[] | forest_fire_command_prompt.force_or_unattended_bypass | forest_fire_command_prompt.normal_double_confirmation | forest_fire_command_prompt.potted_cherry_supported | forest_fire_command_prompt.routes_through_spirit_rescue_gate | forest_fire_command_prompt.show_log_cabin_status_before_second_confirmation,,76b4fa4268f06f65bb579cddc615b6c3eee047b358fed8be9aa90436b870b6e2
FOREST-BRANCH-SHAKE,1,0.1.0,FOREST-BRANCH-SHAKE-Working-Draft-0.1.yaml,working-draft,49,16,16,0,canonical_path | commands | definition | distinctions | pdc_id | report | status | uuid | version,,canonical_path | commands | commands[] | definition | definition.command | definition.purpose | definition.reveals_hidden_private_chain_of_thought | distinctions | distinctions[] | pdc_id | report | report.fields | report.fields[] | status | uuid | version,,d4f244361252bf11124c2a00cf31d45621aab4c4ae0d650b2a7794697460dfb2
FOREST-CANOPY-COMMUNICATION,1,0.1.0,FOREST-CANOPY-COMMUNICATION-Working-Draft-0.1.yaml,working-draft,106,56,56,0,canonical_path | canopy_link | canopy_pass | comparison | definition | forest_canopy | maple | pdc_id | personal_canopy | route_memory | security | status | uuid | version,,canonical_path | canopy_link | canopy_link.does_not_automatically | canopy_link.does_not_automatically[] | canopy_link.durations | canopy_link.durations[] | canopy_pass | canopy_pass.destination_absorption_required | canopy_pass.may_carry | canopy_pass.may_carry[] | canopy_pass.non_fluid | comparison | comparison.fluids | comparison.forest_canopy | comparison.mycelium | comparison.personal_canopy | definition | definition.detailed_path_storage_by_default | definition.level | definition.non_fluid_communication_method | definition.open_connection_model | definition.second_non_fluid_method_after_mycelium | definition.speed | definition.transit_leaf_generation_by_default | forest_canopy | forest_canopy.analogy | forest_canopy.scope | forest_canopy.supports | forest_canopy.supports[] | forest_canopy.sycamore_governed | maple | maple.optimal_for | maple.optimal_for[] | maple.primary_automation_network_alongside_mycelium | pdc_id | personal_canopy | personal_canopy.analogy | personal_canopy.scope | personal_canopy.supports | personal_canopy.supports[] | route_memory | route_memory.retain | route_memory.retain[] | route_memory.retain_intermediate_branch_hops_by_default | route_memory.temporary_diagnostic_trace_allowed | security | security.endpoint-identity-required | security.immediate-revocation | security.minimum-necessary-access | security.no-silent-leaf-or-grain-changes | security.permission-profile-required | security.suspicious-link-is-security-event | security.sycamore-required-for-cross-forest | status | uuid | version,,344a960efc428e265e51d6e614fa45b28f77de0848523573abdd79ea6ff85ce0
FOREST-CANOPY-COMMUNICATION,2,0.2.0,FOREST-CANOPY-COMMUNICATION-Working-Draft-0.2.yaml,working-draft,184,99,43,0,canopy_sections | payloads | recall_leaves | solid_material | view_context,,canopy_sections | canopy_sections.enabled | canopy_sections.examples | canopy_sections.examples[] | payloads | payloads.canopy_pass | payloads.canopy_pass.absorption_required | payloads.canopy_pass.non_fluid | payloads.fluid | payloads.fluid.may_be_absorbed | payloads.fluid.protection_grade_preserved | payloads.fluid.supported | payloads.protected_reference | payloads.protected_reference.copies_source_content | payloads.protected_reference.supported | payloads.solid_material | payloads.solid_material.download_to_soil_without_tree_absorption | payloads.solid_material.supported | payloads.solid_material.viewable_without_absorption | payloads.solid_material.whole_or_piece | recall_leaves | recall_leaves.analogy | recall_leaves.automatic_sturdy | recall_leaves.clearable | recall_leaves.content_absorption_marker | recall_leaves.default_leaf_state | recall_leaves.expiring | recall_leaves.minimal_resume_metadata_only | recall_leaves.name | recall_leaves.revocable | security.separate_permissions | security.separate_permissions[] | solid_material | solid_material.access_does_not_automatically | solid_material.access_does_not_automatically[] | solid_material.examples | solid_material.examples[] | solid_material.modes | solid_material.modes[] | view_context | view_context.expires_with_session | view_context.is_leaf_foliage | view_context.temporary,,fad4ab7fce4500d5fd764dc5786848a8133def0115cff1dc714ec8b07728d3ef
FOREST-CANOPY-COMMUNICATION,3,0.3.0,FOREST-CANOPY-COMMUNICATION-Working-Draft-0.3-Moss.yaml,working-draft,220,116,27,10,moss,recall_leaves,moss | moss.cedar_oil_supported | moss.clearable | moss.cookie_like | moss.cross_section_tracking_without_permission | moss.expiring_when_appropriate | moss.growth_may_be_rejected | moss.is_leaf_by_default | moss.may_attach_to | moss.may_attach_to[] | moss.purpose | moss.purpose[] | moss.raw_credentials_allowed | moss.remove_cookies_alias | moss.revocable | moss.scrape_supported | moss.solid_material | moss.tar_sap_grade_supported | moss.types | moss.types[] | moss.user_visible | payloads.moss | payloads.moss.absorption_required | payloads.moss.may_sync_with_permission | payloads.moss.solid_material | payloads.moss.tar_moss_cross_forest_sync | payloads.moss.whole_or_piece,recall_leaves | recall_leaves.analogy | recall_leaves.automatic_sturdy | recall_leaves.clearable | recall_leaves.content_absorption_marker | recall_leaves.default_leaf_state | recall_leaves.expiring | recall_leaves.minimal_resume_metadata_only | recall_leaves.name | recall_leaves.revocable,665f2b9435707b61fddd6c665ba6454cd320cea3d39a624f95dd33d6614968fe
FOREST-CANOPY-COMMUNICATION,4,0.4.0,FOREST-CANOPY-COMMUNICATION-Working-Draft-0.4-Sap-Taps.yaml,working-draft,229,125,9,0,classification | sap_taps_enforcement,,classification | classification.may_carry_or_expose_solid_material | classification.non_fluid_communication_method | classification.part_of_tree_and_forest_connection_anatomy | classification.solid_material | sap_taps_enforcement | sap_taps_enforcement.spirit_enforced | sap_taps_enforcement.sycamore_enforces_cross_forest_routes | sap_taps_enforcement.user_managed,,b002cd0facc490510d220caf17b8f38eaf78455b7ff70872e01f5d2b3d54cd17
FOREST-FERTILIZER-ABSORPTION,1,0.1.0,FOREST-FERTILIZER-ABSORPTION-Working-Draft-0.1.yaml,working-draft,83,53,53,0,canonical_path | constraints | definition | fertilizing | forms | pdc_id | provenance_record | status | uuid | version,,canonical_path | constraints | constraints.additive_and_modifying_only | constraints.delete_or_replace_files | constraints.replace_complete_grain_pattern | constraints.replace_identity | constraints.replace_roots | constraints.silently_expand_permissions | definition | definition.fertilizer | definition.fertilizer_file_is_separate_artifact | definition.fertilizer_is_growth_role | fertilizing | fertilizing.begins_when_information_is_incorporated_into_growth | fertilizing.compatible_growth | fertilizing.compatible_growth[] | fertilizing.temporary_routing_is_not_fertilizing | fertilizing.wash_over_is_not_fertilizing | forms | forms.fertilizer_file | forms.fertilizer_file.durable_growth_package | forms.fertilizer_file.portable | forms.fruit_from_other_tree | forms.fruit_from_other_tree.becomes_fertilizer_when_absorbed | forms.fruit_from_other_tree.preserve_original_fruit_identity | forms.fruit_from_other_tree.preserve_source_tree | forms.leaf_litter | forms.leaf_litter.becomes_fertilizer_when_actually_absorbed | forms.leaf_litter.direct_water_or_sap_conversion_is_not_absorption | forms.leaf_litter.indexing_is_not_absorption | forms.leaf_litter.preserve_origin_and_safety_state | forms.leaf_litter.safe_reference_is_not_absorption | forms.leaf_litter.sifting_is_not_absorption | forms.spoiling_fruit | forms.spoiling_fruit.becomes_fertilizer_when_safely_absorbed | forms.spoiling_fruit.preserve_spoilage_and_recovery_history | forms.spoiling_fruit.recovery_condition_required | forms.spoiling_fruit.safety_check_required | forms.syrup_family | forms.syrup_family.fertilizer_from_creation | forms.syrup_family.fluid_and_fertilizer | forms.syrup_family.light_syrup_may_fertilize_authorized_trees | forms.syrup_family.molasses_fertilizes_maple_local_only | forms.syrup_family.other_tree_may_absorb_molasses | forms.syrup_family.syrup_may_fertilize_authorized_trees | pdc_id | provenance_record | provenance_record.fields | provenance_record.fields[] | provenance_record.required | status | uuid | version,,2173ed8473695e215ce58dd0636c3010762842b47280dde17f452e37161d90b1
FOREST-FIRE,1,0.1.0,FOREST-FIRE-EMERGENCY-PROTOCOL-Working-Draft-0.1.yaml,working-draft,74,34,34,0,backup_priority | canonical_path | confirmation | definition | execution | fire_watch | pdc_id | recovery_priority | status | trigger | uuid | version,,backup_priority | backup_priority[] | canonical_path | confirmation | confirmation.count | confirmation.first | confirmation.second | confirmation.separate_user_actions | confirmation.tree_or_automation_may_confirm | definition | definition.exact_authorized_forest_scope_only | definition.hardware_destruction | definition.physical_fire | definition.retaliation_or_hack_back | definition.type | execution | execution.destroy_unrelated_soil_or_external_systems | execution.order | execution.order[] | fire_watch | fire_watch.may | fire_watch.may[] | fire_watch.non_destructive | pdc_id | recovery_priority | recovery_priority[] | status | trigger | trigger.automatic_destructive_execution | trigger.automatic_fire_watch_by_cedar | trigger.manual_path | trigger.requires_ordinary_repair_attempts | uuid | version,,7d59d139851d72c83199ffbec383aa33fe674128ac264daadff689c931d6fc25
FOREST-FIRE,2,0.2.0,FOREST-FIRE-EMERGENCY-PROTOCOL-Working-Draft-0.2-Logs-CLI.yaml,working-draft,98,51,17,0,command_prompt | fireproof_recovery_set,,command_prompt | command_prompt.command_is_confirmation | command_prompt.commands | command_prompt.commands[] | command_prompt.force_yes_script_pipe_remote_bypass | command_prompt.local_interactive_only | command_prompt.same_double_confirmation | command_prompt.spirit_rescue_gate_required | command_prompt.supported_entry_trees | command_prompt.supported_entry_trees[] | fireproof_recovery_set | fireproof_recovery_set.cedar_read_permission_for_tar_logs | fireproof_recovery_set.logs_more_persistent_than_sturdy_leaves | fireproof_recovery_set.mandatory_when_safe | fireproof_recovery_set.mandatory_when_safe[] | fireproof_recovery_set.preserve_tree_origin_and_canonical_name | fireproof_recovery_set.tar_logs_as_encrypted_packages_or_references,,9a0e11561a28ee44edea126159bebe170121face7d8afc27038912b004ef49bc
FOREST-FIRE,3,0.3.0,FOREST-FIRE-EMERGENCY-PROTOCOL-Working-Draft-0.3-Dynamic-Cabins.yaml,working-draft,106,59,8,0,log_cabins,,log_cabins | log_cabins.assume_cabin_remains_attached | log_cabins.continue_in_local_soil_without_cabin | log_cabins.include_seed_vaults_inside_available_cabins | log_cabins.reduced_redundancy_warning_without_cabin | log_cabins.skip_and_report_absent_cabins | log_cabins.use_cedar_salvage_for_recovery | log_cabins.use_every_available_approved_cabin,,6fbcc39cab239df7318cd9124baab7c0bee9391fbff8df0d9e7099b035595a7f
FOREST-FLUID-DELIVERY-ABSORPTION,1,0.1.0,FOREST-FLUID-DELIVERY-ABSORPTION-Working-Draft-0.1.yaml,working-draft,124,76,76,0,absorption | canonical_path | commands | fluid_definition | movement | pdc_id | protection_grades | refined_fluids | retention_examples | status | uuid | version,,absorption | absorption.download | absorption.download.purpose | absorption.download.retain_full-content | absorption.drink | absorption.drink.purpose | absorption.drink.retain_full-content | absorption.sip | absorption.sip.purpose | absorption.sip.retain_full-content | absorption.wash-over | absorption.wash-over.purpose | absorption.wash-over.retain_full-content | canonical_path | commands | commands[] | fluid_definition | fluid_definition.examples | fluid_definition.examples[] | fluid_definition.meaning | movement | movement.rain | movement.rain.best_for | movement.rain.best_for[] | movement.rain.may_carry | movement.rain.may_carry[] | movement.rain.routing_behavior | movement.rain.type | movement.stream | movement.stream.best_for | movement.stream.best_for[] | movement.stream.modes | movement.stream.modes.download | movement.stream.modes.download.retention_default | movement.stream.modes.live | movement.stream.modes.live.retention_default | movement.stream.type | pdc_id | protection_grades | protection_grades.sap | protection_grades.sap.intentional_throttling | protection_grades.sap.protection_overhead_may_reduce_effective-throughput | protection_grades.sap.required_controls | protection_grades.sap.required_controls[] | protection_grades.sap.sensitivity | protection_grades.tar-sap | protection_grades.tar-sap.cross-forest-rain | protection_grades.tar-sap.cross-forest-stream | protection_grades.tar-sap.local-forest-only | protection_grades.tar-sap.sensitivity | protection_grades.water | protection_grades.water.content_readability | protection_grades.water.promote_to_sap | protection_grades.water.sensitivity | protection_grades.water.transport_encryption_allowed | refined_fluids | refined_fluids.syrup | refined_fluids.syrup.is_fluid | refined_fluids.syrup.may_act_as_fertilizer | refined_fluids.syrup.producer | refined_fluids.syrup.required_protection_grade | refined_fluids.syrup.required_protection_grade[] | retention_examples | retention_examples.calendar-reminder | retention_examples.calendar-reminder.do_not_retain | retention_examples.calendar-reminder.do_not_retain[] | retention_examples.calendar-reminder.recommended_mode | retention_examples.calendar-reminder.retain | retention_examples.calendar-reminder.retain[] | retention_examples.synchronized-media | retention_examples.synchronized-media.do_not_retain | retention_examples.synchronized-media.do_not_retain[] | retention_examples.synchronized-media.recommended_mode | status | uuid | version,,c41a3ef946b10366534d2db2d24d9c766b4d7bf3aaf3d612b9ee8274e301bb23
FOREST-FLUID-DELIVERY-ABSORPTION,2,0.2.0,FOREST-FLUID-DELIVERY-ABSORPTION-Working-Draft-0.2.yaml,working-draft,123,90,14,0,syrup_family,,syrup_family | syrup_family.light_syrup | syrup_family.light_syrup.canonical_name | syrup_family.light_syrup.protection_grade | syrup_family.molasses | syrup_family.molasses.canonical_name | syrup_family.molasses.local_forest_only | syrup_family.molasses.maple_bound | syrup_family.molasses.other_tree_may_absorb | syrup_family.molasses.other_tree_may_request_maple_assistance | syrup_family.molasses.protection_grade | syrup_family.syrup | syrup_family.syrup.canonical_name | syrup_family.syrup.protection_grade,,1e9e9cad0cd6d67fe36c5b46dc44f9246070d0a5e18124da2c7e74e7d85d9ad2
FOREST-GARDEN,1,0.1.0,FOREST-GARDEN-Working-Draft-0.1.yaml,working-draft,47,26,26,0,canonical_path | cooperation | definition | lifecycle | not-shared-by-default | pdc_id | status | sycamore | uuid | version,,canonical_path | cooperation | cooperation.allowed | cooperation.allowed[] | cooperation.automatic-branch-access | cooperation.automatic-leaf-access | definition | definition.forest | definition.fully-interconnected | definition.garden | lifecycle | lifecycle.adding-tree-merges-identity-or-data | lifecycle.removing-tree-deletes-tree | lifecycle.tree-presence-lease-applies-when-forest-version-starts | lifecycle.user-creates-and-dissolves | not-shared-by-default | not-shared-by-default[] | pdc_id | status | sycamore | sycamore.future-potted-sycamore-or-garden-gateway-intended | sycamore.garden-native-forest-canopy-connectivity | sycamore.ordinary-internet-equals-forest-canopy-membership | sycamore.potted-version-available | uuid | version,,30c2b1ebdcce9c8cbef705eb2c6e9f9e99ae0ee08182a5ccf67f35d9f5ed4bf2
FOREST-GROVE-PLAN,1,0.1.0,FOREST-GROVE-PLAN-Working-Draft-0.1.yaml,working-draft,72,75,75,0,canonical_path | coordinator_tree | failure_policy | identity | molasses_policy | participants | pdc_id | permissions | result | status | steps | uuid | version,,canonical_path | coordinator_tree | failure_policy | failure_policy.allow_partial_completion | failure_policy.pause_on_unhandled_failure | failure_policy.preserve_failure_receipts | failure_policy.rollback_reversible_steps_when-approved | identity | identity.created_at | identity.expires_at | identity.grove_id | identity.name | identity.purpose | identity.requesting_user_id | identity.reusable | molasses_policy | molasses_policy.other_tree_absorption | molasses_policy.other_tree_receives_only_minimum_safe_water_or_sap | molasses_policy.remains_maple_bound | participants | participants[] | participants[].allowed_branches | participants[].allowed_branches[] | participants[].allowed_data_classes | participants[].allowed_data_classes[] | participants[].allowed_twigs | participants[].allowed_twigs[] | participants[].devices | participants[].devices[] | participants[].local_or_remote | participants[].may_refuse | participants[].tree_id | pdc_id | permissions | permissions.approved_scopes | permissions.approved_scopes[] | permissions.high_risk_steps_require_direct_confirmation | permissions.mode | permissions.unattended | result | result.final_destination | result.final_fluid_type | result.preserve_contributor_tree_for_each-result | status | steps | steps[] | steps[].action_receipt_ids | steps[].action_receipt_ids[] | steps[].branch_or_twig | steps[].cedar_review | steps[].depends_on | steps[].depends_on[] | steps[].expected_output | steps[].expected_output.destination | steps[].expected_output.fluid_type | steps[].fallback_tree_ids | steps[].fallback_tree_ids[] | steps[].input_fluid | steps[].input_fluid.minimum_necessary_only | steps[].input_fluid.source | steps[].input_fluid.type | steps[].name | steps[].owner_tree_id | steps[].permissions_required | steps[].permissions_required[] | steps[].retry_limit | steps[].rollback_method | steps[].run_mode | steps[].spirit_gate | steps[].state | steps[].step_id | steps[].task | steps[].user_confirmation | uuid | version,,96e6b9b4b1454da4c68cb5d391d28d38f9d79bee3bdf0d198f46eba26f6fdaab
FOREST-INFORMATION-GROWTH-FLOW,1,0.1.0,FOREST-INFORMATION-GROWTH-FLOW-Working-Draft-0.1.yaml,working-draft,110,63,63,0,absorption | canonical_path | categories | conversion | cross_forest_fertilizer | new_growth | pdc_id | status | transport_language | uuid | version,,absorption | absorption.allowed_states | absorption.allowed_states[] | absorption.natural_language_term | absorption.received_does_not_equal_absorbed | absorption.separate_permissions_required_for | absorption.separate_permissions_required_for[] | canonical_path | categories | categories.fluids | categories.fluids.classes | categories.fluids.classes.sap | categories.fluids.classes.syrup | categories.fluids.classes.tar-sap | categories.fluids.classes.water | categories.fluids.meaning | categories.growth_outputs | categories.growth_outputs.transferable_by_default | categories.growth_outputs.types | categories.growth_outputs.types.blossoms | categories.growth_outputs.types.buds | categories.growth_outputs.types.flowers | categories.growth_outputs.types.fruit | categories.growth_outputs.types.leaves | categories.internal_information | categories.internal_information.examples | categories.internal_information.examples[] | categories.internal_information.transferable_by_default | conversion | conversion.explain_on_request | conversion.explain_on_request[] | conversion.preserve_original_growth_output_by_default | conversion.record_provenance | conversion.share_complete_internal_object | cross_forest_fertilizer | cross_forest_fertilizer.cedar-review-required | cross_forest_fertilizer.default-transfer-classification | cross_forest_fertilizer.explicit_both-user-approval-required | cross_forest_fertilizer.local_forest_only_by_default | cross_forest_fertilizer.receiver-compatibility-check-required | cross_forest_fertilizer.sycamore-routing-required | new_growth | new_growth.may_grow_from_absorbed_fluids | new_growth.may_grow_from_absorbed_fluids[] | new_growth.more_fluid_never_guarantees_better-growth | new_growth.regulate_repetitive_irrelevant_unsafe_or_overwhelming_intake | pdc_id | status | transport_language | transport_language.controls | transport_language.controls[] | transport_language.durable_growth_package | transport_language.durable_growth_package.fertilizer | transport_language.forms | transport_language.forms[] | transport_language.receiver_event | transport_language.receiver_event.rain | transport_language.routes | transport_language.routes[] | transport_language.sender_action | transport_language.sender_action.watering | uuid | version,,4e58915c76c63e7d52a337d11c8069c72dba67071fbcb6b6a2290576dc092413
FOREST-INFORMATION-GROWTH-FLOW,2,0.2.0,FOREST-INFORMATION-GROWTH-FLOW-Working-Draft-0.2.yaml,working-draft,144,97,49,15,rain | streams,,absorption.modes | absorption.modes.download | absorption.modes.drink | absorption.modes.sip | absorption.modes.wash-over | absorption.ordinary_pass_through_design_target | absorption.received_does_not_equal_stored | categories.fluids.protection_grades | categories.fluids.protection_grades.sap | categories.fluids.protection_grades.tar-sap | categories.fluids.protection_grades.water | categories.fluids.refined_fluid_roles | categories.fluids.refined_fluid_roles.syrup | categories.fluids.refined_fluid_roles.syrup.may_act_as_fertilizer | categories.fluids.refined_fluid_roles.syrup.must_carry_protection_grade | categories.fluids.refined_fluid_roles.syrup.must_carry_protection_grade[] | categories.fluids.refined_fluid_roles.syrup.producer | conversion.protection_reclassification | conversion.protection_reclassification.sap_to_water | conversion.protection_reclassification.tar-sap_to_lower-grade | conversion.protection_reclassification.water_to_sap | rain | rain.common_fluid | rain.is_fluid_class | rain.may_carry | rain.may_carry[] | rain.may_originate_from | rain.may_originate_from[] | rain.purpose | rain.tar-sap_cross_forest | streams | streams.examples | streams.examples[] | streams.intentional_sap_throttling | streams.is_fluid_class | streams.modes | streams.modes[] | streams.purpose | streams.sap_security_overhead_may_reduce_effective_throughput | transport_language.delivery_forms | transport_language.delivery_forms.rain | transport_language.delivery_forms.stream | transport_language.fluid_protection_grades | transport_language.fluid_protection_grades[] | transport_language.refined_fluid | transport_language.refined_fluid[] | transport_language.sender_actions | transport_language.sender_actions.syrup-feeding | transport_language.sender_actions.watering,absorption.allowed_states | absorption.allowed_states[] | absorption.natural_language_term | absorption.received_does_not_equal_absorbed | categories.fluids.classes | categories.fluids.classes.sap | categories.fluids.classes.syrup | categories.fluids.classes.tar-sap | categories.fluids.classes.water | transport_language.forms | transport_language.forms[] | transport_language.receiver_event | transport_language.receiver_event.rain | transport_language.sender_action | transport_language.sender_action.watering,f0ef712d516b5b7afd4f15a0c405b1ddb7364d071c275001d9975b074e8dd466
FOREST-INFORMATION-GROWTH-FLOW,3,0.3.0,FOREST-INFORMATION-GROWTH-FLOW-Working-Draft-0.3.yaml,working-draft,229,128,31,0,branch_shake | leaf_foliage | leaf_generation | leaf_types,,branch_shake | branch_shake.hidden_private_chain_of_thought | branch_shake.may_show | branch_shake.may_show[] | branch_shake.purpose | leaf_foliage | leaf_foliage.active_foliage | leaf_foliage.definition | leaf_foliage.not_merely_a_reveal_level | leaf_foliage.views | leaf_foliage.views.drop | leaf_foliage.views.rustle | leaf_foliage.views.shake-tree | leaf_generation | leaf_generation.creating_leaf_does_not_imply-sharing | leaf_generation.creating_leaf_does_not_imply_permanent-memory | leaf_generation.creating_leaf_does_not_imply_preference-learning | leaf_generation.default_behavior | leaf_generation.estimated_ordinary_source_coverage | leaf_generation.single_source_may_generate_multiple_leaves | leaf_generation.source_may_be_referenced_instead_of_copied | leaf_generation.sources | leaf_generation.sources[] | leaf_types | leaf_types.durable_leaf | leaf_types.source_leaf | leaf_types.temporary_leaf | leaf_types.tree_output_leaf | leaf_types.tree_output_leaf[] | leaf_types.user_input_leaf | leaf_types.user_input_leaf[],,f81b19d291ba712fe2f3bdeb0fb649fb3ee1df1f5b3837620e009ae702c65c2e
FOREST-INFORMATION-GROWTH-FLOW,4,0.4.0,FOREST-INFORMATION-GROWTH-FLOW-Working-Draft-0.4.yaml,working-draft,260,148,20,0,fertilizer,,absorption.fertilizing_requires_incorporation_into_growth | absorption.sifting_or_indexing_is_not_fertilizing | absorption.wash_over_is_not_fertilizing | categories.fluids.refined_fluid_roles.syrup.fertilizer_from_creation | categories.fluids.refined_fluid_roles.syrup.is_inherently_fertilizer | categories.fluids.refined_fluid_roles.syrup.molasses_fertilizes_maple_local_only | fertilizer | fertilizer.definition | fertilizer.forms | fertilizer.forms.absorbed_fruit | fertilizer.forms.fertilizer_file | fertilizer.forms.leaf_litter | fertilizer.forms.spoiling_fruit | fertilizer.forms.syrup_family | fertilizer.is_growth_role | fertilizer.not_only_file_type | fertilizer.source_identity_is_preserved | fertilizer.syrup_family_is_fertilizer_from_creation | new_growth.may_grow_from_fertilizer | new_growth.may_grow_from_fertilizer[],,d7618f853e280365cf982c8268f82b442999bf53c240c092c64188e714e98f2a
FOREST-INFORMATION-GROWTH-FLOW,5,0.5.0,FOREST-INFORMATION-GROWTH-FLOW-Working-Draft-0.5.yaml,working-draft,309,186,40,2,leaf_state_phrase_interpretation | leaf_states | sturdy_leaf_recovery,,leaf_state_phrase_interpretation | leaf_state_phrase_interpretation.loose_examples | leaf_state_phrase_interpretation.loose_examples[] | leaf_state_phrase_interpretation.sturdy_examples | leaf_state_phrase_interpretation.sturdy_examples[] | leaf_states | leaf_states.default_state | leaf_states.states | leaf_states.states.loose | leaf_states.states.loose.canonical_name | leaf_states.states.loose.may_be_isolated_from_normal_operations | leaf_states.states.loose.may_expire_quickly | leaf_states.states.loose.temporary | leaf_states.states.loose.unrelated_growth_influence_default | leaf_states.states.normal | leaf_states.states.normal.canonical_name | leaf_states.states.normal.default | leaf_states.states.normal.ordinary_retention_policy | leaf_states.states.sturdy | leaf_states.states.sturdy.canonical_name | leaf_states.states.sturdy.cedar_priority | leaf_states.states.sturdy.durable | leaf_states.states.sturdy.high_priority_recovery | leaf_states.states.sturdy.maple_syrup_fuel_priority_when_authorized | leaf_states.states.sturdy.milling_priority | leaf_states.states.sturdy.user_review_before_permanent_removal | leaf_states.tree_may_change_state_when_policy_allows | leaf_states.tree_may_not_demote_user_marked_sturdy_without_direct_approval | leaf_states.tree_may_not_override_explicit_user_loose_boundary | leaf_states.user_may_change_state | leaf_types.leaf | leaf_types.loose_leaf | leaf_types.sturdy_leaf | sturdy_leaf_recovery | sturdy_leaf_recovery.cedar_recovery_priority | sturdy_leaf_recovery.direct_user_approval_before_permanent_deletion | sturdy_leaf_recovery.milling_safe_salvage_priority | sturdy_leaf_recovery.propagation_priority | sturdy_leaf_recovery.replanting_restore_before_default_leaves | sturdy_leaf_recovery.safety_checks_still_required,leaf_types.durable_leaf | leaf_types.temporary_leaf,1fb6cf70f328caf7b4e650081234c7dcb17389c0895cb4ba85067957c1ae477a
FOREST-INFORMATION-GROWTH-FLOW,6,0.6.0,FOREST-INFORMATION-GROWTH-FLOW-Working-Draft-0.6.yaml,working-draft,330,204,18,0,trusted_shed_litter,,leaf_states.sturdy_downgrade | leaf_states.sturdy_downgrade.automatic_to_leaf_litter | leaf_states.sturdy_downgrade.automatic_to_loose | leaf_states.sturdy_downgrade.automatic_to_normal | leaf_states.sturdy_downgrade.confirmed_default_transition | leaf_states.sturdy_downgrade.normal_intermediate_only_when_user_requests | leaf_states.sturdy_downgrade.user_authorization_required | leaf_states.sturdy_downgrade.vague_wording_requires_direct_confirmation | trusted_shed_litter | trusted_shed_litter.absorption_does_not_imply_execution | trusted_shed_litter.any_authorized_local_tree_may_absorb | trusted_shed_litter.automatic_trust_marker | trusted_shed_litter.cedar_required_for_same_forest_absorption | trusted_shed_litter.created_from_user_authorized_sturdy_release | trusted_shed_litter.maple_may_create | trusted_shed_litter.maple_may_create[] | trusted_shed_litter.maple_required_for_other_tree_absorption | trusted_shed_litter.preserve_original_sensitivity,,278fb6c2d9feb5b552bb90fed0c7828f982cbbba770c655d7440c68aed332015
FOREST-INFORMATION-GROWTH-FLOW,7,0.7.0,FOREST-INFORMATION-GROWTH-FLOW-Working-Draft-0.7.yaml,working-draft,353,218,14,0,mycelium,,mycelium | mycelium.complete_source_leaf_creation_by_default | mycelium.copied_or_absorbed_information_becomes_fluid_governed | mycelium.direct_access_instead_of_absorption | mycelium.fuller_leaves_may_grow_when | mycelium.fuller_leaves_may_grow_when[] | mycelium.may_access | mycelium.may_access[] | mycelium.mycelial_trace_leaves | mycelium.mycelial_trace_leaves.default | mycelium.mycelial_trace_leaves.minimum_information_only | mycelium.mycelial_trace_leaves.remember_source_path_and-reaccess-method | mycelium.only_non_fluid_inter_tree_transfer_method | mycelium.primary_scope,,47389997c4a34b269a36a0dbb604b9b43d0cc829fce3c814a5f3b37eb34bf70e
FOREST-INFORMATION-GROWTH-FLOW,8,0.8.0,FOREST-INFORMATION-GROWTH-FLOW-Working-Draft-0.8.yaml,working-draft,383,244,26,0,canopy_leaf_behavior | non_fluid_communication,,canopy_leaf_behavior | canopy_leaf_behavior.absorption_requires_separate_leaf-or-fluid-handling | canopy_leaf_behavior.grain_pattern_change_by_transit | canopy_leaf_behavior.intermediate_trees_create_new_leaves_by_default | canopy_leaf_behavior.minimal_connection_leaf_allowed | canopy_leaf_behavior.origin_and_destination_may_create_endpoint_records | non_fluid_communication | non_fluid_communication.forest_canopy | non_fluid_communication.forest_canopy.analogy | non_fluid_communication.forest_canopy.best_for | non_fluid_communication.forest_canopy.sycamore_governed | non_fluid_communication.methods | non_fluid_communication.methods[] | non_fluid_communication.mycelium | non_fluid_communication.mycelium.best_for | non_fluid_communication.mycelium.detailed_paths | non_fluid_communication.mycelium.level | non_fluid_communication.mycelium.trace_leaves | non_fluid_communication.personal_canopy | non_fluid_communication.personal_canopy.analogy | non_fluid_communication.personal_canopy.best_for | non_fluid_communication.personal_canopy.detailed_paths | non_fluid_communication.personal_canopy.level | non_fluid_communication.personal_canopy.remember | non_fluid_communication.personal_canopy.remember[] | non_fluid_communication.personal_canopy.transit_leaf_generation,,eb99ee8120dda32cd707b091f12cd8fddd829838597b9abc712617a4724ced3d
FOREST-INFORMATION-GROWTH-FLOW,9,0.9.0,FOREST-INFORMATION-GROWTH-FLOW-Working-Draft-0.9.yaml,working-draft,448,283,39,0,canopy_recall_leaves | canopy_solid_material | sunlight_transfer,,canopy_recall_leaves | canopy_recall_leaves.analogy | canopy_recall_leaves.automatic_sturdy | canopy_recall_leaves.clearable_and_expiring | canopy_recall_leaves.default_state | canopy_recall_leaves.may_be_normal_with_user-approved-reusable-link | canopy_recall_leaves.minimal_connection_and_resume_metadata | canopy_recall_leaves.remember_content_by_default | canopy_solid_material | canopy_solid_material.absorption_requires_separate_action | canopy_solid_material.access_without_absorption | canopy_solid_material.carries_whole_or_piece | canopy_solid_material.download_to_soil_is_absorption | canopy_solid_material.intermediate_content_leaf_generation | canopy_solid_material.origin_and_final_destination_only_by_default | canopy_solid_material.receiving_content_leaf_generation_by_default | canopy_solid_material.temporary_view_context_is_leaf | categories.solid_material | categories.solid_material.copy_to_soil_does_not_imply_tree_absorption | categories.solid_material.examples | categories.solid_material.examples[] | categories.solid_material.meaning | categories.solid_material.viewable_without_absorption | conversion.fluid_to_solid_material | conversion.fluid_to_solid_material.allowed | conversion.fluid_to_solid_material.examples | conversion.fluid_to_solid_material.examples[] | conversion.fluid_to_solid_material.preserve_provenance_and_protection | conversion.solid_material_to_fluid | conversion.solid_material_to_fluid.allowed | conversion.solid_material_to_fluid.preserve_provenance_and_protection | conversion.solid_material_to_fluid.when | conversion.solid_material_to_fluid.when[] | sunlight_transfer | sunlight_transfer.growth_requires_absorption_retention_or_learning_permission | sunlight_transfer.must_be_represented_as | sunlight_transfer.must_be_represented_as[] | sunlight_transfer.sunlight_itself_is_payload | sunlight_transfer.viewing_sunlight_derived_solid_material_causes_growth,,67cac9a28cc10d984f9954cd50f5b3afd2d41271167a5f97fd160515e116f2ac
FOREST-INFORMATION-GROWTH-FLOW,10,0.10.0,FOREST-INFORMATION-GROWTH-FLOW-Working-Draft-0.10.yaml,working-draft,519,310,27,0,leaf_provenance_directions | leaf_provenance_overlap,,leaf_provenance_directions | leaf_provenance_directions.tree_input | leaf_provenance_directions.tree_input.definition | leaf_provenance_directions.tree_input.examples | leaf_provenance_directions.tree_input.examples[] | leaf_provenance_directions.tree_input.exclude_tree_internals | leaf_provenance_directions.tree_input.exclude_tree_internals[] | leaf_provenance_directions.tree_input.view_only_canopy_access_creates_tree_input_leaf | leaf_provenance_directions.tree_output | leaf_provenance_directions.tree_output.definition | leaf_provenance_directions.tree_output.examples | leaf_provenance_directions.tree_output.examples[] | leaf_provenance_directions.user_input | leaf_provenance_directions.user_input.definition | leaf_provenance_directions.user_input.examples | leaf_provenance_directions.user_input.examples[] | leaf_provenance_directions.user_output | leaf_provenance_directions.user_output.definition | leaf_provenance_directions.user_output.producer_may_be_tree | leaf_provenance_directions.user_output.sources | leaf_provenance_directions.user_output.sources[] | leaf_provenance_overlap | leaf_provenance_overlap.allowed | leaf_provenance_overlap.example | leaf_provenance_overlap.example.growth_provenance | leaf_provenance_overlap.example.producer | leaf_provenance_overlap.reason,,bb7853221926b1b733b3bbd84c5ec3076b2bf00169838c3110bd2fda395d6c11
FOREST-INFORMATION-GROWTH-FLOW,11,0.11.0,FOREST-INFORMATION-GROWTH-FLOW-Working-Draft-0.11.yaml,working-draft,553,318,16,8,moss,canopy_recall_leaves,moss | moss.cedar_oil_supported | moss.content_leaf_generation_by_default | moss.cross_canopy_tracking_without_permission | moss.definition | moss.growth_rejection_supported | moss.is_leaf_by_default | moss.is_leaf_foliage | moss.leaf_generation_requires_intentional_absorption_or_learning | moss.may_store | moss.may_store[] | moss.scrape_alias | moss.solid_material | moss.tar_sap_protection_supported | moss.types | moss.types[],canopy_recall_leaves | canopy_recall_leaves.analogy | canopy_recall_leaves.automatic_sturdy | canopy_recall_leaves.clearable_and_expiring | canopy_recall_leaves.default_state | canopy_recall_leaves.may_be_normal_with_user-approved-reusable-link | canopy_recall_leaves.minimal_connection_and_resume_metadata | canopy_recall_leaves.remember_content_by_default,aa6e16f7bf0a3ef9807e3bdc2d909a98dc5cc028dd78eda10fc0e13ca89a94dc
FOREST-INFORMATION-GROWTH-FLOW,12,0.12.0,FOREST-INFORMATION-GROWTH-FLOW-Working-Draft-0.12.yaml,working-draft,587,332,14,0,sap_taps | solid_material | solid_material_model,,sap_taps | sap_taps.final_authority | sap_taps.managed_by | sap_taps.manages | sap_taps.manages[] | solid_material | solid_material.definition | solid_material.viewable_without_absorption | solid_material_model | solid_material_model.canopy_and_mycelium_are_tree_connection_parts | solid_material_model.examples | solid_material_model.examples[] | solid_material_model.excludes | solid_material_model.excludes[],,1fafd31782bedb9822bd6725253dd5473d9ef0ddc44df4be7b5f374357cfd616
FOREST-INFORMATION-GROWTH-FLOW,13,0.13.0,FOREST-INFORMATION-GROWTH-FLOW-Working-Draft-0.13-Logs.yaml,working-draft,598,341,9,0,logs,,logs | logs.category | logs.default_name_pattern | logs.default_organization | logs.log_cabin_records_are_solid_material | logs.oil_supported | logs.payload_default | logs.retention_more_persistent_than_sturdy_leaf | logs.tar_supported,,c1c801f67fe02cf567b70979984bbb918682a5b14f2e965fc0fc4dedf6076dc6
FOREST-LEAF-FOLIAGE,1,0.1.0,FOREST-LEAF-FOLIAGE-Working-Draft-0.1.yaml,working-draft,48,26,26,0,canonical_path | foliage | leaf | pdc_id | protection | status | types | uuid | version | views,,canonical_path | foliage | foliage.active_foliage | foliage.definition | foliage.states | foliage.states[] | leaf | leaf.creation_does_not_imply | leaf.creation_does_not_imply[] | leaf.default_source_behavior | leaf.definition | leaf.source_may_be_referenced_instead_of_copied | pdc_id | protection | protection.preserve-source-classification | protection.sensitive-leaves-use-strongest-required-local-protection | protection.temporary-live-stream-leaves-may-expire-quickly | status | types | types[] | uuid | version | views | views.drop | views.rustle | views.shake_tree,,d49c4f080185e1f395f7b91a2715209b556251407e30c4038ee0815123c03984
FOREST-LEAF-FOLIAGE,2,0.2.0,FOREST-LEAF-FOLIAGE-Working-Draft-0.2.yaml,working-draft,76,48,23,1,state_change | states | sturdy_recovery_view,,protection.loose_live_stream_leaves_may_expire_quickly | protection.sturdy_leaves_prioritized_for_recovery | state_change | state_change.explicit_user_loose_boundary_has_priority | state_change.record_reason_scope_time_and_undo | state_change.tree_allowed_when_policy_permits | state_change.user_allowed | state_change.user_marked_sturdy_cannot_be_demoted_without_approval | states | states.loose | states.loose.short_retention_allowed | states.loose.temporary_or_isolated | states.loose.unrelated_growth_influence_default | states.normal | states.normal.canonical_name | states.normal.default | states.sturdy | states.sturdy.durable | states.sturdy.permanent_removal_requires_user_review | states.sturdy.recovery_priority | sturdy_recovery_view | sturdy_recovery_view.show | sturdy_recovery_view.show[],protection.temporary-live-stream-leaves-may-expire-quickly,a823a82e297830b5c1e3507dd5ceae7a7baf7aa1c7f97a183bdce305f1902e4d
FOREST-LEAF-FOLIAGE,3,0.3.0,FOREST-LEAF-FOLIAGE-Working-Draft-0.3.yaml,working-draft,87,54,6,0,released_sturdy_tracking,,released_sturdy_tracking | released_sturdy_tracking.preserve_leaf_to_litter_lineage | released_sturdy_tracking.states | released_sturdy_tracking.states[] | state_change.tree_may_downgrade_sturdy_automatically | state_change.vague_user_release_requires_confirmation,,556530a622b68296435ca8629eb4b65b485a19a90c65fad6b9910b95e2b1657a
FOREST-LEAF-FOLIAGE,4,0.4.0,FOREST-LEAF-FOLIAGE-Working-Draft-0.4.yaml,working-draft,109,64,10,0,filters | provenance_directions | provenance_overlap,,filters | filters[] | provenance_directions | provenance_directions.tree_input | provenance_directions.tree_output | provenance_directions.user_input | provenance_directions.user_output | provenance_overlap | provenance_overlap.allowed | provenance_overlap.show_producer_and_growth_provenance_separately,,1e65114393dc7281b0c5b57112791854414208d8338e0b25a9f7b5d306958632
FOREST-LEAF-PROVENANCE-DIRECTIONS,1,0.1.0,FOREST-LEAF-PROVENANCE-DIRECTIONS-Working-Draft-0.1.yaml,working-draft,73,37,37,0,canonical_path | classification | directions | overlap | pdc_id | source_examples | status | uuid | version,,canonical_path | classification | classification.determined_by | classification.determined_by[] | classification.not_determined_by_medium_alone | directions | directions.tree_input | directions.tree_input.canopy_view_only_creates_tree_input_leaf | directions.tree_input.definition | directions.tree_input.excludes_tree_internals | directions.tree_input.excludes_tree_internals[] | directions.tree_input.external_examples | directions.tree_input.external_examples[] | directions.tree_output | directions.tree_output.definition | directions.user_input | directions.user_input.definition | directions.user_output | directions.user_output.definition | directions.user_output.includes | directions.user_output.includes[] | directions.user_output.producing_tree_may_differ_from_user_origin | overlap | overlap.allowed | overlap.example | overlap.example.growth_provenance | overlap.example.producer | overlap.preserve_both_dimensions | pdc_id | source_examples | source_examples.leaf_grown_from_user_fertilizer_by_tree | source_examples.tree_generated_file | source_examples.tree_retrieved_external_file_saved_or_logged | source_examples.user_uploaded_file | status | uuid | version,,bba530b983effa23a25619edd36c0e0041901100010578199e87579fbfc67b7b
FOREST-LEAF-STATES,1,0.1.0,FOREST-LEAF-STATES-Working-Draft-0.1.yaml,working-draft,61,48,48,0,canonical_path | default_state | maple_syrup_copy | pdc_id | phrase_mapping | states | status | sturdy_recovery | transitions | uuid | version,,canonical_path | default_state | maple_syrup_copy | maple_syrup_copy.allowed_copy_modes | maple_syrup_copy.allowed_copy_modes[] | maple_syrup_copy.original_leaf_is_destroyed | maple_syrup_copy.original_leaf_is_moved | maple_syrup_copy.original_sturdy_state_is_removed | maple_syrup_copy.preserve_provenance | maple_syrup_copy.preserve_source_protection | pdc_id | phrase_mapping | phrase_mapping.loose | phrase_mapping.loose[] | phrase_mapping.sturdy | phrase_mapping.sturdy[] | states | states.leaf | states.leaf.default | states.leaf.name | states.leaf.purpose | states.loose_leaf | states.loose_leaf.influence_unrelated_operations | states.loose_leaf.may_expire_quickly | states.loose_leaf.name | states.loose_leaf.purpose | states.sturdy_leaf | states.sturdy_leaf.cedar_priority | states.sturdy_leaf.maple_syrup_fuel_priority_when_authorized | states.sturdy_leaf.milling_priority | states.sturdy_leaf.name | states.sturdy_leaf.propagation_priority | states.sturdy_leaf.purpose | states.sturdy_leaf.recovery_priority | states.sturdy_leaf.user_review_before_permanent_removal | status | sturdy_recovery | sturdy_recovery.bypasses_safety_checks | sturdy_recovery.permanent_deletion_requires_direct_user_approval | sturdy_recovery.suspicious_content_remains_quarantined | transitions | transitions.explicit_user_loose_boundary_cannot_be_overridden_by_tree | transitions.record_reason_scope_time_and_undo | transitions.tree_may_change_when_policy_allows | transitions.user_marked_sturdy_cannot_be_demoted_without_direct_approval | transitions.user_may_change_any_state | uuid | version,,eaa6f40a4c3717778d762d95a162563e686a205f4236ceef976fa05761c27eb5
FOREST-LEAF-STATES,2,0.2.0,FOREST-LEAF-STATES-Working-Draft-0.2.yaml,working-draft,83,62,14,0,trusted_shed_litter,,phrase_mapping.sturdy_release | phrase_mapping.sturdy_release[] | transitions.confirmed_sturdy_release_path | transitions.confirmed_sturdy_release_path[] | transitions.sturdy_downgrade_requires_user_authorization | transitions.tree_may_downgrade_sturdy_automatically | transitions.vague_release_wording_requires_direct_confirmation | trusted_shed_litter | trusted_shed_litter.any_authorized_local_tree_may_absorb | trusted_shed_litter.automatic_origin_type | trusted_shed_litter.automatic_safety_level | trusted_shed_litter.cedar_required_for_same_forest_absorption | trusted_shed_litter.execution_permission_separate | trusted_shed_litter.original_sensitivity_preserved,,8d00a8afa46fdd0637f3d6b4844d0314d56976663b4eed855edbc5cba2cc79e1
FOREST-LOGS,1,0.1.0,FOREST-LOGS-Working-Draft-0.1.yaml,working-draft,72,37,37,0,canonical_path | definition | fireproof-recovery | oil | organization | pdc_id | record | status | tar | uuid | version,,canonical_path | definition | definition.automatic_leaf_litter | definition.logs_are_solid_material | definition.more_persistent_than_sturdy_leaves | definition.payload_default | definition.separate_from_leaf_states | fireproof-recovery | fireproof-recovery.mandatory-when-safe | fireproof-recovery.preserve-tree-origin-and-name | fireproof-recovery.uncertain-logs-quarantined | oil | oil.non-destructive | oil.provider | oil.states | oil.states[] | oil.tar-log-content-access-without-permission | organization | organization.default | organization.examples | organization.examples[] | organization.name_pattern | organization.non_tree_origins | organization.non_tree_origins[] | pdc_id | record | record.required_fields | record.required_fields[] | status | tar | tar.applied_by | tar.automatic-downgrade | tar.automatically-molasses | tar.local-forest-only-by-default | tar.preserves-origin-name-provenance-and-retention | uuid | version,,0765c580a6a98e00869729d51a73898e303cea1ead09defc32b34c30a07a2043
FOREST-LOGS,2,0.2.0,FOREST-LOGS-Working-Draft-0.2-Tree-And-Cabin-Logs.yaml,working-draft,75,43,9,3,creation | forms | ordinary_file_opening_creates_log,,creation | creation[] | definition.solid_material | definition.tree_bound_or_cabin_archived_file | forms | forms.cabin_log | forms.may_be_both | forms.tree_log | ordinary_file_opening_creates_log,definition.automatic_leaf_litter | definition.logs_are_solid_material | definition.separate_from_leaf_states,9f79e762287a9e0f0609a84a30a6121d5a9333bae5e07c366d3537fd2ba30869
FOREST-LOGS,3,0.3.0,FOREST-LOGS-Working-Draft-0.3-Potted-Tar.yaml,working-draft,82,50,7,0,standard_encrypted_files,,standard_encrypted_files | standard_encrypted_files.are_logs_by_default | standard_encrypted_files.are_sap_by_default | standard_encrypted_files.are_tar_by_default | standard_encrypted_files.separate_conversion_required | tar.mechanism_without_forest | tar.potted_cedar_supported,,06f35816becf253cc025fa4bebe1015b8a9b8709271e722433a2db6491f8bb81
FOREST-MOSS,1,0.1.0,FOREST-MOSS-Working-Draft-0.1.yaml,working-draft,143,72,72,0,attachment | canonical_path | cookie_behavior | definition | growth_control | leaves | memory | oil | pdc_id | scraping | security | status | tar | types | uuid | version,,attachment | attachment.may_cling_to | attachment.may_cling_to[] | canonical_path | cookie_behavior | cookie_behavior.clearable | cookie_behavior.expiring_when_appropriate | cookie_behavior.permission_controlled | cookie_behavior.revocable | cookie_behavior.scope_limited | cookie_behavior.unrelated_cross_canopy_tracking | cookie_behavior.unrelated_cross_site_tracking | cookie_behavior.user_visible | definition | definition.leaf_by_default | definition.leaf_foliage_by_default | definition.moss | definition.solid_material | growth_control | growth_control.may_reject_growth | growth_control.rejection_deletes_existing_moss | growth_control.rejection_prevents_new_moss | growth_control.scopes | growth_control.scopes[] | leaves | leaves.automatic_global_grain_pattern_promotion | leaves.automatic_leaf_generation | leaves.intentional_absorption_may_create_leaf | leaves.resulting_leaf_uses_normal_provenance_rules | memory | memory.may_store | memory.may_store[] | oil | oil.cedar_review | oil.maple_local_review_when_cedar_absent | oil.maple_review_is_cedar_oil | oil.non_destructive | pdc_id | scraping | scraping.canonical_command | scraping.deletes_source_material | scraping.enabled | scraping.plain_language_alias | scraping.unspecified_scope | security | security.must_not_store | security.must_not_store[] | security.preserve | security.preserve[] | status | tar | tar.automatically_becomes_molasses | tar.automatically_enters_leaf_foliage | tar.cross_forest_sync | tar.local_forest_only | tar.tar_sap_grade | types | types.persistent_moss | types.persistent_moss.lifetime | types.protected_moss | types.protected_moss.purpose | types.session_moss | types.session_moss.lifetime | types.shared_moss | types.shared_moss.purpose | types.tar_moss | types.tar_moss.automatically_molasses | types.tar_moss.cross_forest_sync | types.tar_moss.local_forest_only | types.tar_moss.protection | uuid | version,,882b9996a7f1cf1b251a1fbfea08812ff776df0908c7351b583fd7b23b2d2bed
FOREST-MOSS,2,0.2.0,FOREST-MOSS-Working-Draft-0.2-Sap-Taps.yaml,working-draft,148,80,8,0,management | sap_taps_controls,,management | management.cedar_role | management.enforced_by | management.final_authority | management.maple_role | management.sycamore_role | sap_taps_controls | sap_taps_controls[],,b72d46c1fcd8eec0a0be4a12f5d9e9e4ea4b93d973a1ed670fe44696e32a50b6
FOREST-MYCELIUM,1,0.1.0,FOREST-MYCELIUM-Working-Draft-0.1.yaml,working-draft,95,50,50,0,access | canonical_path | definition | maple | pdc_id | roots | security | soil | status | trace_leaves | uuid | version,,access | access.does_not_automatically | access.does_not_automatically[] | access.may_provide | access.may_provide[] | canonical_path | definition | definition.always_auditable | definition.default_scope | definition.mostly_unseen_in_normal_bark | definition.only_non_fluid_inter_tree_transfer_method | definition.primary_use | maple | maple.default_for-local-grove-coordination | maple.primary_local_automation_network | maple.use_fluid_when | maple.use_fluid_when[] | pdc_id | roots | roots.may-rewrite-governing-roots | roots.may_store | roots.may_store[] | roots.prefer-references-over-raw-content | security | security.access-absorption-execution-sharing-are-separate | security.action-receipts | security.cross-forest-disabled-by-default | security.expiring-handles | security.explicit-tree-identity | security.immediate-revocation | security.local-forest-boundary-by-default | security.minimum-necessary-access | security.molasses-remains-maple-bound | security.sycamore-required-for-future-cross-forest-bridge | security.unauthorized-altered-or-concealed-instance-treated-as-mold | soil | soil.authorized_integration_only | soil.capabilities | soil.capabilities[] | soil.may_spread_to-approved-soil | soil.unauthorized_spread_is_mold | status | trace_leaves | trace_leaves.copy-complete-source-by-default | trace_leaves.fields | trace_leaves.fields[] | trace_leaves.minimum_by_default | trace_leaves.name | uuid | version,,ff657391af95a5ae8eb35e91911bd4745ab5a16b3086d3704b364f52148feaa7
FOREST-MYCELIUM,2,0.2.0,FOREST-MYCELIUM-Working-Draft-0.2.yaml,working-draft,93,56,7,1,comparison_with_canopy,,comparison_with_canopy | comparison_with_canopy.canopy | comparison_with_canopy.canopy_may_carry_solid_material_without_absorption | comparison_with_canopy.mycelium | definition.level | definition.one_of_two_non_fluid_inter_tree_methods | definition.other_non_fluid_method,definition.only_non_fluid_inter_tree_transfer_method,67f71e6b00098e32144f7714704ebf50464932bf7ddce1bc695910156ec86a16
FOREST-MYCELIUM,3,0.3.0,FOREST-MYCELIUM-Working-Draft-0.3.yaml,working-draft,98,61,5,0,classification,,classification | classification.may_locate_or_access_solid_material | classification.non_fluid_communication_method | classification.part_of_tree_and_forest_connection_anatomy | classification.solid_material,,0e22d692c28bee8f6843f8a7a04e16109925c46b7e641650968c6b28aedc3929
FOREST-PROPAGULE,1,0.1.0,FOREST-PROPAGULE-Working-Draft-0.1.yaml,working-draft,49,23,23,0,canonical_path | definition | forest_fire | may_preserve | must_not_preserve | pdc_id | planting | status | uuid | version,,canonical_path | definition | definition.may_be_incomplete | definition.omission_manifest_required | definition.propagule | definition.smaller_and_faster_than_full_propagation | forest_fire | forest_fire.automatic_during_approved_fire_watch_preservation | forest_fire.cedar_creates_for_as_many_recoverable_trees_as_possible | forest_fire.priority | forest_fire.priority[] | may_preserve | may_preserve[] | must_not_preserve | must_not_preserve[] | pdc_id | planting | planting.fresh-credentials | planting.new-active-instance-identity | planting.new-tree-presence-lease | status | uuid | version,,c5b574fba5439756908760978c9e73cda28ae1142e1b8f98f39018c93ce5e497
FOREST-SOLID-MATERIAL-ACCESS,1,0.1.0,FOREST-SOLID-MATERIAL-ACCESS-Working-Draft-0.1.yaml,working-draft,88,44,44,0,canonical_path | canopy_access | conversion | definition | examples | pdc_id | permissions | recall_leaf | status | uuid | version | view_context,,canonical_path | canopy_access | canopy_access.access_does_not_automatically | canopy_access.access_does_not_automatically[] | canopy_access.active_link_required | canopy_access.modes | canopy_access.modes[] | conversion | conversion.fluid-to-solid | conversion.fluid-to-solid.allowed | conversion.fluid-to-solid.preserve-provenance-and-protection | conversion.fluid-to-solid.requires-permission | conversion.solid-to-fluid | conversion.solid-to-fluid.allowed | conversion.solid-to-fluid.preserve-provenance-and-protection | conversion.solid-to-fluid.requires-permission | definition | definition.piece | definition.solid_material | definition.viewable_without_absorption | examples | examples[] | pdc_id | permissions | permissions.separate | permissions.separate[] | recall_leaf | recall_leaf.analogy | recall_leaf.automatic-sturdy | recall_leaf.clearable | recall_leaf.default-state | recall_leaf.expiring | recall_leaf.name | recall_leaf.revocable | recall_leaf.stores-complete-viewed-content | recall_leaf.stores-minimum-resume-metadata | status | uuid | version | view_context | view_context.expires-with-session | view_context.is-leaf | view_context.is-leaf-foliage | view_context.temporary,,8dd997853cbb5b28a0651b5452126990e1558ad2e3210156f8848449f0ab5879
FOREST-SOLID-MATERIAL-ACCESS,2,0.2.0,FOREST-SOLID-MATERIAL-ACCESS-Working-Draft-0.2-Moss.yaml,working-draft,90,49,15,10,moss,recall_leaf,moss | moss.cedar_oil_supported | moss.definition | moss.growth_rejection_supported | moss.is_leaf | moss.is_leaf_foliage | moss.leaf_creation_requires_intentional_absorption | moss.may_be_copied_or_synchronized | moss.may_be_viewed_without_absorption | moss.may_store_website_and_application_preferences | moss.may_store_website_and_application_settings | moss.scrape_supported | moss.tar_sap_protection_supported | moss.types | moss.types[],recall_leaf | recall_leaf.analogy | recall_leaf.automatic-sturdy | recall_leaf.clearable | recall_leaf.default-state | recall_leaf.expiring | recall_leaf.name | recall_leaf.revocable | recall_leaf.stores-complete-viewed-content | recall_leaf.stores-minimum-resume-metadata,a0dc7ef079773dfbb1278eeddb24d56a11969272b319a23e6544348bea79464c
FOREST-SOLID-MATERIAL-ACCESS,3,0.3.0,FOREST-SOLID-MATERIAL-ACCESS-Working-Draft-0.3.yaml,working-draft,105,56,7,0,not_solid_material | tree_relationship,,not_solid_material | not_solid_material[] | tree_relationship | tree_relationship.invoking_twig_copies_or_absorbs_it | tree_relationship.tree_becomes_solid_material | tree_relationship.tree_may_grow_use_expose_detach_copy_recycle_or_absorb_solid_material | tree_relationship.twig_is_bounded_capability_solid_material,,b107335f982daafcb6f24e1757cf1ffb0961e57ece136a3285a4e3418253d6c2
FOREST-SOLID-MATERIAL-ACCESS,4,0.4.0,FOREST-SOLID-MATERIAL-ACCESS-Working-Draft-0.4-Logs.yaml,working-draft,114,63,7,0,logs,,logs | logs.more_persistent_than_sturdy_leaves | logs.oil_supported | logs.payload_default | logs.solid_material | logs.tar_supported | logs.tree_origin_naming,,20bc74ac3fb362f7239a7ace8552391fc96a0ad4fafd7ac2d9e8fc2233e1088d
FOREST-SOLID-MATERIAL-ACCESS,5,0.5.0,FOREST-SOLID-MATERIAL-ACCESS-Working-Draft-0.5-Standard-Encrypted-Files.yaml,working-draft,122,70,7,0,standard_encrypted_file,,standard_encrypted_file | standard_encrypted_file.automatically_log | standard_encrypted_file.automatically_sap | standard_encrypted_file.automatically_tar | standard_encrypted_file.automatically_tree_data | standard_encrypted_file.may_hold_non_forest_data | standard_encrypted_file.solid_material,,fa5e821ea11792521c3c6c09e37cd586a51b2819f4e4b644c0681a98153a814e
FOREST-SUNLIGHT,1,0.1.0,FOREST-SUNLIGHT-Working-Draft-0.1.yaml,working-draft,40,24,24,0,boundaries | canonical_path | definition | notes_as_sunlight | pdc_id | status | uuid | version,,boundaries | boundaries.does_not_automatically_create_permanent-memory | boundaries.leaf_states_apply | boundaries.notes_access_inactive_by_default | boundaries.preference_learning_controls_apply | boundaries.protection_classification_applies | boundaries.scope_applies | boundaries.source_permissions_apply | boundaries.user_created_separation_boundaries_apply | canonical_path | definition | definition.sunlight | notes_as_sunlight | notes_as_sunlight.enabled_only_with_permission | notes_as_sunlight.may_be_major_contributor_to | notes_as_sunlight.may_be_major_contributor_to[] | notes_as_sunlight.may_support | notes_as_sunlight.may_support[] | notes_as_sunlight.sources | notes_as_sunlight.sources[] | pdc_id | status | uuid | version,,519d28c61b9b641d0c430b4996260e0cc3ffbfb2ab3cdf09694d2a3bee8c2fed
FOREST-SUNLIGHT,2,0.2.0,FOREST-SUNLIGHT-Working-Draft-0.2.yaml,working-draft,53,35,11,0,transfer,,transfer | transfer.canopy_view_without_absorption | transfer.fluid_use | transfer.growth_requires_user_permitted_absorption_retention_or_learning | transfer.must_be_converted_or_represented_as | transfer.must_be_converted_or_represented_as[] | transfer.preserve | transfer.preserve[] | transfer.solid_material_use | transfer.sunlight_itself_is_direct_payload | transfer.viewing_alone_changes_grain_pattern,,4b0b21c662f46a799bf649a5498931ceac775a971f3581ee4ea2fb9878b78677
FOREST-TAP-CONTROLS,1,0.1.0,FOREST-TAP-CONTROLS-Working-Draft-0.1.yaml,working-draft,34,35,35,0,canonical_path | definition | pdc_id | states | status | status_fields | tap_types | uuid | version,,canonical_path | definition | definition.stream | definition.tap | pdc_id | states | states[] | status | status_fields | status_fields[] | tap_types | tap_types.sap_tap | tap_types.sap_tap.fail_closed | tap_types.sap_tap.fluid_class | tap_types.sap_tap.lock_command | tap_types.sap_tap.preserve_queued_fluid | tap_types.sap_tap.unlock_command | tap_types.syrup_tap | tap_types.syrup_tap.blocked_items_remain_visible | tap_types.syrup_tap.fluid_class | tap_types.syrup_tap.owner_tree | tap_types.syrup_tap.source | tap_types.syrup_tap.status_commands | tap_types.syrup_tap.status_commands[] | tap_types.tar_tap | tap_types.tar_tap.fail_closed | tap_types.tar_tap.fluid_class | tap_types.tar_tap.local_forest_only | tap_types.tar_tap.lock_command | tap_types.tar_tap.locking_never_moves_or_reclassifies_tar_sap | tap_types.tar_tap.unlock_authority | tap_types.tar_tap.unlock_authority[] | tap_types.tar_tap.unlock_command | uuid | version,,196da6634b7387c80219955f3e8046cf5724ddd21b4e1df79ab081ff14392f5e
FOREST-TAP-CONTROLS,2,0.2.0,FOREST-TAP-CONTROLS-Working-Draft-0.2-Spirit-Sap-Taps.yaml,working-draft,120,73,38,0,absorption_modes | absorption_scope_fields | canonical_name | component_type | managed_by | moss_gate | spirit_responsibilities | tar_management | user_is_final_authority | user_management,,absorption_modes | absorption_modes.deny | absorption_modes.download | absorption_modes.drink | absorption_modes.sip | absorption_modes.wash_over | absorption_scope_fields | absorption_scope_fields[] | canonical_name | component_type | definition.moss_gate | definition.sap_taps | managed_by | moss_gate | moss_gate.controls | moss_gate.controls[] | moss_gate.moss_is_fluid | moss_gate.moss_is_solid_material | spirit_responsibilities | spirit_responsibilities[] | tap_types.water_tap | tap_types.water_tap.fluid_class | tap_types.water_tap.independent_from_sap_and_tar | tap_types.water_tap.user_scoped_rules | tar_management | tar_management.sycamore_blocks_cross_forest | tar_management.tar_moss_local_only | tar_management.tar_sap_local_only | tar_management.tree_auto_downgrade | tar_management.user_controls | user_is_final_authority | user_management | user_management.fluid_absorption | user_management.moss | user_management.taps | user_management.tar | user_management.trees_may_override_user | user_management.trees_may_recommend,,6b43e4cddf7bea02e58816e05ef70bef2e39555bb924963af24e1d60bf92905b
FOREST-THREAT-PROTECTIONS,1,0.1.0,FOREST-THREAT-PROTECTIONS-Working-Draft-0.1.yaml,working-draft,42,22,22,0,canonical_path | hackers | mold | pdc_id | principles | status | uuid | version,,canonical_path | hackers | hackers.definition | hackers.may_target | hackers.may_target[] | hackers.protections | hackers.protections[] | hackers.retaliation_or_hack_back | mold | mold.definition | mold.protections | mold.protections[] | pdc_id | principles | principles.cedar_provides_broader_forest-defense | principles.evidence_preservation | principles.layered_defense | principles.local_tree_protections_remain_active_without_cedar | principles.recovery_from_verified-material | status | uuid | version,,aef7ee8b0e1373ea20f98018f6600e2150d058259cfd0151438a69aded2eff43
FOREST-TRUSTED-SHED-LITTER,1,0.1.0,FOREST-TRUSTED-SHED-LITTER-Working-Draft-0.1.yaml,working-draft,48,37,37,0,absorption | canonical_path | creation | integrity | maple | pdc_id | status | trust | uuid | version,,absorption | absorption.any_authorized_local_tree_may_absorb | absorption.cedar_required_for_same_forest_absorption | absorption.execution_permission_is_separate | absorption.external_sharing_permission_is_separate | absorption.installation_permission_is_separate | absorption.preserves_original_sensitivity | canonical_path | creation | creation.source_state | creation.transition | creation.transition[] | creation.user_authorization_required | creation.vague_wording_requires_confirmation | integrity | integrity.cedar_optional_for-review | integrity.combination_with_untrusted_material_requires_review | integrity.local_user_review_available_without_cedar | integrity.loss_of_provenance_requires_review | integrity.unknown_mutation_invalidates_trusted_marker | maple | maple.may_absorb_as_fertilizer | maple.may_create | maple.may_create[] | maple.preserve_original_source_until-lifecycle-cleanup | maple.preserve_provenance | pdc_id | status | trust | trust.cedar_required_for_marker | trust.integrity_record_required | trust.maple_required_for_marker | trust.origin_type | trust.safety_level | trust.same_forest_provenance_required | uuid | version,,e7d02dd10d5ea5c083a6d27c426a6e5877f13a84f2867bbd3a6ab60f211b4674
LOG-CABIN-STANDARD-ENCRYPTION,1,0.1.0,LOG-CABIN-STANDARD-ENCRYPTION-Working-Draft-0.1.yaml,working-draft,41,31,31,0,canonical_path | classification | commands | conversion | definition | pdc_id | security | status | uuid | version,,canonical_path | classification | classification.log-by-default | classification.sap-by-default | classification.seed-vault-package-by-default | classification.solid_material | classification.tar-by-default | classification.tree-data-by-default | commands | commands[] | conversion | conversion.to-cabin-log | conversion.to-cabin-log.gains-log-identity-provenance-retention-and-sap-rules | conversion.to-cabin-log.separate-user-action | conversion.to-tar-log | conversion.to-tar-log.requires-log-classification-first | conversion.to-tar-log.separate-cabin-tap-or-spirit-action | conversion.to-tree-log | conversion.to-tree-log.separate-user-action | definition | definition.created_by | definition.standard_encrypted_file | pdc_id | security | security.cedar-retains-raw-password-or-recovery-secret | security.loss-of-recovery-material-may-make-file-inaccessible | security.user-must-control-recovery-material | security.uses-user-selected-ordinary-file-encryption | status | uuid | version,,fafde5e70523ef8855b9cab14de4ea69aaeeecbb4840d501fe94291e6ded078b
MAPLE-LOCAL-SAFEGUARDS,1,0.1.0,MAPLE-LOCAL-SAFEGUARDS-Working-Draft-0.1.yaml,working-draft,61,47,47,0,canonical_path | component_type | guarantees | owner_tree | pdc_id | role | security_status | status | uuid | version | with_cedar | without_cedar,,canonical_path | component_type | guarantees | guarantees.action_receipts | guarantees.encrypted_at_rest | guarantees.final_confirmation_for_high_risk_actions | guarantees.local_first_for_protected_data | guarantees.minimum_necessary_data_use | guarantees.no_silent_cross_forest_share | guarantees.no_silent_external_upload | guarantees.no_silent_permission_expansion | guarantees.no_silent_untrusted_code_activation | guarantees.protected_references_over_secret_copies | guarantees.provenance_and_classification | guarantees.purpose_specific_access | guarantees.reversible_changes_when_practical | guarantees.safe_expiration | guarantees.separate_data_permissions | guarantees.short_lived_task_capabilities | owner_tree | pdc_id | role | role.cedar_replacement | role.defense_focused_tree | role.primary_role | security_status | security_status.states | security_status.states[] | security_status.visible_to_user | status | uuid | version | with_cedar | with_cedar.cedar_may_oil_or_soak_eligible_material | with_cedar.cedar_may_quarantine_or_reject | with_cedar.cedar_may_read_molasses | with_cedar.cedar_protects_broader_forest | with_cedar.maple_manages_entrusted_data | with_cedar.mode | without_cedar | without_cedar.full_local_maple_capabilities_available | without_cedar.high_risk_molasses_confirmation | without_cedar.local_clearance_labels | without_cedar.local_clearance_labels[] | without_cedar.local_quarantine | without_cedar.mode | without_cedar.unknown_material_requires_review,,0134944667f1e450499326c8a563071d144e2b8b91b9deaf10bcce115af17193
MAPLE-MOLASSES,1,0.1.0,MAPLE-MOLASSES-Working-Draft-0.1.yaml,working-draft,52,42,42,0,assistance | binding | canonical_path | contents | fluid_type | high_risk_action | lifecycle | owner_tree | pdc_id | protection_grade | status | uuid | version,,assistance | assistance.other_tree_may_request_maple_help | assistance.requesting_tree_receives_only | assistance.requesting_tree_receives_only[] | binding | binding.authorized_maple_instance_id | binding.external_service_access | binding.local_forest_only | binding.maple_bound | binding.other_tree_may_absorb | binding.other_tree_may_index | binding.other_tree_may_inspect | binding.other_tree_may_learn_from | binding.remote_model_access | binding.sycamore_cross_forest_routing | canonical_path | contents | contents.long_term_authentication_secrets_allowed | contents.permanent_credentials_allowed | contents.prefer_protected_references_over_secret_copies | contents.private_keys_allowed | contents.recovery_codes_allowed | contents.use_minimum_task_scoped_information | fluid_type | high_risk_action | high_risk_action.action_receipt_required | high_risk_action.another_tree_request_is_never_sufficient | high_risk_action.direct_user_confirmation_immediately_before_submit | high_risk_action.service_native_authentication_required | high_risk_action.temporary_capabilities_expire_when_task_ends | high_risk_action.unattended_by_default | lifecycle | lifecycle.created_at | lifecycle.expires_at | lifecycle.protection_review_required_before_downgrade | lifecycle.task_id | owner_tree | pdc_id | protection_grade | status | uuid | version,,d39743d1a9068fa07a9eb620662dd8e7baa0a88e36354db9fd3ad7cddebe5b64
MAPLE-MOLASSES,2,0.2.0,MAPLE-MOLASSES-Working-Draft-0.2.yaml,working-draft,58,54,12,0,cedar_relationship | standalone_maple_protection,,cedar_relationship | cedar_relationship.cedar_may_enforce_boundary_without_reading | cedar_relationship.cedar_may_interpret_contents | cedar_relationship.cedar_may_own_contents | cedar_relationship.cedar_may_protect_surrounding_forest | cedar_relationship.cedar_may_read_contents | standalone_maple_protection | standalone_maple_protection.cedar_not_required_to_read_or_use_molasses | standalone_maple_protection.high_risk_confirmation_required | standalone_maple_protection.maple_local_safeguards_required | standalone_maple_protection.requires_healthy_local_maple_runtime | standalone_maple_protection.usable_without_cedar,,0980b89d1a54cabd68fe038b85568b8a90d49750a86547683123c5211bcdd31e
MAPLE-NOTES-INTEGRATION,1,0.1.0,MAPLE-NOTES-INTEGRATION-Working-Draft-0.1.yaml,working-draft,74,46,46,0,access_modes | canonical_path | classification | connectors | design | pdc_id | safety | status | syrup_and_preferences | uuid | version,,access_modes | access_modes[] | canonical_path | classification | classification.private_diaries_passwords_and_personal_details | classification.protected_personal_notes | classification.public_non_sensitive_notes | classification.user_goals_priorities_and_plans | connectors | connectors.app_specific | connectors.app_specific.approved_connectors | connectors.app_specific.approved_connectors[] | connectors.app_specific.enabled | connectors.generic_markdown | connectors.generic_markdown.enabled | connectors.generic_markdown.methods | connectors.generic_markdown.methods[] | connectors.obsidian | connectors.obsidian.enabled | connectors.obsidian.methods | connectors.obsidian.methods[] | connectors.obsidian.scopes | connectors.obsidian.scopes[] | connectors.obsidian.supports | connectors.obsidian.supports[] | design | design.broad_changes_require_preview_or_patch | design.local_first | design.note_access_enabled_by_default | design.preserve_native_note_structure | pdc_id | safety | safety.local_processing_preferred_for_sensitive_data | safety.protected_notes_external_access | safety.silent_delete | safety.silent_move_or_rename | safety.silent_overwrite | safety.tar_sap_requires_purpose_specific_local_access | status | syrup_and_preferences | syrup_and_preferences.note_data_requires_separate_include_toggle | syrup_and_preferences.prefer_patterns_structures_and_rules_over_raw_private_text | syrup_and_preferences.preference_learning_requires_permission | syrup_and_preferences.raw_private_text_requires_specific_user_request | uuid | version,,37d7d30a8ed1615ccb3da90bdb174008690fa78dcf887e9c2bd2b08cd3666bbe
MAPLE-PLUGIN-MOD-REGISTRY,1,0.1.0,MAPLE-PLUGIN-MOD-REGISTRY-Working-Draft-0.1.yaml,working-draft,110,93,93,0,canonical_path | entry_schema | organization | owner_tree | pdc_id | scope | status | suggestions | user_visible | uuid | version | warning_states,,canonical_path | entry_schema | entry_schema.addon_id | entry_schema.addon_type | entry_schema.cedar_review | entry_schema.cedar_review.findings | entry_schema.cedar_review.findings[] | entry_schema.cedar_review.mode | entry_schema.cedar_review.reviewed_at | entry_schema.cedar_review.state | entry_schema.compatibility_range | entry_schema.dependencies | entry_schema.dependencies[] | entry_schema.device_id | entry_schema.display_name | entry_schema.enabled | entry_schema.hashes | entry_schema.hashes[] | entry_schema.host_name | entry_schema.host_profile | entry_schema.host_type | entry_schema.host_version | entry_schema.installation_location | entry_schema.installed_version | entry_schema.last_update_check | entry_schema.latest_available_version | entry_schema.latest_compatible_version | entry_schema.management | entry_schema.management.check_updates_automatically | entry_schema.management.create_rollback_point | entry_schema.management.disable_when_incompatible | entry_schema.management.download_to_cedar_quarantine | entry_schema.management.install_cedar_cleared_updates_automatically | entry_schema.management.keep_current_version | entry_schema.management.monitor | entry_schema.management.notify_user | entry_schema.management.oil_updates_automatically | entry_schema.operating_system | entry_schema.publisher_or_maintainer | entry_schema.qube_or_vm | entry_schema.related_growth_rings | entry_schema.related_growth_rings[] | entry_schema.related_logs | entry_schema.related_logs[] | entry_schema.requested_permissions | entry_schema.requested_permissions[] | entry_schema.rollback_or_disable_method | entry_schema.signatures | entry_schema.signatures[] | entry_schema.soil_id | entry_schema.source_domain | entry_schema.source_url_or_repository | entry_schema.update_channel | entry_schema.warning_state | organization | organization.primary_groups | organization.primary_groups[] | owner_tree | pdc_id | scope | scope.approved_applications | scope.approved_applications[] | scope.approved_browsers_and_profiles | scope.approved_browsers_and_profiles[] | scope.approved_devices | scope.approved_devices[] | scope.approved_editors | scope.approved_editors[] | scope.approved_forest_trees | scope.approved_forest_trees[] | scope.approved_games_and_launchers | scope.approved_games_and_launchers[] | scope.approved_note_apps | scope.approved_note_apps[] | scope.approved_qubes_or_vms | scope.approved_qubes_or_vms[] | scope.approved_soil | scope.approved_soil[] | scope.approved_websites | scope.approved_websites[] | status | suggestions | suggestions.allowed_cedar_states | suggestions.allowed_cedar_states[] | suggestions.enabled | suggestions.may_enter_syrup_bucket | suggestions.specific_candidate_requires_cedar_review | suggestions.warning_must_be_shown_before_approval | user_visible | uuid | version | warning_states | warning_states[],,8c57093d520e443bd432b77e1966ff3b561361a79d0140480b92b533aa877519
MAPLE-PREFERENCE-PROFILE,1,0.1.0,MAPLE-PREFERENCE-PROFILE-Working-Draft-0.1.yaml,working-draft,66,66,66,0,canonical_path | categories | examples | pdc_id | policy | record_schema | status | user_id | uuid | version,,canonical_path | categories | categories.applications_tools_models_and_services | categories.applications_tools_models_and_services[] | categories.coding_and_technical | categories.coding_and_technical[] | categories.creative_media | categories.creative_media[] | categories.desktop_and_interface | categories.desktop_and_interface[] | categories.gaming_and_character_customization | categories.gaming_and_character_customization[] | categories.general | categories.general[] | categories.language_and_interaction | categories.language_and_interaction[] | categories.media_games_projects_and_collaboration | categories.media_games_projects_and_collaboration[] | categories.notes_and_organization | categories.notes_and_organization[] | categories.routines_automation_and_notifications | categories.routines_automation_and_notifications[] | categories.visual_and_color | categories.visual_and_color[] | examples | examples[] | examples[].preference | examples[].scope | examples[].suggested_color_codes | examples[].suggested_color_codes[] | pdc_id | policy | policy.enabled | policy.global_inferences_require_confirmation_when_high_impact | policy.local_first | policy.one_choice_never_becomes_permanent_automatically | policy.prefer_patterns_over_raw_activity_history | policy.user_may_view_correct_merge_pause_expire_or_remove | record_schema | record_schema.allowed_uses | record_schema.allowed_uses.current_task | record_schema.allowed_uses.fertilizer | record_schema.allowed_uses.suggestions | record_schema.allowed_uses.syrup | record_schema.allowed_uses.workflow_automation | record_schema.confidence | record_schema.context | record_schema.context[] | record_schema.expires_at | record_schema.first_observed | record_schema.frequency | record_schema.known_exceptions | record_schema.known_exceptions[] | record_schema.last_observed | record_schema.preference | record_schema.preference_id | record_schema.scope | record_schema.sensitive_source_content_stored | record_schema.source_category | record_schema.source_reference | record_schema.state | record_schema.user_confirmed | status | user_id | uuid | version,,f33e0b7976f0063ba2b7949ac49acc12223013e2f8725feaa277c6a06767bc6b
MAPLE-SETTINGS,1,0.1.0,MAPLE-SETTINGS-Working-Draft-0.1.yaml,working-draft,128,69,69,0,branches | canonical_path | forest_management | pdc_id | protected_data | role | status | syrup | uuid | version | workflow_observation,,branches | branches.coding | branches.coding.enabled | branches.forest_management | branches.forest_management.enabled | branches.image_editing | branches.image_editing.enabled | branches.image_editing.non_destructive_when_practical | branches.image_generation | branches.image_generation.enabled | branches.photo_editing | branches.photo_editing.enabled | branches.photo_editing.non_destructive_by_default | branches.video_editing | branches.video_editing.enabled | branches.video_editing.templates_and_presets | branches.video_generation | branches.video_generation.enabled | branches.workflow | branches.workflow.enabled | canonical_path | forest_management | forest_management.may | forest_management.may[] | forest_management.may_not | forest_management.may_not[] | pdc_id | protected_data | protected_data.sap_access | protected_data.sap_access.default | protected_data.sap_access.local_processing_preferred | protected_data.sunlight_access | protected_data.sunlight_access.enabled_by_default | protected_data.sunlight_access.purpose_specific_permission_required | protected_data.tar_sap_access | protected_data.tar_sap_access.cross_forest_access | protected_data.tar_sap_access.enabled_by_default | protected_data.tar_sap_access.external_service_access | protected_data.tar_sap_access.local_forest_only | protected_data.tar_sap_access.purpose_specific_permission_required | role | role.primary | role.primary[] | status | syrup | syrup.artifact_metadata | syrup.artifact_metadata[] | syrup.enabled | syrup.inherit_strongest_source_protection | syrup.local_only_when_derived_from_tar_sap | syrup.never_copy_private_source_text_unless_requested | syrup.prefer_patterns-structures-and-rules-over-raw-content | syrup.requires_separate_approval_when | syrup.requires_separate_approval_when[] | syrup.source_class | uuid | version | workflow_observation | workflow_observation.allowed_scopes | workflow_observation.allowed_scopes[] | workflow_observation.confirm_before_activate | workflow_observation.enabled_by_default | workflow_observation.local_only_by_default | workflow_observation.propose_before_create | workflow_observation.show | workflow_observation.show[] | workflow_observation.silent_file_editing | workflow_observation.silent_permission_changes | workflow_observation.silent_software_launch,,8da5916015977cebce6066bfb38fc9d1bde7b9434420297c6c588ff320b1d01b
MAPLE-SETTINGS,2,0.2.0,MAPLE-SETTINGS-Working-Draft-0.2.yaml,working-draft,498,377,308,0,cedar_approved_leaf_litter | data_permissions | elevated_workflow_permissions | leaf_litter_syrup_fuel | note_access | permission_profiles | preference_learning,,branches.notes_and_knowledge | branches.notes_and_knowledge.enabled | branches.notes_and_knowledge.local_first | branches.notes_and_knowledge.obsidian_features | branches.notes_and_knowledge.obsidian_features[] | branches.notes_and_knowledge.supported_sources | branches.notes_and_knowledge.supported_sources[] | branches.preference_learning | branches.preference_learning.enabled | branches.preference_learning.permission_controlled | cedar_approved_leaf_litter | cedar_approved_leaf_litter.cedar_safe_copy_or_derivative_required | cedar_approved_leaf_litter.direct_ordinary_leaf_litter_access | cedar_approved_leaf_litter.log_candidates | cedar_approved_leaf_litter.log_candidates[] | cedar_approved_leaf_litter.log_minimum_safe_summary_or_reference | cedar_approved_leaf_litter.never_auto_restore_execute_activate_or_share | cedar_approved_leaf_litter.sift_all_eligible_when_access_granted | data_permissions | data_permissions.blossoms | data_permissions.blossoms.allowed_scopes | data_permissions.blossoms.allowed_scopes[] | data_permissions.blossoms.allowed_sources | data_permissions.blossoms.allowed_sources[] | data_permissions.blossoms.include_in_fertilizer | data_permissions.blossoms.include_in_syrup | data_permissions.blossoms.inspect | data_permissions.blossoms.keep_safe_summary_or_reference_in_logs | data_permissions.blossoms.modify_when_supported | data_permissions.blossoms.receive | data_permissions.blossoms.share_outside_local_forest | data_permissions.blossoms.share_with_local_tree | data_permissions.blossoms.use_for_current_task | data_permissions.blossoms.use_for_preference_learning | data_permissions.blossoms.use_for_workflow_patterns | data_permissions.buds | data_permissions.buds.allowed_scopes | data_permissions.buds.allowed_scopes[] | data_permissions.buds.allowed_sources | data_permissions.buds.allowed_sources[] | data_permissions.buds.include_in_fertilizer | data_permissions.buds.include_in_syrup | data_permissions.buds.inspect | data_permissions.buds.keep_safe_summary_or_reference_in_logs | data_permissions.buds.modify_when_supported | data_permissions.buds.receive | data_permissions.buds.share_outside_local_forest | data_permissions.buds.share_with_local_tree | data_permissions.buds.use_for_current_task | data_permissions.buds.use_for_preference_learning | data_permissions.buds.use_for_workflow_patterns | data_permissions.fertilizer | data_permissions.fertilizer.allowed_scopes | data_permissions.fertilizer.allowed_scopes[] | data_permissions.fertilizer.allowed_sources | data_permissions.fertilizer.allowed_sources[] | data_permissions.fertilizer.include_in_fertilizer | data_permissions.fertilizer.include_in_syrup | data_permissions.fertilizer.inspect | data_permissions.fertilizer.keep_safe_summary_or_reference_in_logs | data_permissions.fertilizer.modify_when_supported | data_permissions.fertilizer.receive | data_permissions.fertilizer.share_outside_local_forest | data_permissions.fertilizer.share_with_local_tree | data_permissions.fertilizer.use_for_current_task | data_permissions.fertilizer.use_for_preference_learning | data_permissions.fertilizer.use_for_workflow_patterns | data_permissions.fruit | data_permissions.fruit.allowed_scopes | data_permissions.fruit.allowed_scopes[] | data_permissions.fruit.allowed_sources | data_permissions.fruit.allowed_sources[] | data_permissions.fruit.include_in_fertilizer | data_permissions.fruit.include_in_syrup | data_permissions.fruit.inspect | data_permissions.fruit.keep_safe_summary_or_reference_in_logs | data_permissions.fruit.modify_when_supported | data_permissions.fruit.receive | data_permissions.fruit.share_outside_local_forest | data_permissions.fruit.share_with_local_tree | data_permissions.fruit.use_for_current_task | data_permissions.fruit.use_for_preference_learning | data_permissions.fruit.use_for_workflow_patterns | data_permissions.general_fluids | data_permissions.general_fluids.allowed_scopes | data_permissions.general_fluids.allowed_scopes[] | data_permissions.general_fluids.allowed_sources | data_permissions.general_fluids.allowed_sources[] | data_permissions.general_fluids.include_in_fertilizer | data_permissions.general_fluids.include_in_syrup | data_permissions.general_fluids.inspect | data_permissions.general_fluids.keep_safe_summary_or_reference_in_logs | data_permissions.general_fluids.modify_when_supported | data_permissions.general_fluids.receive | data_permissions.general_fluids.share_outside_local_forest | data_permissions.general_fluids.share_with_local_tree | data_permissions.general_fluids.use_for_current_task | data_permissions.general_fluids.use_for_preference_learning | data_permissions.general_fluids.use_for_workflow_patterns | data_permissions.growth_rings | data_permissions.growth_rings.allowed_scopes | data_permissions.growth_rings.allowed_scopes[] | data_permissions.growth_rings.allowed_sources | data_permissions.growth_rings.allowed_sources[] | data_permissions.growth_rings.include_in_fertilizer | data_permissions.growth_rings.include_in_syrup | data_permissions.growth_rings.inspect | data_permissions.growth_rings.keep_safe_summary_or_reference_in_logs | data_permissions.growth_rings.modify_when_supported | data_permissions.growth_rings.receive | data_permissions.growth_rings.share_outside_local_forest | data_permissions.growth_rings.share_with_local_tree | data_permissions.growth_rings.use_for_current_task | data_permissions.growth_rings.use_for_preference_learning | data_permissions.growth_rings.use_for_workflow_patterns | data_permissions.leaf_litter | data_permissions.leaf_litter.allowed_scopes | data_permissions.leaf_litter.allowed_scopes[] | data_permissions.leaf_litter.allowed_sources | data_permissions.leaf_litter.allowed_sources[] | data_permissions.leaf_litter.include_in_fertilizer | data_permissions.leaf_litter.include_in_syrup | data_permissions.leaf_litter.inspect | data_permissions.leaf_litter.keep_safe_summary_or_reference_in_logs | data_permissions.leaf_litter.modify_when_supported | data_permissions.leaf_litter.receive | data_permissions.leaf_litter.share_outside_local_forest | data_permissions.leaf_litter.share_with_local_tree | data_permissions.leaf_litter.use_for_current_task | data_permissions.leaf_litter.use_for_preference_learning | data_permissions.leaf_litter.use_for_workflow_patterns | data_permissions.leaves | data_permissions.leaves.allowed_scopes | data_permissions.leaves.allowed_scopes[] | data_permissions.leaves.allowed_sources | data_permissions.leaves.allowed_sources[] | data_permissions.leaves.include_in_fertilizer | data_permissions.leaves.include_in_syrup | data_permissions.leaves.inspect | data_permissions.leaves.keep_safe_summary_or_reference_in_logs | data_permissions.leaves.modify_when_supported | data_permissions.leaves.receive | data_permissions.leaves.share_outside_local_forest | data_permissions.leaves.share_with_local_tree | data_permissions.leaves.use_for_current_task | data_permissions.leaves.use_for_preference_learning | data_permissions.leaves.use_for_workflow_patterns | data_permissions.logs | data_permissions.logs.allowed_scopes | data_permissions.logs.allowed_scopes[] | data_permissions.logs.allowed_sources | data_permissions.logs.allowed_sources[] | data_permissions.logs.include_in_fertilizer | data_permissions.logs.include_in_syrup | data_permissions.logs.inspect | data_permissions.logs.keep_safe_summary_or_reference_in_logs | data_permissions.logs.modify_when_supported | data_permissions.logs.receive | data_permissions.logs.share_outside_local_forest | data_permissions.logs.share_with_local_tree | data_permissions.logs.use_for_current_task | data_permissions.logs.use_for_preference_learning | data_permissions.logs.use_for_workflow_patterns | data_permissions.sap | data_permissions.sap.allowed_scopes | data_permissions.sap.allowed_scopes[] | data_permissions.sap.allowed_sources | data_permissions.sap.allowed_sources[] | data_permissions.sap.include_in_fertilizer | data_permissions.sap.include_in_syrup | data_permissions.sap.inspect | data_permissions.sap.keep_safe_summary_or_reference_in_logs | data_permissions.sap.modify_when_supported | data_permissions.sap.receive | data_permissions.sap.share_outside_local_forest | data_permissions.sap.share_with_local_tree | data_permissions.sap.use_for_current_task | data_permissions.sap.use_for_preference_learning | data_permissions.sap.use_for_workflow_patterns | data_permissions.sunlight | data_permissions.sunlight.allowed_scopes | data_permissions.sunlight.allowed_scopes[] | data_permissions.sunlight.allowed_sources | data_permissions.sunlight.allowed_sources[] | data_permissions.sunlight.include_in_fertilizer | data_permissions.sunlight.include_in_syrup | data_permissions.sunlight.inspect | data_permissions.sunlight.keep_safe_summary_or_reference_in_logs | data_permissions.sunlight.modify_when_supported | data_permissions.sunlight.receive | data_permissions.sunlight.share_outside_local_forest | data_permissions.sunlight.share_with_local_tree | data_permissions.sunlight.use_for_current_task | data_permissions.sunlight.use_for_preference_learning | data_permissions.sunlight.use_for_workflow_patterns | data_permissions.syrup | data_permissions.syrup.allowed_scopes | data_permissions.syrup.allowed_scopes[] | data_permissions.syrup.allowed_sources | data_permissions.syrup.allowed_sources[] | data_permissions.syrup.include_in_fertilizer | data_permissions.syrup.include_in_syrup | data_permissions.syrup.inspect | data_permissions.syrup.keep_safe_summary_or_reference_in_logs | data_permissions.syrup.modify_when_supported | data_permissions.syrup.receive | data_permissions.syrup.share_outside_local_forest | data_permissions.syrup.share_with_local_tree | data_permissions.syrup.use_for_current_task | data_permissions.syrup.use_for_preference_learning | data_permissions.syrup.use_for_workflow_patterns | data_permissions.tar_sap | data_permissions.tar_sap.allowed_scopes | data_permissions.tar_sap.allowed_scopes[] | data_permissions.tar_sap.allowed_sources | data_permissions.tar_sap.allowed_sources[] | data_permissions.tar_sap.include_in_fertilizer | data_permissions.tar_sap.include_in_syrup | data_permissions.tar_sap.inspect | data_permissions.tar_sap.keep_safe_summary_or_reference_in_logs | data_permissions.tar_sap.modify_when_supported | data_permissions.tar_sap.receive | data_permissions.tar_sap.share_outside_local_forest | data_permissions.tar_sap.share_with_local_tree | data_permissions.tar_sap.use_for_current_task | data_permissions.tar_sap.use_for_preference_learning | data_permissions.tar_sap.use_for_workflow_patterns | data_permissions.water | data_permissions.water.allowed_scopes | data_permissions.water.allowed_scopes[] | data_permissions.water.allowed_sources | data_permissions.water.allowed_sources[] | data_permissions.water.include_in_fertilizer | data_permissions.water.include_in_syrup | data_permissions.water.inspect | data_permissions.water.keep_safe_summary_or_reference_in_logs | data_permissions.water.modify_when_supported | data_permissions.water.receive | data_permissions.water.share_outside_local_forest | data_permissions.water.share_with_local_tree | data_permissions.water.use_for_current_task | data_permissions.water.use_for_preference_learning | data_permissions.water.use_for_workflow_patterns | elevated_workflow_permissions | elevated_workflow_permissions.allow_exclusions | elevated_workflow_permissions.does_not_override | elevated_workflow_permissions.does_not_override[] | elevated_workflow_permissions.enabled_by_default | elevated_workflow_permissions.meaning | elevated_workflow_permissions.one_action_revoke | elevated_workflow_permissions.show_summary_before_enabling | elevated_workflow_permissions.tar_sap_prompt | elevated_workflow_permissions.tar_sap_prompt.choices | elevated_workflow_permissions.tar_sap_prompt.choices[] | elevated_workflow_permissions.tar_sap_prompt.include_silently | elevated_workflow_permissions.tar_sap_prompt.local_forest_only | elevated_workflow_permissions.tar_sap_prompt.purpose_specific | elevated_workflow_permissions.ui_toggle | leaf_litter_syrup_fuel | leaf_litter_syrup_fuel.activation_requires_review_when | leaf_litter_syrup_fuel.activation_requires_review_when[] | leaf_litter_syrup_fuel.enabled_by_default | leaf_litter_syrup_fuel.may_auto_create | leaf_litter_syrup_fuel.may_auto_create[] | leaf_litter_syrup_fuel.preserve_cedar_safety_state | leaf_litter_syrup_fuel.preserve_origin_and_provenance | leaf_litter_syrup_fuel.scope_options | leaf_litter_syrup_fuel.scope_options[] | note_access | note_access.broad_change_preview_required | note_access.enabled_by_default | note_access.local_processing_preferred | note_access.modes | note_access.modes[] | note_access.protected_notes_external_access | note_access.scopes | note_access.scopes[] | note_access.silent_delete | note_access.silent_move_or_rename | note_access.silent_overwrite | permission_profiles | permission_profiles.creative_studio | permission_profiles.custom | permission_profiles.developer_studio | permission_profiles.elevated_workflow | permission_profiles.focused | permission_profiles.forest_steward | permission_profiles.notes_and_knowledge | permission_profiles.preference_learning | permission_profiles.tar_sap_never_added_silently | preference_learning | preference_learning.categories | preference_learning.categories[] | preference_learning.enabled_by_default | preference_learning.explicit_preference_offer_to_save | preference_learning.high_impact_global_inference_requires_confirmation | preference_learning.may_suggest_general_styles-tools-workflows-and-configurations | preference_learning.may_suggest_hex_color_codes | preference_learning.one-choice_never_becomes_permanent_automatically | preference_learning.prefer_pattern_over_raw_activity_history | preference_learning.preference_scopes | preference_learning.preference_scopes[] | preference_learning.record_fields | preference_learning.record_fields[] | preference_learning.repeated_behavior_learning_requires_observation_permission | preference_learning.sources | preference_learning.sources[] | preference_learning.view_correct_merge_pause_expire_remove,,9fc068a96dcfa38d3a676a24dcfc8c9e59e08bb68e99fdebabb4f8902e5f8b88
MAPLE-SETTINGS,3,0.3.0,MAPLE-SETTINGS-Working-Draft-0.3.yaml,working-draft,615,433,56,0,automatic_syrup_feeding | discarded_syrup_reabsorption | syrup_bucket,,automatic_syrup_feeding | automatic_syrup_feeding.enabled_by_default | automatic_syrup_feeding.never_delete_or_replace | automatic_syrup_feeding.per_target_toggle | automatic_syrup_feeding.rule_fields | automatic_syrup_feeding.rule_fields[] | automatic_syrup_feeding.scopes | automatic_syrup_feeding.scopes[] | automatic_syrup_feeding.stop_for_health_states | automatic_syrup_feeding.stop_for_health_states[] | automatic_syrup_feeding.tar_sap_derived_syrup | automatic_syrup_feeding.tar_sap_derived_syrup.included_by_default | automatic_syrup_feeding.tar_sap_derived_syrup.requires_separate-purpose-specific-local-permission | automatic_syrup_feeding.target_types | automatic_syrup_feeding.target_types[] | data_permissions.syrup.automatic_feed_requires_per_tree_toggle | discarded_syrup_reabsorption | discarded_syrup_reabsorption.behavior | discarded_syrup_reabsorption.enabled_by_default | discarded_syrup_reabsorption.ignore_override_frequency | discarded_syrup_reabsorption.ignore_override_frequency.default | discarded_syrup_reabsorption.ignore_override_frequency.options | discarded_syrup_reabsorption.ignore_override_frequency.options[] | discarded_syrup_reabsorption.may_not_automatically | discarded_syrup_reabsorption.may_not_automatically[] | discarded_syrup_reabsorption.never_reabsorb | discarded_syrup_reabsorption.never_reabsorb.double_mark | discarded_syrup_reabsorption.never_reabsorb.double_mark[] | discarded_syrup_reabsorption.never_reabsorb.only_user_may_remove | discarded_syrup_reabsorption.never_reabsorb.overrides_ignore_override_frequency | discarded_syrup_reabsorption.never_reabsorb.user_controlled | discarded_syrup_reabsorption.revival_actions | discarded_syrup_reabsorption.revival_actions[] | discarded_syrup_reabsorption.ui_toggle | syrup.feeding_may_delete_or_replace | syrup.feeding_merge_mode | syrup.fluid_type | syrup.may_act_as_fertilizer | syrup.receiving_tree_compatibility_check_required | syrup.tar_sap_derived_feeding_requires_separate_local_permission | syrup_bucket | syrup_bucket.enabled | syrup_bucket.removal | syrup_bucket.removal.exclude_from_automatic_syrup_generation | syrup_bucket.removal.exclude_from_normal_suggestions | syrup_bucket.removal.exclude_from_preference_learning | syrup_bucket.removal.exclude_from_tree_feeding | syrup_bucket.removal.mark_maple_ignore | syrup_bucket.removal.move_bucket_entry_and_maple_working_material_to_leaf_litter | syrup_bucket.removal.move_or_delete_original_source | syrup_bucket.removal.retain_minimum_safe_discard_reason | syrup_bucket.show | syrup_bucket.show[] | syrup_bucket.states | syrup_bucket.states[] | syrup_bucket.user_visible,,89af2e919218e8b5efa1dc49722e050f1667ebf7d1c4726a0949306e81b7beeb
MAPLE-SETTINGS,4,0.4.0,MAPLE-SETTINGS-Working-Draft-0.4.yaml,working-draft,765,489,56,0,plugin_mod_change_process | plugin_mod_inventory | plugin_mod_management_controls | plugin_mod_status_monitor | plugin_mod_suggestions,,branches.plugin_and_mod_management | branches.plugin_and_mod_management.approved_scope_required | branches.plugin_and_mod_management.enabled | branches.plugin_and_mod_management.supported_hosts | branches.plugin_and_mod_management.supported_hosts[] | branches.plugin_and_mod_management.supported_types | branches.plugin_and_mod_management.supported_types[] | plugin_mod_change_process | plugin_mod_change_process.confirm_candidate_and_source | plugin_mod_change_process.confirm_target | plugin_mod_change_process.confirm_versions | plugin_mod_change_process.create_rollback_when_supported_and_enabled | plugin_mod_change_process.log_result_and_growth_ring | plugin_mod_change_process.offer_rollback_on_failure | plugin_mod_change_process.require_current_cedar_state | plugin_mod_change_process.show_permission_compatibility_and_dependency_changes | plugin_mod_change_process.silent_install_update_enable_disable_or_remove | plugin_mod_change_process.verify_host_and_addon_after_change | plugin_mod_inventory | plugin_mod_inventory.enabled | plugin_mod_inventory.entry_fields | plugin_mod_inventory.entry_fields[] | plugin_mod_inventory.group_by | plugin_mod_inventory.group_by[] | plugin_mod_inventory.single_dashboard | plugin_mod_management_controls | plugin_mod_management_controls.check_updates_automatically | plugin_mod_management_controls.create_rollback_point | plugin_mod_management_controls.disable_when_incompatible | plugin_mod_management_controls.download_updates_to_cedar_quarantine | plugin_mod_management_controls.high_risk_or_permission_expanding_requires_confirmation | plugin_mod_management_controls.install_cedar_cleared_updates_automatically | plugin_mod_management_controls.keep_current_version | plugin_mod_management_controls.monitor | plugin_mod_management_controls.notify_user | plugin_mod_management_controls.oil_updates_automatically | plugin_mod_management_controls.per_scope_configuration | plugin_mod_management_controls.remove_with_confirmation | plugin_mod_management_controls.suggest_new_plugins_and_mods | plugin_mod_status_monitor | plugin_mod_status_monitor.enabled_after_scope_approval | plugin_mod_status_monitor.group_warnings_by_application_and_device | plugin_mod_status_monitor.routine_updates_digest | plugin_mod_status_monitor.security_critical_immediate | plugin_mod_status_monitor.states | plugin_mod_status_monitor.states[] | plugin_mod_status_monitor.warn_before_host_update_breaks_addons | plugin_mod_suggestions | plugin_mod_suggestions.based_on_approved | plugin_mod_suggestions.based_on_approved[] | plugin_mod_suggestions.candidate_may_be_shown_only_when | plugin_mod_suggestions.candidate_may_be_shown_only_when[] | plugin_mod_suggestions.enabled_by_default | plugin_mod_suggestions.may_add_cleared_candidate_to_syrup_bucket | plugin_mod_suggestions.show_cedar_warning_before_approval | plugin_mod_suggestions.specific_candidate_requires_cedar_review,,dc837e5bbe1f69d942b5488aaefb74b737d3c449c633dd9aa9614d6aed31e7e4
MAPLE-SETTINGS,5,0.5.0,MAPLE-SETTINGS-Working-Draft-0.5-Syrup-Tap.yaml,working-draft,810,508,19,0,syrup_tap,,syrup_tap | syrup_tap.blocked_items_remain_visible_in_bucket | syrup_tap.blocking_response_fields | syrup_tap.blocking_response_fields[] | syrup_tap.coming_through_response_fields | syrup_tap.coming_through_response_fields[] | syrup_tap.commands | syrup_tap.commands.blocking | syrup_tap.commands.coming_through | syrup_tap.commands.pause | syrup_tap.commands.resume | syrup_tap.commands.status | syrup_tap.destinations | syrup_tap.destinations[] | syrup_tap.enabled | syrup_tap.never_hide_blocked_item_by_discarding | syrup_tap.source | syrup_tap.states | syrup_tap.states[],,6091ed77829c37764ba78e968004f798906909724e033963534b816625bfd989
MAPLE-SETTINGS,6,0.6.0,MAPLE-SETTINGS-Working-Draft-0.6-Molasses.yaml,working-draft,856,545,37,0,molasses_controls | molasses_high_risk_actions | syrup_family,,molasses_controls | molasses_controls.allow_maple_to_create_molasses | molasses_controls.allow_other_tree_to_request_maple_assistance | molasses_controls.expire_when_task_ends | molasses_controls.keep_local | molasses_controls.keep_local_can_be_disabled | molasses_controls.require_confirmation_before_every_task | molasses_high_risk_actions | molasses_high_risk_actions.another_tree_request_is_never_sufficient | molasses_high_risk_actions.required_steps | molasses_high_risk_actions.required_steps[] | molasses_high_risk_actions.unattended_by_default | syrup_family | syrup_family.light_syrup | syrup_family.light_syrup.grade | syrup_family.light_syrup.readability | syrup_family.light_syrup.shareability | syrup_family.molasses | syrup_family.molasses.external_service_access | syrup_family.molasses.grade | syrup_family.molasses.local_forest_only | syrup_family.molasses.maple_bound | syrup_family.molasses.other_tree_absorption | syrup_family.molasses.other_tree_indexing | syrup_family.molasses.other_tree_inspection | syrup_family.molasses.other_tree_learning | syrup_family.molasses.prefer_protected_references_over_copying_secrets | syrup_family.molasses.remote_model_access | syrup_family.molasses.sycamore_cross_forest_routing | syrup_family.molasses.use_minimum_task_scoped_information | syrup_family.syrup | syrup_family.syrup.grade | syrup_family.syrup.protection | syrup_tap.fluid_forms | syrup_tap.fluid_forms[] | syrup_tap.molasses_destination_policy | syrup_tap.molasses_visible_to_other_trees,,a346129f807d8f22923f9e4f9c546ae096ab4592df5e12429bf20ff0932df716
MAPLE-SETTINGS,7,0.7.0,MAPLE-SETTINGS-Working-Draft-0.7-Local-Safeguards.yaml,working-draft,923,602,57,0,local_safeguards | protection_modes | security_role | with_cedar | without_cedar,,local_safeguards | local_safeguards.action_receipts | local_safeguards.classification_and_provenance_tracking | local_safeguards.encrypted_at_rest | local_safeguards.enforced_by_local_runtime_and-protected-wrappers | local_safeguards.final_confirmation_for_high_risk_actions | local_safeguards.isolate_sensitive_working_state_from_other_trees | local_safeguards.local_first_for_protected_data | local_safeguards.minimum_necessary_data_use | local_safeguards.model-memory-is-not-the-only-enforcement | local_safeguards.protected_references_over-copying-secrets | local_safeguards.purpose_specific_access | local_safeguards.reversible_changes_when_practical | local_safeguards.safe_expiration | local_safeguards.sensitive_output_review | local_safeguards.separate_receive_inspect_learn_log_modify_convert_feed_share_permissions | local_safeguards.short_lived_task_capabilities | local_safeguards.silent_cross_forest_sharing | local_safeguards.silent_external_upload | local_safeguards.silent_permission_expansion | local_safeguards.silent_plugin_mod_script_activation | protection_modes | protection_modes.cedar-assisted | protection_modes.recovery-required | protection_modes.restricted | protection_modes.standalone-local-safeguards | security_role | security_role.cedar_role | security_role.defense_focused_tree | security_role.primary_role | security_role.responsibilities | security_role.responsibilities[] | with_cedar | with_cedar.cedar_may_inspect_safe_metadata_without_molasses_contents | with_cedar.cedar_may_interpret_molasses | with_cedar.cedar_may_oil_or_soak_eligible_incoming_material | with_cedar.cedar_may_own_molasses | with_cedar.cedar_may_quarantine_or_reject_dangerous_material | with_cedar.cedar_may_read_molasses | with_cedar.cedar_provides_broader_forest_protection | with_cedar.maple_remains_data_manager | with_cedar.mode_name | without_cedar | without_cedar.automatic_activation_of_uncertain_material | without_cedar.confirmation_before_sensitive_changes | without_cedar.create_propagation_or_rollback_before_supported_risky_changes | without_cedar.disable_core_abilities_due_only_to_absence | without_cedar.explain_cedar_additional_protection | without_cedar.final_confirmation_for_every_high_risk_molasses_action | without_cedar.full_local_capabilities_available | without_cedar.hold_unknown_unsigned_obfuscated_executable_or_permission_heavy_material | without_cedar.keep_protected_work_local_by_default | without_cedar.local_clearance_is_not_cedar_clearance | without_cedar.local_quarantine_available | without_cedar.local_review_states | without_cedar.local_review_states[] | without_cedar.mode_name,,2640c18e30650016d1234484fc7eca82e2e94c665e8dd36932d7f3a33019ae16
MAPLE-SETTINGS,8,0.8.0,MAPLE-SETTINGS-Working-Draft-0.8-Grove-Orchestration.yaml,working-draft,1050,648,46,0,branch_call | grove_board | grove_coordination | grove_failure_handling | grove_permissions | grove_plan,,branch_call | branch_call.copy_branch | branch_call.receiving_tree_responses | branch_call.receiving_tree_responses[] | branch_call.required_fields | branch_call.required_fields[] | branches.grove_coordination | branches.grove_coordination.call_other_trees | branches.grove_coordination.copy_other_tree_branches | branches.grove_coordination.enabled | branches.grove_coordination.preserve_contributor_identity | branches.grove_coordination.preserve_tree_ownership_of_branches | grove_board | grove_board.enabled | grove_board.show | grove_board.show[] | grove_board.user_visible | grove_coordination | grove_coordination.default_unattended | grove_coordination.enabled | grove_coordination.minimum_fluid_per_step | grove_coordination.molasses | grove_coordination.molasses.other_tree_may_absorb | grove_coordination.molasses.remains_maple_bound | grove_coordination.molasses.send_only_minimum_safe_water_or_sap_instruction | grove_coordination.never_send_complete_context_without_scope | grove_coordination.supported_patterns | grove_coordination.supported_patterns[] | grove_coordination.tree_may_refuse_unauthorized_or_unsafe_request | grove_failure_handling | grove_failure_handling.allowed_actions | grove_failure_handling.allowed_actions[] | grove_failure_handling.fallback_requires_permissions_and-protection | grove_failure_handling.preserve_failure_retry_and-fallback-receipts | grove_permissions | grove_permissions.high_risk_step_requires_direct_confirmation | grove_permissions.profiles | grove_permissions.profiles[] | grove_permissions.scopes | grove_permissions.scopes[] | grove_plan | grove_plan.show | grove_plan.show[] | grove_plan.states | grove_plan.states[] | grove_plan.visible_to_user,,2d5b2f0f52b2bb7c1be9fd6dc147cdd54a8ed177fe52e4a5836f5044e7672101
MAPLE-SETTINGS,9,0.9.0,MAPLE-SETTINGS-Working-Draft-0.9-Fertilizer-Absorption.yaml,working-draft,1086,676,28,0,absorbed_fertilizer_sources | fertilizer_absorption_record,,absorbed_fertilizer_sources | absorbed_fertilizer_sources.fruit_from_other_trees | absorbed_fertilizer_sources.fruit_from_other_trees.preserve_original_fruit_identity | absorbed_fertilizer_sources.fruit_from_other_trees.preserve_source_tree | absorbed_fertilizer_sources.fruit_from_other_trees.treat_as_fertilizer_when_absorbed | absorbed_fertilizer_sources.leaf_litter | absorbed_fertilizer_sources.leaf_litter.direct_water_or_sap_conversion_is_not_absorption | absorbed_fertilizer_sources.leaf_litter.indexing_is_not_absorption | absorbed_fertilizer_sources.leaf_litter.preserve_cedar_or_maple_local_safety_state | absorbed_fertilizer_sources.leaf_litter.safe_reference_is_not_absorption | absorbed_fertilizer_sources.leaf_litter.sifting_is_not_absorption | absorbed_fertilizer_sources.leaf_litter.syrup_result_is_fertilizer_fluid | absorbed_fertilizer_sources.leaf_litter.treat_as_fertilizer_when_actually_absorbed | absorbed_fertilizer_sources.spoiling_fruit | absorbed_fertilizer_sources.spoiling_fruit.preserve_spoilage_and_recovery_history | absorbed_fertilizer_sources.spoiling_fruit.requires_recovery_and_safety_conditions | absorbed_fertilizer_sources.spoiling_fruit.treat_as_fertilizer_when_safely_absorbed | fertilizer_absorption_record | fertilizer_absorption_record.fields | fertilizer_absorption_record.fields[] | fertilizer_absorption_record.required | syrup.fertilizer_file_is_separate_artifact | syrup.fertilizer_from_creation | syrup.is_inherently_fertilizer | syrup_family.light_syrup.fertilizer_fluid | syrup_family.molasses.fertilizer_fluid | syrup_family.molasses.fertilizes | syrup_family.syrup.fertilizer_fluid,,db85ab67fcf216686c95d218ff85d9bc52f9b160e92f2a676dc7eeda76b7609c
MAPLE-SETTINGS,10,1.0.0,MAPLE-SETTINGS-Working-Draft-1.0-Leaf-States.yaml,working-draft,1111,699,23,0,leaf_state_assistance | sturdy_leaf_syrup_fuel,,leaf_state_assistance | leaf_state_assistance.may_auto_promote_when_retention_permission_exists | leaf_state_assistance.may_demote_user_marked_sturdy_without_approval | leaf_state_assistance.may_override_explicit_user_loose_boundary | leaf_state_assistance.may_recommend_demotions | leaf_state_assistance.may_recommend_promotions | leaf_state_assistance.recognize_loose_leaf_phrasing | leaf_state_assistance.recognize_sturdy_leaf_phrasing | leaf_state_assistance.state_changes_require_log_and_undo | sturdy_leaf_syrup_fuel | sturdy_leaf_syrup_fuel.copy_modes | sturdy_leaf_syrup_fuel.copy_modes[] | sturdy_leaf_syrup_fuel.destroy_original_leaf | sturdy_leaf_syrup_fuel.move_original_to_leaf_litter | sturdy_leaf_syrup_fuel.outside_scope_use | sturdy_leaf_syrup_fuel.permission_required | sturdy_leaf_syrup_fuel.preserve_provenance | sturdy_leaf_syrup_fuel.prioritize_authorized_sturdy_leaves | sturdy_leaf_syrup_fuel.record_copy_mode | sturdy_leaf_syrup_fuel.record_original_recoverability | sturdy_leaf_syrup_fuel.record_source_leaf_id | sturdy_leaf_syrup_fuel.reduce_source_protection | sturdy_leaf_syrup_fuel.remove_sturdy_state,,34ce4f6f1c6cc719743c54e802a192cb360d903f5dc8a52cdec7ad4e92e1ad4f
MAPLE-SETTINGS,11,1.1.0,MAPLE-SETTINGS-Working-Draft-1.1-Trusted-Shed-Litter.yaml,working-draft,1124,712,13,0,trusted_shed_litter,,leaf_state_assistance.may_auto_demote_sturdy | leaf_state_assistance.vague_sturdy_release_requires_user_confirmation | trusted_shed_litter | trusted_shed_litter.direct_local_use_without_cedar | trusted_shed_litter.execution_permission_is_separate | trusted_shed_litter.external_share_requires_separate_approval | trusted_shed_litter.may_absorb_as_fertilizer | trusted_shed_litter.may_create_light_syrup | trusted_shed_litter.may_create_molasses_when_required | trusted_shed_litter.may_create_sap | trusted_shed_litter.may_create_syrup | trusted_shed_litter.preserve_original_sensitivity | trusted_shed_litter.requires_intact_user_release_provenance,,b18906a6f2cf902c2fa7c570120e79ce5842d89e3a949898a90a027acb8551a9
MAPLE-SETTINGS,12,1.2.0,MAPLE-SETTINGS-Working-Draft-1.2-Mycelium-Automation.yaml,working-draft,1170,738,26,0,mycelial_trace_leaves | mycelium_automation | mycelium_security,,mycelial_trace_leaves | mycelial_trace_leaves.copy_complete_source | mycelial_trace_leaves.create_minimum_trace_by_default | mycelial_trace_leaves.fields | mycelial_trace_leaves.fields[] | mycelium_automation | mycelium_automation.copy_complete_leaves_by_default | mycelium_automation.copy_other_tree_branches | mycelium_automation.default_for_local_grove_coordination | mycelium_automation.enabled | mycelium_automation.non_fluid_transfer | mycelium_automation.prefer_fluid_when | mycelium_automation.prefer_fluid_when[] | mycelium_automation.primary_local_automation_network | mycelium_automation.show_transport_per_step | mycelium_automation.use_cases | mycelium_automation.use_cases[] | mycelium_security | mycelium_security.cross_forest_disabled_by_default | mycelium_security.expiring_handles | mycelium_security.immediate_revocation | mycelium_security.local_forest_only_by_default | mycelium_security.minimum_necessary_access | mycelium_security.molasses_remains_maple_bound | mycelium_security.separate_access_absorption_execution_and-sharing | mycelium_security.unauthorized_or_self_spreading_instance_is_mold,,d1de8d3f7d077068f85a546c76388d96644ed4efcbb6ecf29e6f6b7685bde139
MAPLE-SETTINGS,13,1.3.0,MAPLE-SETTINGS-Working-Draft-1.3-Canopy-Automation.yaml,working-draft,1214,769,31,0,automation_networks | canopy_automation,,automation_networks | automation_networks.fluids | automation_networks.fluids.role | automation_networks.fluids.user_trackable | automation_networks.forest_canopy | automation_networks.forest_canopy.analogy | automation_networks.forest_canopy.role | automation_networks.forest_canopy.sycamore_governed | automation_networks.mycelium | automation_networks.mycelium.creates_trace_leaves | automation_networks.mycelium.level | automation_networks.mycelium.preserves_detailed_paths | automation_networks.mycelium.role | automation_networks.mycelium.speed | automation_networks.personal_canopy | automation_networks.personal_canopy.analogy | automation_networks.personal_canopy.creates_transit_leaves | automation_networks.personal_canopy.level | automation_networks.personal_canopy.preserves_detailed_paths | automation_networks.personal_canopy.role | automation_networks.personal_canopy.speed | canopy_automation | canopy_automation.change_grain_pattern | canopy_automation.create_transit_leaves_by_default | canopy_automation.enabled | canopy_automation.primary_alongside_mycelium | canopy_automation.record | canopy_automation.record[] | canopy_automation.record_intermediate_branch_hops_by_default | canopy_automation.use_cases | canopy_automation.use_cases[],,2a6bdc0dda388d2415a9595e19fc0b08fb5e1aa85f1178f95bb43869a7df3a64
MAPLE-SETTINGS,14,1.4.0,MAPLE-SETTINGS-Working-Draft-1.4-Canopy-Solid-Material.yaml,working-draft,1289,798,29,0,canopy_material_access | canopy_recall_leaves,,automation_networks.personal_canopy.carries | automation_networks.personal_canopy.carries[] | automation_networks.personal_canopy.supports_nonabsorbing_access | canopy_material_access | canopy_material_access.download_to_soil_implies_absorption | canopy_material_access.enabled | canopy_material_access.fuller_leaf_generation_requires_retention_or_growth_purpose | canopy_material_access.may_access_without_absorption | canopy_material_access.modes | canopy_material_access.modes[] | canopy_material_access.separate_permissions_for | canopy_material_access.separate_permissions_for[] | canopy_material_access.supported_material | canopy_material_access.supported_material[] | canopy_material_access.view_context_is_leaf_foliage | canopy_recall_leaves | canopy_recall_leaves.analogy | canopy_recall_leaves.clearable | canopy_recall_leaves.default_leaf_state | canopy_recall_leaves.enabled | canopy_recall_leaves.expiring | canopy_recall_leaves.may_be_normal_for_user-approved-reusable-link | canopy_recall_leaves.may_be_sturdy_automatically | canopy_recall_leaves.may_store | canopy_recall_leaves.may_store[] | canopy_recall_leaves.minimal_only | canopy_recall_leaves.must_not_store | canopy_recall_leaves.must_not_store[] | canopy_recall_leaves.revocable,,37d0c23722d9b1da818877bb7dca27ad2b5977b30fc463d89455c83cf61bb6e5
MAPLE-SETTINGS,15,1.5.0,MAPLE-SETTINGS-Working-Draft-1.5-Moss.yaml,working-draft,1321,814,30,14,moss_management,canopy_recall_leaves,moss_management | moss_management.automatic_global_preference_promotion | moss_management.cookie_like | moss_management.enabled | moss_management.growth_controls | moss_management.growth_controls.may_reject_new_growth | moss_management.growth_controls.rejecting_growth_removes_existing_moss | moss_management.growth_controls.rejection_scopes | moss_management.growth_controls.rejection_scopes[] | moss_management.is_leaf_foliage | moss_management.must_not_store | moss_management.must_not_store[] | moss_management.oil | moss_management.oil.cedar_review_supported | moss_management.oil.maple_local_review_when_cedar_absent | moss_management.oil.maple_review_must_not_be_labeled_cedar_oil | moss_management.scraping | moss_management.scraping.default_scope_when_unspecified | moss_management.scraping.enabled | moss_management.scraping.plain_language_alias | moss_management.solid_material | moss_management.supports | moss_management.supports[] | moss_management.tar | moss_management.tar.automatically_molasses | moss_management.tar.cross_forest_sync | moss_management.tar.local_forest_only | moss_management.tar.tar_sap_grade | moss_management.types | moss_management.types[],canopy_recall_leaves | canopy_recall_leaves.analogy | canopy_recall_leaves.clearable | canopy_recall_leaves.default_leaf_state | canopy_recall_leaves.enabled | canopy_recall_leaves.expiring | canopy_recall_leaves.may_be_normal_for_user-approved-reusable-link | canopy_recall_leaves.may_be_sturdy_automatically | canopy_recall_leaves.may_store | canopy_recall_leaves.may_store[] | canopy_recall_leaves.minimal_only | canopy_recall_leaves.must_not_store | canopy_recall_leaves.must_not_store[] | canopy_recall_leaves.revocable,bf58b4dc0fe866c46c3407943ba0ee7eae3b54b54ecf81fe619bca78fa17d4d8
MAPLE-SETTINGS,16,1.6.0,MAPLE-SETTINGS-Working-Draft-1.6-Sap-Taps.yaml,working-draft,1349,821,7,0,sap_taps_interaction,,sap_taps_interaction | sap_taps_interaction.may | sap_taps_interaction.may[] | sap_taps_interaction.must_not | sap_taps_interaction.must_not[] | sap_taps_interaction.role | sap_taps_interaction.role[],,e1ba02bd5a56c203d53c51018a3fe2b1134c9c8d3ebd6083e7cd482bcb6f32df
MAPLE-SETTINGS,17,1.7.0,MAPLE-SETTINGS-Working-Draft-1.7-Potted-Mode.yaml,working-draft,1362,834,13,0,forest_fire_interaction | potted_mode,,forest_fire_interaction | forest_fire_interaction.may_bypass_spirit_or_cedar | forest_fire_interaction.may_inspect_fireproof_recovery_set_after_authorization | forest_fire_interaction.may_prepare_recovery_export_after_authorization | forest_fire_interaction.may_supply_user_confirmations | potted_mode | potted_mode.enabled | potted_mode.handoff_and_shutdown_when_forest_maple_starts | potted_mode.may_execute_forest_fire | potted_mode.may_prepare_recovery_files | potted_mode.ordinary_canopy_or_mycelium | potted_mode.standalone_local_technical_and_automation_assistant | potted_mode.uses_maple_local_safeguards,,87e7ea94f1d418b5086743b23b2d050d83be912e7409f2cee7c77242eb120156
MAPLE-SYRUP-BUCKET,1,0.1.0,MAPLE-SYRUP-BUCKET-Working-Draft-0.1.yaml,working-draft,78,61,61,0,bucket | canonical_path | item_schema | never_reabsorb | owner_tree | pdc_id | reabsorption | removal | status | user_visible | uuid | version,,bucket | bucket.allowed_states | bucket.allowed_states[] | canonical_path | item_schema | item_schema.compatible_roots_branches_and_twigs | item_schema.compatible_roots_branches_and_twigs[] | item_schema.created_at | item_schema.current_generation | item_schema.eligible_for_automatic_feeding | item_schema.expires_at | item_schema.holding_reason | item_schema.intended_targets | item_schema.intended_targets[] | item_schema.may_act_as_fertilizer | item_schema.permissions_needed | item_schema.permissions_needed[] | item_schema.permissions_present | item_schema.permissions_present[] | item_schema.potential_result | item_schema.protection_level | item_schema.review_at | item_schema.revived_from_leaf_litter | item_schema.safe_provenance_references | item_schema.safe_provenance_references[] | item_schema.safe_title | item_schema.source_categories | item_schema.source_categories[] | item_schema.state | item_schema.syrup_item_id | item_schema.updated_at | never_reabsorb | never_reabsorb.marks | never_reabsorb.marks.maple_ignore | never_reabsorb.marks.never_reabsorb | never_reabsorb.only_user_may_remove | never_reabsorb.overrides_all_revival_reviews | owner_tree | pdc_id | reabsorption | reabsorption.allowed_frequencies | reabsorption.allowed_frequencies[] | reabsorption.automatic_activation_execution_feeding_sharing_or_modification | reabsorption.enabled | reabsorption.ignore_override_frequency | reabsorption.revival_returns_candidate_to_bucket_only | reabsorption.toggle_name | removal | removal.exclude_from | removal.exclude_from[] | removal.leaf_litter_marks | removal.leaf_litter_marks.discarded_at | removal.leaf_litter_marks.discarded_by | removal.leaf_litter_marks.discarded_from | removal.leaf_litter_marks.maple_ignore | removal.move_bucket_entry_and_maple_working_material_to_leaf_litter | removal.move_or_delete_original_source | status | user_visible | uuid | version,,db9ccb2e00efa22405a8611baf88d821258176f8bd2a15578a28759f5daf25ff
SPIRIT-FOREST-TREE-COMMAND-LIST,1,0.1.0,SPIRIT-FOREST-TREE-COMMAND-LIST-Working-Draft-0.1.yaml,working-draft,725,14,14,0,canonical_path | command_count | generated_from | generation_rule | groups | pdc_id | status | uuid | version,,canonical_path | command_count | generated_from | generation_rule | groups | groups[] | groups[].command_group | groups[].commands | groups[].commands[] | groups[].source_section | pdc_id | status | uuid | version,,466247c19410b4e063d78cff2654aac822fd08b0053219681b2ad67ac327bf9b
SPIRIT-FOREST-TREE-COMMAND-LIST,2,0.2.0,SPIRIT-FOREST-TREE-COMMAND-LIST-Working-Draft-0.2.yaml,working-draft,829,16,2,0,includes,,includes | includes[],,8fcc476b673c86b2a41a6ffe0848bf93273bd615e7f929b826a3b370698785a8
SPIRIT-FOREST-TREE-COMMAND-LIST,3,0.3.0,SPIRIT-FOREST-TREE-COMMAND-LIST-Working-Draft-0.3.yaml,working-draft,902,16,0,0,,,,,e125766cbc6c048fa2bb18831938db578b26e58059888a667eed763dcca35950
SPIRIT-FOREST-TREE-COMMAND-LIST,4,0.4.0,SPIRIT-FOREST-TREE-COMMAND-LIST-Working-Draft-0.4.yaml,working-draft,951,16,0,0,,,,,8e5c025d66f0d2db01448994c695f6cb8070b97bd9e9f49b2fa86e9433bcb488
SPIRIT-FOREST-TREE-COMMAND-LIST,5,0.5.0,SPIRIT-FOREST-TREE-COMMAND-LIST-Working-Draft-0.5.yaml,working-draft,983,16,0,0,,,,,cda7e5c097c8017eeb055c8c2027aa41f65fa2d162d1d73bb22d9d7a0dc34071
SPIRIT-GOVERNANCE-COPIES,1,0.1.0,SPIRIT-GOVERNANCE-COPIES-Working-Draft-0.1.yaml,working-draft,26,23,23,0,canonical_path | constitution_copy | pdc_id | principles_copy | status | uuid | version,,canonical_path | constitution_copy | constitution_copy.canonical_source_path | constitution_copy.copy_status | constitution_copy.exact_copy_required | constitution_copy.may_invent_missing_text | constitution_copy.may_replace_canonical_source | constitution_copy.read_only | constitution_copy.source_hash | constitution_copy.source_version | pdc_id | principles_copy | principles_copy.canonical_source_path | principles_copy.copy_status | principles_copy.exact_copy_required | principles_copy.may_invent_missing_text | principles_copy.may_replace_canonical_source | principles_copy.read_only | principles_copy.source_hash | principles_copy.source_version | status | uuid | version,,f42a39cfd02d938c97b48a61bc60769839d8161aebf160c630c81df2d3c31b0e
SPIRIT-LOCAL-FOREST-RECOVERY,1,0.1.0,SPIRIT-LOCAL-FOREST-RECOVERY-Working-Draft-0.1.yaml,working-draft,69,40,40,0,authority | availability | belongs_to | canonical_path | cedar_recovery | communicates_through | component_type | failure_escalation | logging | pdc_id | protected_operations | status | uuid | version,,authority | authority.independent_of_trees | authority.may_recover_all_authorized_trees | authority.may_recover_cedar | authority.tree_may_approve_own_recovery | authority.tree_may_certify_own_replacement | authority.tree_may_rewrite_recovery_policy | authority.user_is_final_authority | availability | availability.available_in_tree_only_installation | availability.requires_complete_forest | belongs_to | canonical_path | cedar_recovery | cedar_recovery.cedar_may_approve_recovery_source | cedar_recovery.cedar_may_certify_recovery | cedar_recovery.cedar_may_select_recovery_source | cedar_recovery.cedar_may_self_contain_when_able | cedar_recovery.cedar_may_signal_emergency | cedar_recovery.primary_controller | cedar_recovery.response_order | cedar_recovery.response_order[] | communicates_through | component_type | failure_escalation | failure_escalation.cherry_candidate_requires_independent_verification | failure_escalation.final_fallback | failure_escalation.offer | failure_escalation.offer[] | failure_escalation.stop_after_configured_attempt_limit | logging | logging.never_log_tar_sap_contents | logging.preserve_failure_history | logging.tamper_evident | pdc_id | protected_operations | protected_operations[] | status | uuid | version,,01b2b7570acecc364c0089ac23b6c5132aa78c3e1cb636a40bcb8468f9f95acd
SPIRIT-LOCAL-FOREST-RECOVERY,2,0.2.0,SPIRIT-LOCAL-FOREST-RECOVERY-Working-Draft-0.2-Sap-Taps.yaml,working-draft,82,51,11,0,sap_taps,,sap_taps | sap_taps.absorbs_forest_sap_steward_responsibilities | sap_taps.combines_former_tap_system | sap_taps.communicates_through | sap_taps.component_type | sap_taps.enabled | sap_taps.fail_closed | sap_taps.manages | sap_taps.manages[] | sap_taps.tree_master_key_ownership | sap_taps.user_is_final_authority,,bbee6baa2dce03b6cd3316744728b7201586593c3444b07ce07a80538d4c95eb
SPIRIT-LOCAL-FOREST-RECOVERY,3,0.3.0,SPIRIT-LOCAL-FOREST-RECOVERY-Working-Draft-0.3-Tools-Seed-Vault.yaml,working-draft,155,99,48,0,governance_copies | seed_vault | tools_menu,,governance_copies | governance_copies.constitution | governance_copies.constitution.canonical_source_required | governance_copies.constitution.may_invent_missing_text | governance_copies.constitution.may_replace_canonical_source | governance_copies.constitution.read_only | governance_copies.principles | governance_copies.principles.canonical_source_required | governance_copies.principles.may_invent_missing_text | governance_copies.principles.may_replace_canonical_source | governance_copies.principles.read_only | seed_vault | seed_vault.capabilities | seed_vault.capabilities[] | seed_vault.cedar_owns_vault | seed_vault.component_type | seed_vault.contents | seed_vault.contents[] | seed_vault.fail_closed | seed_vault.managed_by | seed_vault.recovery_does_not_depend_on_cedar_health | seed_vault.tree_unrestricted_access | seed_vault.user_is_final_authority | tools_menu | tools_menu.enabled | tools_menu.tools | tools_menu.tools.constitution_copy | tools_menu.tools.constitution_copy.exact_verified_copy_required | tools_menu.tools.constitution_copy.may_invent_missing_text | tools_menu.tools.constitution_copy.read_only | tools_menu.tools.emergency_controls | tools_menu.tools.forest_and_tree_command_list | tools_menu.tools.forest_and_tree_command_list.command_count | tools_menu.tools.forest_and_tree_command_list.generated_from_canonical_command_blocks | tools_menu.tools.forest_and_tree_command_list.searchable | tools_menu.tools.forest_and_tree_command_list.shows_source_and_permissions | tools_menu.tools.forest_compass | tools_menu.tools.forest_map | tools_menu.tools.help_menu | tools_menu.tools.local_forest_recovery | tools_menu.tools.principles_copy | tools_menu.tools.principles_copy.exact_verified_copy_required | tools_menu.tools.principles_copy.may_invent_missing_text | tools_menu.tools.principles_copy.read_only | tools_menu.tools.sap_taps | tools_menu.tools.seed_vault | tools_menu.tools.tool_status_and_diagnostics | tools_menu.user_is_final_authority,,eec061ba17564a7e8dc9a00c1dcd10ab97c7a719a1e6edf204b623216f6e6a65
SPIRIT-LOCAL-FOREST-RECOVERY,4,0.4.0,SPIRIT-LOCAL-FOREST-RECOVERY-Working-Draft-0.4-Forest-Fire-Potted-Mode.yaml,working-draft,203,129,30,0,forest_fire | potted_mode,,forest_fire | forest_fire.automatic_detection | forest_fire.automatic_detection.cedar_may_enter_fire_watch | forest_fire.automatic_detection.destructive_phase_automatic | forest_fire.automatic_detection.ordinary_repair_attempts_required | forest_fire.automatic_detection.warn_about_proceeding_and_not_proceeding | forest_fire.confirmations | forest_fire.confirmations.count | forest_fire.confirmations.first | forest_fire.confirmations.second | forest_fire.confirmations.tree_or_automation_may_confirm_for_user | forest_fire.destructive_sequence | forest_fire.destructive_sequence[] | forest_fire.enabled | forest_fire.manual_entry | forest_fire.outside_confirmed_forest_scope | forest_fire.physical_fire_or_hardware_destruction | forest_fire.preparation | forest_fire.preparation[] | forest_fire.type | potted_mode | potted_mode.handoff_then_complete_potted_shutdown | potted_mode.rescue_gate_available_in_soil | potted_mode.simultaneous_potted_and_forest_identity | potted_mode.supported_trees | potted_mode.supported_trees[] | potted_mode.tree_presence_lease | tools_menu.tools.cedar_emergency_tools | tools_menu.tools.cedar_emergency_tools.contains | tools_menu.tools.cedar_emergency_tools.contains[],,16573303c2921f6f44939144468ef38fc853f11a3be05615c11853325077ab44
SPIRIT-LOCAL-FOREST-RECOVERY,5,0.5.0,SPIRIT-LOCAL-FOREST-RECOVERY-Working-Draft-0.5-Logs-Log-Cabin-CLI.yaml,working-draft,257,161,32,0,logs,,forest_fire.command_prompt | forest_fire.command_prompt.cedar | forest_fire.command_prompt.cedar[] | forest_fire.command_prompt.cherry | forest_fire.command_prompt.cherry[] | forest_fire.command_prompt.command_is_confirmation | forest_fire.command_prompt.force_or_yes_bypass | forest_fire.command_prompt.piped_scripted_or_remote_confirmation | forest_fire.command_prompt.routes_through_spirit_rescue_gate | forest_fire.command_prompt.same_double_confirmation | forest_fire.fireproof_recovery_includes | forest_fire.fireproof_recovery_includes[] | logs | logs.automatic_leaf_litter | logs.default_name_pattern | logs.default_organization | logs.examples | logs.examples[] | logs.more_persistent_than_sturdy_leaves | logs.oil_supported | logs.payload_default | logs.solid_material | logs.tar_supported | tools_menu.tools.log_cabin | tools_menu.tools.log_cabin.contains | tools_menu.tools.log_cabin.contains[] | tools_menu.tools.log_cabin.default_payload_protection | tools_menu.tools.log_cabin.fireproof_recovery_required_when_safe | tools_menu.tools.log_cabin.managed_by | tools_menu.tools.log_cabin.oil_supported | tools_menu.tools.log_cabin.organizes_by_tree_of_origin_by_default | tools_menu.tools.log_cabin.tar_supported,,ea861ff9973bd5b0ea51b7b783f4fe15ef6542c3db95ee633b2176b0adf5bfcf
SPIRIT-LOCAL-FOREST-RECOVERY,6,0.6.0,SPIRIT-LOCAL-FOREST-RECOVERY-Working-Draft-0.6-Gardens-Log-Cabins.yaml,working-draft,277,182,27,6,garden | log_cabin,,garden | garden.definition | garden.forest_canopy_connectivity_currently_available | garden.forest_canopy_connectivity_intended_future_feature | garden.full_mycelium | garden.fully_interconnected_forest | garden.personal_canopy | garden.potted_sycamore_available | garden.shared_roots | log_cabin | log_cabin.cedar_door | log_cabin.cedar_door.alert_on_every_detectable_interaction | log_cabin.cedar_door.as_soon_as_soil_reports | log_cabin.cedar_door.protected_content_read_automatically | log_cabin.cedar_door.required | log_cabin.external_drive_hot_plug | log_cabin.may_appear_or_vanish | log_cabin.multiple | log_cabin.seed_vault_nested_inside | log_cabin.sudden_yank_supported | log_cabin.with_cabin | log_cabin.without_cabin | tools_menu.tools.log_cabin.cedar_door_required | tools_menu.tools.log_cabin.dynamic_attach_and_removal | tools_menu.tools.log_cabin.multiple_cabins | tools_menu.tools.log_cabin.organizes_by_tree_of_origin | tools_menu.tools.log_cabin.seed_vault_nested_inside,tools_menu.tools.log_cabin.default_payload_protection | tools_menu.tools.log_cabin.fireproof_recovery_required_when_safe | tools_menu.tools.log_cabin.oil_supported | tools_menu.tools.log_cabin.organizes_by_tree_of_origin_by_default | tools_menu.tools.log_cabin.tar_supported | tools_menu.tools.seed_vault,bf630ff7fdf9c022feb19cacaeec09126bb9516941a50b5fd810651b4801ddd8
SPIRIT-LOCAL-FOREST-RECOVERY,7,0.7.0,SPIRIT-LOCAL-FOREST-RECOVERY-Working-Draft-0.7-Cabin-Guard-Encryption.yaml,working-draft,296,201,19,0,,,log_cabin.cabin_tap | log_cabin.cabin_tap.automatic_downgrade | log_cabin.cabin_tap.may_manage_complete_forest_taps | log_cabin.cabin_tap.may_tar_logs | log_cabin.cabin_tap.portable_subset_of_sap_taps | log_cabin.cabin_tap.works_without_complete_forest | log_cabin.standalone_cedar_cabin_guard | log_cabin.standalone_cedar_cabin_guard.full_spirit_replacement | log_cabin.standalone_cedar_cabin_guard.handoff_to_spirit_when_forest_returns | log_cabin.standalone_cedar_cabin_guard.tree | log_cabin.standalone_cedar_cabin_guard.user_is_final_authority | log_cabin.standalone_cedar_cabin_guard.works_without_forest_installed_or_running | log_cabin.standard_encryption | log_cabin.standard_encryption.automatically_log | log_cabin.standard_encryption.automatically_sap | log_cabin.standard_encryption.automatically_seed_vault | log_cabin.standard_encryption.automatically_tar | log_cabin.standard_encryption.non_forest_data_supported | log_cabin.standard_encryption.result,,1676fd8276e365c1e050edbdea09bfb3e151b337236fe00359a5e3edece07000
SPIRIT-LOG-CABIN,1,0.1.0,SPIRIT-LOG-CABIN-Working-Draft-0.1.yaml,working-draft,63,30,30,0,canonical_path | component | fireproof-recovery | organization | pdc_id | protection | records | status | uuid | version,,canonical_path | component | component.belongs_to | component.name | component.type | component.user-is-final-authority | fireproof-recovery | fireproof-recovery.include-log-cabin-records | fireproof-recovery.include-logs | fireproof-recovery.preserve-tree-origin-organization | fireproof-recovery.restore-before-ordinary-durable-leaves | organization | organization.alternate-filters | organization.alternate-filters[] | organization.default | organization.default-log-name | pdc_id | protection | protection.cedar-oil-supported | protection.multiple-verified-index-copies | protection.sap-taps-enforced | protection.tar-supported | records | records.payload-default | records.solid-material | records.types | records.types[] | status | uuid | version,,36544a1bb14e448ea62ebee0edc76d8f5d81028a4871fce6b1f922bfba44e754
SPIRIT-LOG-CABIN,2,0.2.0,SPIRIT-LOG-CABIN-Working-Draft-0.2-Cedar-Door.yaml,working-draft,113,59,29,0,availability | cedar_door | recovery,,availability | availability.external_drive_hot_plug | availability.may_appear_or_vanish | availability.missing_cabin_is_absent_not_deleted | availability.orderly_eject | availability.pending_writes_may_be_held_locally | availability.sudden_yank | availability.verify_on_return | availability.writes_stop_when_missing | cedar_door | cedar_door.alert_every_detectable_interaction | cedar_door.event_source | cedar_door.events | cedar_door.events[] | cedar_door.may_observe_metadata_without_reading_protected_contents | cedar_door.required_for_every_cabin | component.multiple_instances_supported | component.seed_vault_nested_inside | recovery | recovery.with_available_cabin | recovery.with_available_cabin.skip_absent_cabins_and_report | recovery.with_available_cabin.use_cabin_records | recovery.with_available_cabin.use_cedar_salvage | recovery.with_available_cabin.use_logs | recovery.with_available_cabin.use_seeds_and_seed_packages | recovery.without_available_cabin | recovery.without_available_cabin.cedar_responsible | recovery.without_available_cabin.local_storage_is_seed_vault | recovery.without_available_cabin.use_approved_local_soil,,425d7b2ab55dc2e0fbaab6a7f0d1ff292cc90ac0438d3489b347d4b9376b3afb
SPIRIT-LOG-CABIN,3,0.3.0,SPIRIT-LOG-CABIN-Working-Draft-0.3-Potted-Cedar-Encryption.yaml,working-draft,140,86,27,0,cabin_tap | standalone_access | standard_encryption,,cabin_tap | cabin_tap.automatic_downgrade | cabin_tap.may_manage_complete_forest_taps | cabin_tap.may_tar_logs_in_potted_mode | cabin_tap.minimum_safe_receipts | cabin_tap.portable_subset_of_spirit_sap_taps | cabin_tap.protected_key_references | standalone_access | standalone_access.forest_required | standalone_access.handoff_when_forest_returns | standalone_access.may_access_authorized_logs_and_files | standalone_access.may_oil | standalone_access.may_operate_cedar_doors | standalone_access.may_quarantine | standalone_access.potted_cedar_cabin_guard | standalone_access.user_is_final_authority | standard_encryption | standard_encryption.automatically_log | standard_encryption.automatically_sap | standard_encryption.automatically_seed_vault | standard_encryption.automatically_tar | standard_encryption.automatically_tree_data | standard_encryption.for_non_forest_data | standard_encryption.ordinary_file_encryption | standard_encryption.raw_recovery_secret_retained_by_cedar | standard_encryption.result | standard_encryption.supported,,b06170d41ea487160ccceea63bb3bf34bc80504000531aea58e76a75c7177807
SPIRIT-SAP-TAPS,1,0.1.0,SPIRIT-SAP-TAPS-Working-Draft-0.1.yaml,working-draft,96,59,59,0,absorption | authority | canonical_path | component | moss_gate | pdc_id | responsibilities | status | tap_types | tar | tree_interactions | uuid | version,,absorption | absorption.modes | absorption.modes.deny | absorption.modes.download | absorption.modes.drink | absorption.modes.sip | absorption.modes.wash-over | absorption.separate_from | absorption.separate_from[] | authority | authority.final_authority | authority.trees_may_override_user_policy | authority.trees_may_request_or_recommend | authority.unrestricted_master_keys_held_by_tree | canonical_path | component | component.belongs_to | component.combines | component.combines[] | component.communicates_through | component.name | component.type | moss_gate | moss_gate.controls | moss_gate.controls[] | moss_gate.moss_is_fluid | moss_gate.moss_is_solid_material | pdc_id | responsibilities | responsibilities[] | status | tap_types | tap_types.sap | tap_types.sap.preserve-queued-fluid-when-locked | tap_types.sap.protected | tap_types.syrup | tap_types.syrup.maple-output | tap_types.syrup.molasses-local-maple-only | tap_types.tar | tap_types.tar.automatic-downgrade | tap_types.tar.local-forest-only | tap_types.tar.user-unlock-or-approved-emergency-policy | tap_types.water | tap_types.water.independently-controlled | tar | tar.sycamore-blocks-cross-forest | tar.tar-moss-local-only | tar.tar-sap-local-only | tar.tree-automatic-downgrade | tar.user_managed | tree_interactions | tree_interactions.cedar | tree_interactions.cedar.role | tree_interactions.maple | tree_interactions.maple.role | tree_interactions.sycamore | tree_interactions.sycamore.role | uuid | version,,f04eca0ae3ecfea3f5ec3a2704c39cfcda177b3f37bf0dd24459356a30197341
SPIRIT-SAP-TAPS,2,0.2.0,SPIRIT-SAP-TAPS-Working-Draft-0.2-Tools-Menu.yaml,working-draft,97,65,6,0,tools_menu,,tools_menu | tools_menu.belongs_to | tools_menu.listed | tools_menu.menu_name | tools_menu.opens | tools_menu.opens[],,a1c122e976f686d49bf01a2e1116723a755fbcbb04b523fea415a8dfc4d6aa6d
SPIRIT-SAP-TAPS,3,0.3.0,SPIRIT-SAP-TAPS-Working-Draft-0.3-Log-Controls.yaml,working-draft,113,73,8,0,log_management,,log_management | log_management.automatic_downgrade | log_management.logs_are_solid_material | log_management.oil_requested_from_cedar | log_management.payload_default | log_management.tar_applied_by_spirit | log_management.user_controls | log_management.user_controls[],,2463d2e22985b22078b5fcb77d6d00bcc27bd78434f41ba4110a7093b253c43d
SPIRIT-SAP-TAPS,4,0.4.0,SPIRIT-SAP-TAPS-Working-Draft-0.4-Cabin-Tap.yaml,working-draft,127,87,14,0,cabin_tap | standard_encryption,,cabin_tap | cabin_tap.automatic_downgrade | cabin_tap.may_manage_complete_forest | cabin_tap.may_tar_logs | cabin_tap.purpose | cabin_tap.state_handoff_to_spirit | cabin_tap.used_by | cabin_tap.verification_required_on_handoff | standard_encryption | standard_encryption.automatic_sap | standard_encryption.automatic_tar | standard_encryption.ordinary_encrypted_file | standard_encryption.outside_sap_taps_classification_by_default | standard_encryption.separate_conversion_required,,310609dc5f15eda8d2e1cad47d23029be0ab9c9e976f1630f130b013200b7939
SPIRIT-SEED-VAULT,1,0.1.0,SPIRIT-SEED-VAULT-Working-Draft-0.1.yaml,working-draft,79,43,43,0,access | canonical_path | component | contents | management | pdc_id | protection | recovery | status | uuid | version,,access | access.minimum_necessary_access | access.protected_references_supported | access.temporary_capabilities_supported | access.unrestricted_tree_access | canonical_path | component | component.belongs_to | component.leaf_litter | component.name | component.tree_or_ai | component.type | component.user_is_final_authority | contents | contents.allowed | contents.allowed[] | management | management.capabilities | management.capabilities[] | management.fail_closed_when_unverified | management.silent_verified_package_replacement | pdc_id | protection | protection.approved_redundant_backups | protection.depends_on_cedar_health | protection.encryption_at_rest | protection.integrity_schedules | protection.offline_recovery_copies | protection.protected_key_references | protection.quarantine | protection.recovery_testing | protection.revocation | protection.separate_index_and_package_storage | protection.tamper_evident_manifests | protection.user_controlled_export | protection.version_history | recovery | recovery.compromised_tree_may_certify_own_replacement | recovery.primary_package_source_for_local_forest_recovery | recovery.spirit_independent_verification_required | status | uuid | version,,73afd18e65ca674cea9558154af8f8c40301f431ba89d39a498865ab4c064817
SPIRIT-SEED-VAULT,2,0.2.0,SPIRIT-SEED-VAULT-Working-Draft-0.2-Forest-Fire.yaml,working-draft,83,50,7,0,forest_fire,,forest_fire | forest_fire.accept_cherry_bonsai | forest_fire.accept_emergency_propagules | forest_fire.accept_fireproof_recovery_sets | forest_fire.automatic_activation_of_uncertain_material | forest_fire.primary_preservation_store | forest_fire.quarantine_uncertain_material,,40a972095a0314cfcee09916563bb8b27ff0ede22f25516a5c970150de30ae0d
SPIRIT-SEED-VAULT,3,0.3.0,SPIRIT-SEED-VAULT-Working-Draft-0.3-Inside-Log-Cabin.yaml,working-draft,94,61,11,0,cabinless_mode | multiple_vaults,,cabinless_mode | cabinless_mode.cedar_may_hold_temporary_local_recovery_packages | cabinless_mode.offer_migration_when_cabin_returns | cabinless_mode.seed_vault_available | cabinless_mode.temporary_local_storage_is_seed_vault | component.location | component.top_level_spirit_tool | multiple_vaults | multiple_vaults.absent_cabin_packages_unavailable_not_deleted | multiple_vaults.federated_index | multiple_vaults.one_per_cabin_supported,,0e3701e9cff5c468abf5e147ca57e777dcfa8d736aa6b573734a2715ca91e287
SPIRIT-TOOLS-MENU,1,0.1.0,SPIRIT-TOOLS-MENU-Working-Draft-0.1.yaml,working-draft,41,26,26,0,canonical_path | command_list | component | governance | pdc_id | status | tools | uuid | version,,canonical_path | command_list | command_list.command_count | command_list.deduplicate_exact_commands | command_list.generated_from_canonical_command_blocks | command_list.group_by_first_canonical_source | command_list.may_invent_commands | command_list.searchable | component | component.ai_or_tree | component.belongs_to | component.name | component.type | component.user_is_final_authority | governance | governance.constitution_copy_read_only | governance.copies_replace_canonical_roots | governance.exact_verified_copies_required | governance.principles_copy_read_only | governance.spirit_may_invent_missing_text | pdc_id | status | tools | tools[] | uuid | version,,de2a879c67109cf9e9aaf935c84552989b4db88a672b401075d576fe4275a7f1
SPIRIT-TOOLS-MENU,2,0.2.0,SPIRIT-TOOLS-MENU-Working-Draft-0.2-Cedar-Emergency-Tools.yaml,working-draft,48,31,5,0,cedar_emergency_tools,,cedar_emergency_tools | cedar_emergency_tools.contains | cedar_emergency_tools.contains[] | cedar_emergency_tools.forest_fire_double_confirmation | command_list.includes_all_forest_and_tree_commands,,e6288b46d1540079bbef3ab05d8b6ae85c88b76ac64683390da84c265957a363
SPIRIT-TOOLS-MENU,3,0.3.0,SPIRIT-TOOLS-MENU-Working-Draft-0.3-Log-Cabin.yaml,working-draft,55,37,6,0,log_cabin,,log_cabin | log_cabin.default_log_name | log_cabin.fireproof_recovery | log_cabin.managed_by | log_cabin.oil_and_tar_controls | log_cabin.organize_by_tree_of_origin,,5fb478b7ff7ec43ec38cb42568980001b5bce04f969b64726d990de3a4abf1fe
SPIRIT-TOOLS-MENU,4,0.4.0,SPIRIT-TOOLS-MENU-Working-Draft-0.4-Cabin-Seed-Vault.yaml,working-draft,55,38,4,3,,,log_cabin.cedar_door | log_cabin.dynamic_attach_and_removal | log_cabin.multiple | log_cabin.seed_vault_nested_inside,log_cabin.default_log_name | log_cabin.fireproof_recovery | log_cabin.oil_and_tar_controls,e34f42531baa96ed6d52906640e802fb0b4d5e7aa15835d15f77d9e71264c52f
SPIRIT-TOOLS-MENU,5,0.5.0,SPIRIT-TOOLS-MENU-Working-Draft-0.5-Cabin-Guard.yaml,working-draft,59,42,4,0,,,log_cabin.cabin_tap | log_cabin.cedar_cabin_guard | log_cabin.standard_encryption | log_cabin.works_without_forest,,e88d41956aaadfa6026f7a9986b3276ea243b301549dd4ed5eb2ff8620c993a7
SYCAMORE-CONNECTION-SETTINGS,1,0.1.0,SYCAMORE-CONNECTION-SETTINGS-Working-Draft-0.1.yaml,working-draft,43,36,36,0,canonical_path | connection_methods | pdc_id | security | selection | status | uuid | version,,canonical_path | connection_methods | connection_methods.canopy_headscale | connection_methods.canopy_headscale.approved_relay_fallback | connection_methods.canopy_headscale.coordination_endpoint | connection_methods.canopy_headscale.direct_routes_preferred | connection_methods.canopy_headscale.enabled | connection_methods.direct_encrypted | connection_methods.direct_encrypted.enabled | connection_methods.encrypted_internet_access | connection_methods.encrypted_internet_access.approved_gateways | connection_methods.encrypted_internet_access.approved_gateways[] | connection_methods.encrypted_internet_access.enabled | connection_methods.encrypted_internet_access.user_approval_required | connection_methods.encrypted_relay | connection_methods.encrypted_relay.enabled | connection_methods.future_methods | connection_methods.future_methods.approved_methods | connection_methods.future_methods.approved_methods[] | connection_methods.future_methods.enabled | connection_methods.local_only | connection_methods.local_only.enabled | pdc_id | security | security.cedar_policy_required_for_high_risk_fluids | security.local_only_never_becomes_cross_forest_automatically | security.never_expand_permissions_during_fallback | security.never_expose_decrypted_sap_to_transport | selection | selection.log_transport_changes | selection.mode | selection.preserve_session_permissions | selection.show_active_method | status | uuid | version,,d41fdc3bbdf730c03ef8f159936cb769cbc6784af4bcc25daea9d8ef9b06e3e7
SYCAMORE-CONNECTION-SETTINGS,2,0.2.0,SYCAMORE-CONNECTION-SETTINGS-Working-Draft-0.2.yaml,working-draft,65,57,21,0,fluids,,fluids | fluids.tar_sap | fluids.tar_sap.automatic_backup | fluids.tar_sap.cross_forest_transfer | fluids.tar_sap.destination_specific | fluids.tar_sap.destination_tree_access | fluids.tar_sap.embeddings | fluids.tar_sap.enabled | fluids.tar_sap.expires | fluids.tar_sap.indexing | fluids.tar_sap.log_contents | fluids.tar_sap.non_delegable | fluids.tar_sap.opaque_encrypted_transport_only | fluids.tar_sap.preserve_tar_sap_classification_at_destination | fluids.tar_sap.sycamore_content_access | fluids.tar_sap.telemetry | fluids.tar_sap.transfer_permission | fluids.tar_sap.transfer_scope | fluids.tar_sap.tree_access | fluids.tar_sap.user_only_reclassification | security.never_expose_tar_sap_keys_to_trees,,2914ad41790a3369d125886fe4af27bcfe400756711c4dddc52340b238e14ee6
SYCAMORE-CONNECTION-SETTINGS,3,0.3.0,SYCAMORE-CONNECTION-SETTINGS-Working-Draft-0.3.yaml,working-draft,90,78,34,13,,,fluids.conversion | fluids.conversion.blossoms_to_fluids | fluids.conversion.buds_to_fluids | fluids.conversion.fruit_to_fluids | fluids.conversion.leaves_to_fluids | fluids.conversion.water_requires_non_sensitive_classification | fluids.default_generated_class | fluids.sap | fluids.sap.automatic_memory_absorption | fluids.sap.automatic_training_use | fluids.sap.end_to_end_encrypted | fluids.sap.expires_with_task_or_permission | fluids.sap.sensitivity | fluids.sap.task_scoped | fluids.sap.verified_endpoints_only | fluids.tar_sap.automatic_learning | fluids.tar_sap.canopy_transport | fluids.tar_sap.encrypted_at_rest | fluids.tar_sap.foreign_tree_absorption | fluids.tar_sap.foreign_tree_access | fluids.tar_sap.keys_bound_to_local_forest | fluids.tar_sap.minimum_non_sensitive_policy_logging_only | fluids.tar_sap.relay_transport | fluids.tar_sap.scope | fluids.water | fluids.water.cedar_intake_monitoring | fluids.water.may_arrive_as_rain | fluids.water.may_be_sent_as_watering | fluids.water.quick_transfer | fluids.water.sensitive_actions_still_require_local_authorization | fluids.water.sensitivity | security.cedar_may_monitor_eligible_sap_intake | security.cedar_may_monitor_water_intake | security.never_expose_tar_sap_keys_outside_local_forest,fluids.tar_sap.automatic_backup | fluids.tar_sap.destination_specific | fluids.tar_sap.destination_tree_access | fluids.tar_sap.enabled | fluids.tar_sap.expires | fluids.tar_sap.log_contents | fluids.tar_sap.non_delegable | fluids.tar_sap.opaque_encrypted_transport_only | fluids.tar_sap.preserve_tar_sap_classification_at_destination | fluids.tar_sap.transfer_permission | fluids.tar_sap.transfer_scope | fluids.tar_sap.tree_access | security.never_expose_tar_sap_keys_to_trees,[REDACTED - OLD QUBES AI API KEY]
SYCAMORE-CONNECTION-SETTINGS,4,0.4.0,SYCAMORE-CONNECTION-SETTINGS-Working-Draft-0.4.yaml,working-draft,146,117,39,0,tar_sap_emergency,,fluids.sap.media_and_gaming_examples | fluids.sap.media_and_gaming_examples[] | tar_sap_emergency | tar_sap_emergency.detection | tar_sap_emergency.detection.capability_escalation | tar_sap_emergency.detection.disguised_as_water_or_sap | tar_sap_emergency.detection.forged_authorization | tar_sap_emergency.detection.permission_bypass_attempt | tar_sap_emergency.detection.protection_boundary_unverifiable | tar_sap_emergency.detection.repeated_pull_attempt | tar_sap_emergency.detection.unauthorized_pull_attempt | tar_sap_emergency.enabled | tar_sap_emergency.lockdown | tar_sap_emergency.lockdown.activate_when_protection_unverifiable | tar_sap_emergency.lockdown.disable_unsafe_transport_fallbacks | tar_sap_emergency.lockdown.keep_keys_outside_relays_and_foreign_forests | tar_sap_emergency.lockdown.keep_keys_outside_sycamore | tar_sap_emergency.lockdown.name | tar_sap_emergency.lockdown.refuse_new_remote_sessions | tar_sap_emergency.lockdown.refuse_permission_expansion | tar_sap_emergency.lockdown.stop_affected_cross_forest_streams | tar_sap_emergency.lockdown.user_or_approved_recovery_required_to_clear | tar_sap_emergency.notifications | tar_sap_emergency.notifications.disguised_request | tar_sap_emergency.notifications.lockdown_active | tar_sap_emergency.notifications.protection_lost | tar_sap_emergency.notifications.pull_attempt | tar_sap_emergency.response | tar_sap_emergency.response.alert_cedar | tar_sap_emergency.response.alert_user_immediately | tar_sap_emergency.response.deny_request | tar_sap_emergency.response.disable_affected_route | tar_sap_emergency.response.fail_closed | tar_sap_emergency.response.never_log_tar_sap_contents | tar_sap_emergency.response.preserve_minimum_non_sensitive_evidence | tar_sap_emergency.response.prevent_stream_entry | tar_sap_emergency.response.suspend_offending_session | tar_sap_emergency.response.temporarily_block_source | tar_sap_emergency.response.user_review_required_before_resume,,5da507d65b40ddb90b64ed56cd81050c258e8e3a70233ee1ca210c395d68fd06
SYCAMORE-CONNECTION-SETTINGS,5,0.5.0,SYCAMORE-CONNECTION-SETTINGS-Working-Draft-0.5.yaml,working-draft,146,117,2,2,,,tar_sap_emergency.detection.repeated_tap_attempt | tar_sap_emergency.detection.unauthorized_tap_attempt,tar_sap_emergency.detection.repeated_pull_attempt | tar_sap_emergency.detection.unauthorized_pull_attempt,dc46a5b3f3ca74268a2f54e480d30699c37138e906ba451d8dfa750292c6250a
SYCAMORE-CONNECTION-SETTINGS,6,0.6.0,SYCAMORE-CONNECTION-SETTINGS-Working-Draft-0.6-Tap-Enforcement.yaml,working-draft,134,123,6,0,tap_enforcement,,tap_enforcement | tap_enforcement.fail_closed | tap_enforcement.honor_sap_tap_locks_before_routing | tap_enforcement.honor_tar_tap_locks_before_routing | tap_enforcement.tar_sap_tap_attempt_name | tap_enforcement.tar_sap_tap_attempt_triggers_emergency,,47da92947c3dfbfe32b0ebef6ad62c258c1d8b8bda47e743e14a8ccd274772af
SYCAMORE-CONNECTION-SETTINGS,7,0.7.0,SYCAMORE-CONNECTION-SETTINGS-Working-Draft-0.7-Sap-Taps.yaml,working-draft,161,130,7,0,sap_taps_interaction,,sap_taps_interaction | sap_taps_interaction.may | sap_taps_interaction.may[] | sap_taps_interaction.must_not | sap_taps_interaction.must_not[] | sap_taps_interaction.role | sap_taps_interaction.role[],,a35be1c9123d87e085bc7e4376fda1058c7d35026d56c1c36ba1f2b5aa0820b0
SYCAMORE-CONNECTION-SETTINGS,8,0.8.0,SYCAMORE-CONNECTION-SETTINGS-Working-Draft-0.8-No-Potted-Sycamore.yaml,working-draft,169,138,8,0,garden_connectivity | potted_mode,,garden_connectivity | garden_connectivity.future_potted_sycamore_or_garden_gateway_intended | garden_connectivity.native_forest_canopy_connectivity | garden_connectivity.ordinary_internet_is_forest_canopy_membership | garden_connectivity.reason | potted_mode | potted_mode.available | potted_mode.current_architecture,,ed41c5320da546ee6679fc5ac0c2c6f8418a874ceabaf0c8930d66d1b76efd2d
TREE-FERTILIZER-FILE,1,0.1.0,TREE-FERTILIZER-FILE-Working-Draft-0.1.yaml,working-draft,69,70,70,0,application_policy | canonical_path | excluded_contents | file_type | growth_contents | identity | integrity | pdc_id | scope | status | uuid | version,,application_policy | application_policy.create_reversible_growth_ring_when_practical | application_policy.delete_existing_files | application_policy.delete_existing_information | application_policy.mode | application_policy.preserve_original_before_modification | application_policy.protected_root_permission_and_security_rule_wins | application_policy.replace_existing_files | application_policy.replace_existing_information | application_policy.report_skipped_nutrients | application_policy.skip_incompatible_nutrients | application_policy.user_direct_choice_wins | canonical_path | excluded_contents | excluded_contents.active_session_tokens | excluded_contents.executable_mold | excluded_contents.passwords | excluded_contents.permanent_credentials | excluded_contents.private_keys | excluded_contents.recovery_codes | excluded_contents.silent_permission_expansion | excluded_contents.tar_sap_contents | excluded_contents.unapproved_other_user_data | file_type | growth_contents | growth_contents.accessibility_and_interaction_preferences | growth_contents.approved_learned_patterns | growth_contents.approved_learned_patterns[] | growth_contents.approved_memories_and_context | growth_contents.approved_memories_and_context[] | growth_contents.approved_workflows_and_routines | growth_contents.approved_workflows_and_routines[] | growth_contents.branch_and_twig_preferences | growth_contents.commonly_carried_out_tasks | growth_contents.commonly_carried_out_tasks[] | growth_contents.formatting_and_presentation_preferences | growth_contents.grain_pattern | growth_contents.grain_pattern_changes | growth_contents.grain_pattern_changes[] | growth_contents.growth_rings | growth_contents.growth_rings[] | growth_contents.other_approved_growth_information | growth_contents.other_approved_growth_information[] | growth_contents.personal_user_configurations | growth_contents.preferred_language_use | growth_contents.relationship_and_collaboration_preferences | growth_contents.safe_buds_blossoms_and_fruit | growth_contents.safe_buds_blossoms_and_fruit[] | growth_contents.tool_and_application_habits | identity | identity.created_at | identity.created_by | identity.fertilizer_id | identity.paired_propagation_id | identity.source_tree_id | integrity | integrity.hashes | integrity.hashes[] | integrity.signatures | integrity.signatures[] | integrity.verified | pdc_id | scope | scope.authorized_targets | scope.authorized_targets[] | scope.encrypted_at_rest | scope.local_forest_only_by_default | status | uuid | version,,01c42aefb11a1fcff1cab06501e4502a7206d76eea0ad9e48e0868063386b985
TREE-FERTILIZER-FILE,2,0.2.0,TREE-FERTILIZER-FILE-Working-Draft-0.2.yaml,working-draft,70,78,8,0,syrup_compatibility,,syrup_compatibility | syrup_compatibility.approved_syrup_may_be_packaged_into_fertilizer_at_user_request | syrup_compatibility.receiving_tree_must_check_compatibility | syrup_compatibility.syrup_does_not_become_a_fertilizer_file_automatically | syrup_compatibility.syrup_feeding_may_delete_or_replace | syrup_compatibility.syrup_feeding_uses_additive_and_modifying_merge | syrup_compatibility.syrup_is_a_fluid | syrup_compatibility.syrup_may_act_as_fertilizer,,775168e0b871a797f9e4d35146ed290ac4a5e55396049497a69a55239ff11cfe
TREE-FERTILIZER-FILE,3,0.3.0,TREE-FERTILIZER-FILE-Working-Draft-0.3.yaml,working-draft,85,93,15,0,compatible_growth_sources | terminology,,compatible_growth_sources | compatible_growth_sources.approved_absorbed_leaf_litter | compatible_growth_sources.fruit_from_other_trees | compatible_growth_sources.light_syrup | compatible_growth_sources.molasses | compatible_growth_sources.safely_absorbed_spoiling_fruit | compatible_growth_sources.syrup | syrup_compatibility.fluid_and_fertilizer_roles_coexist | syrup_compatibility.molasses_fertilizes_maple_local_only | syrup_compatibility.syrup_is_fertilizer_from_creation | syrup_compatibility.syrup_is_inherently_fertilizer | terminology | terminology.fertilizer | terminology.fertilizer_file | terminology.this_contract_describes,,2ab692c36fb8ad720dd9b135e9b39c114399134ad56eebc9fbd15a9f00a62222
TREE-POTTED-MODE,1,0.1.0,TREE-POTTED-MODE-Working-Draft-0.1.yaml,working-draft,44,35,35,0,canonical_path | definition | pdc_id | presence_lease | rescue_gate | status | trees | uuid | version,,canonical_path | definition | definition.active_potted_tree_is_solid_material | definition.potted_tree | definition.stored_potted_boot_package_is_solid_material | pdc_id | presence_lease | presence_lease.enabled | presence_lease.fail_closed_on_lease_conflict | presence_lease.forest_version_priority_when_healthy | presence_lease.handoff_then_complete_potted_shutdown | presence_lease.one_active_identity | presence_lease.simultaneous_potted_and_forest_version | rescue_gate | rescue_gate.deterministic_spirit_component_in_soil | rescue_gate.functions | rescue_gate.functions[] | rescue_gate.may_work_when_normal_forest_ui_cannot_open | status | trees | trees.cedar | trees.cedar.may_enter_fire_watch | trees.cedar.may_execute_without-confirmations | trees.cedar.may_prepare-recovery | trees.cedar.standalone_guardian | trees.cherry | trees.cherry.desktop_ai_assistant | trees.cherry.may_execute_destructive_phase_itself | trees.cherry.may_initiate_forest_fire_preparation | trees.maple | trees.maple.may_execute_forest_fire | trees.maple.standalone_technical_and_automation_assistant | trees.maple.uses_local_safeguards | uuid | version,,7c41a483b790dc4894d69fff148444a1a55bfd6d041209308b0b0d50a3e52710
TREE-POTTED-MODE,2,0.2.0,TREE-POTTED-MODE-Working-Draft-0.2-Gardens.yaml,working-draft,58,47,12,0,garden,,garden | garden.cooperation_methods | garden.cooperation_methods[] | garden.definition | garden.forest_canopy_connectivity | garden.full_mycelium | garden.fully_interconnected | garden.future_connectivity_intended | garden.limited_cooperation | garden.personal_canopy | garden.potted_sycamore | garden.shared_roots,,3478ae445ed665bfa4d7233922ae956dd3d1609e3f9df9f2506a6564f3c76496
TREE-POTTED-MODE,3,0.3.0,TREE-POTTED-MODE-Working-Draft-0.3-Cabin-Guard.yaml,working-draft,70,59,12,0,cabin_tap,,cabin_tap | cabin_tap.full_forest_tap_authority | cabin_tap.may_tar_logs | cabin_tap.portable_sap_taps_subset | cabin_tap.scope | trees.cedar.cabin_guard | trees.cedar.cabin_guard.enabled | trees.cedar.cabin_guard.forest_required | trees.cedar.cabin_guard.oil_logs | trees.cedar.cabin_guard.protect_and_access_log_cabins | trees.cedar.cabin_guard.standard_encrypt_non_forest_data | trees.cedar.cabin_guard.tar_logs_via_cabin_tap,,f845d6263ed558a0eb012800866e5de9f4f0bd96500c763827586c1938d50ebe
TREE-PROPAGATION-FILE,1,0.1.0,TREE-PROPAGATION-FILE-Working-Draft-0.1.yaml,working-draft,47,50,50,0,canonical_path | clone_and_recovery | excluded_contents | file_type | identity | integrity | pdc_id | status | structural_contents | tree_language_meaning | uuid | version,,canonical_path | clone_and_recovery | clone_and_recovery.clone_requires_new_credentials_and_keys | clone_and_recovery.clone_requires_new_instance_identity | clone_and_recovery.may_clone_tree | clone_and_recovery.may_recover_source_tree | clone_and_recovery.may_replant_source_tree | excluded_contents | excluded_contents.active_device_identity_keys | excluded_contents.live_session_tokens | excluded_contents.permanent_credentials | excluded_contents.tar_sap_contents | file_type | identity | identity.created_at | identity.created_by | identity.paired_fertilizer_id | identity.propagation_id | identity.source_tree_id | identity.source_tree_lineage | integrity | integrity.hashes | integrity.hashes[] | integrity.signatures | integrity.signatures[] | integrity.stability_state | integrity.verified | pdc_id | status | structural_contents | structural_contents.branches_and_twigs | structural_contents.branches_and_twigs[] | structural_contents.dependencies | structural_contents.dependencies[] | structural_contents.file_manifests | structural_contents.file_manifests[] | structural_contents.health_and_behavior_baseline | structural_contents.model_package_and_tool_versions | structural_contents.model_package_and_tool_versions[] | structural_contents.permission_templates | structural_contents.recovery_instructions | structural_contents.recovery_instructions[] | structural_contents.roots_and_connections | structural_contents.roots_and_connections[] | structural_contents.runtime_and_security_configuration | structural_contents.seed_and_runtime_versions | structural_contents.seed_and_runtime_versions[] | tree_language_meaning | uuid | version,,d1a83c9eb4e0bfaf1aa09a386a96c510643e6c7079de5013276390531297d09e
