sha256	copies	size_each	path
e3b0c44298fc1c149afbf4c8996fb92427ae41e4649b934ca495991b7852b855	278	0	Downloads/The Forest Project/The Forest Project-backup-2026-08-08/The-Forest-Project-zeta/System/Qubes OS/Qubes OS.md
e3b0c44298fc1c149afbf4c8996fb92427ae41e4649b934ca495991b7852b855	278	0	Downloads/The Forest Project/The Forest Project-backup-2026-08-08/The-Forest-Project-zeta/Trees/True Trees/Bristlecone Pine/Temp Test.md
e3b0c44298fc1c149afbf4c8996fb92427ae41e4649b934ca495991b7852b855	278	0	Downloads/The Forest Project/The Forest Project-backup-2026-08-08/The-Forest-Project-zeta/Trees/True Trees/Cedar/Ceder.md
e3b0c44298fc1c149afbf4c8996fb92427ae41e4649b934ca495991b7852b855	278	0	Downloads/The Forest Project/The Forest Project-backup-2026-08-08/The-Forest-Project-zeta/Trees/True Trees/Cherry/Cherry.md
e3b0c44298fc1c149afbf4c8996fb92427ae41e4649b934ca495991b7852b855	278	0	Downloads/The Forest Project/The Forest Project-backup-2026-08-08/The-Forest-Project-zeta/Trees/True Trees/Maple/Maple.md
e3b0c44298fc1c149afbf4c8996fb92427ae41e4649b934ca495991b7852b855	278	0	Downloads/The Forest Project/The Forest Project-backup-2026-08-08/The-Forest-Project-zeta/Trees/True Trees/Sycamore/Sycamore.md
e3b0c44298fc1c149afbf4c8996fb92427ae41e4649b934ca495991b7852b855	278	0	The-Forest/bristlecone/certification/phase14_11J2/J2_RESULT_FIELD_MAP.txt
e3b0c44298fc1c149afbf4c8996fb92427ae41e4649b934ca495991b7852b855	278	0	The-Forest/bristlecone/runtime/__init__.py
e3b0c44298fc1c149afbf4c8996fb92427ae41e4649b934ca495991b7852b855	278	0	The-Forest/bristlecone/state/.active.yaml.lock
e3b0c44298fc1c149afbf4c8996fb92427ae41e4649b934ca495991b7852b855	278	0	leaf-litter/The Forest Project/The Forest Project-backup-2026-08-08/The-Forest-Project-zeta/System/Qubes OS/Qubes OS.md
e3b0c44298fc1c149afbf4c8996fb92427ae41e4649b934ca495991b7852b855	278	0	leaf-litter/The Forest Project/The Forest Project-backup-2026-08-08/The-Forest-Project-zeta/Trees/True Trees/Bristlecone Pine/Temp Test.md
e3b0c44298fc1c149afbf4c8996fb92427ae41e4649b934ca495991b7852b855	278	0	leaf-litter/The Forest Project/The Forest Project-backup-2026-08-08/The-Forest-Project-zeta/Trees/True Trees/Cedar/Ceder.md
e3b0c44298fc1c149afbf4c8996fb92427ae41e4649b934ca495991b7852b855	278	0	leaf-litter/The Forest Project/The Forest Project-backup-2026-08-08/The-Forest-Project-zeta/Trees/True Trees/Cherry/Cherry.md
e3b0c44298fc1c149afbf4c8996fb92427ae41e4649b934ca495991b7852b855	278	0	leaf-litter/The Forest Project/The Forest Project-backup-2026-08-08/The-Forest-Project-zeta/Trees/True Trees/Maple/Maple.md
e3b0c44298fc1c149afbf4c8996fb92427ae41e4649b934ca495991b7852b855	278	0	leaf-litter/The Forest Project/The Forest Project-backup-2026-08-08/The-Forest-Project-zeta/Trees/True Trees/Sycamore/Sycamore.md
e3b0c44298fc1c149afbf4c8996fb92427ae41e4649b934ca495991b7852b855	278	0	leaf-litter/pdc-forest-language/README.md
e3b0c44298fc1c149afbf4c8996fb92427ae41e4649b934ca495991b7852b855	278	0	leaf-litter/pdc-forest-language/design/README.md
e3b0c44298fc1c149afbf4c8996fb92427ae41e4649b934ca495991b7852b855	278	0	leaf-litter/pdc-forest-language/entries/README.md
e3b0c44298fc1c149afbf4c8996fb92427ae41e4649b934ca495991b7852b855	278	0	leaf-litter/pdc-forest-language/governance/README.md
e3b0c44298fc1c149afbf4c8996fb92427ae41e4649b934ca495991b7852b855	278	0	leaf-litter/pdc-forest-language/language/README.md
e3b0c44298fc1c149afbf4c8996fb92427ae41e4649b934ca495991b7852b855	278	0	leaf-litter/pdc-forest-language/specifications/README.md
e3b0c44298fc1c149afbf4c8996fb92427ae41e4649b934ca495991b7852b855	278	0	leaf-litter/pdc-forest-language/templates/README.md
e3b0c44298fc1c149afbf4c8996fb92427ae41e4649b934ca495991b7852b855	278	0	project-digital-cross/.github/ISSUE_TEMPLATE/README.md
e3b0c44298fc1c149afbf4c8996fb92427ae41e4649b934ca495991b7852b855	278	0	project-digital-cross/.github/README.md
e3b0c44298fc1c149afbf4c8996fb92427ae41e4649b934ca495991b7852b855	278	0	project-digital-cross/.github/workflows/README.md
e3b0c44298fc1c149afbf4c8996fb92427ae41e4649b934ca495991b7852b855	278	0	project-digital-cross/CODE_OF_CONDUCT.md
e3b0c44298fc1c149afbf4c8996fb92427ae41e4649b934ca495991b7852b855	278	0	project-digital-cross/CONTRIBUTING.md
e3b0c44298fc1c149afbf4c8996fb92427ae41e4649b934ca495991b7852b855	278	0	project-digital-cross/LICENSE
e3b0c44298fc1c149afbf4c8996fb92427ae41e4649b934ca495991b7852b855	278	0	project-digital-cross/README.md
e3b0c44298fc1c149afbf4c8996fb92427ae41e4649b934ca495991b7852b855	278	0	project-digital-cross/SECURITY.md
e3b0c44298fc1c149afbf4c8996fb92427ae41e4649b934ca495991b7852b855	278	0	project-digital-cross/assets/README.md
e3b0c44298fc1c149afbf4c8996fb92427ae41e4649b934ca495991b7852b855	278	0	project-digital-cross/constitution/PDC-CONSTITUTION.md
e3b0c44298fc1c149afbf4c8996fb92427ae41e4649b934ca495991b7852b855	278	0	project-digital-cross/constitution/README.md
e3b0c44298fc1c149afbf4c8996fb92427ae41e4649b934ca495991b7852b855	278	0	project-digital-cross/deployments/README.md
e3b0c44298fc1c149afbf4c8996fb92427ae41e4649b934ca495991b7852b855	278	0	project-digital-cross/deployments/earth/README.md
e3b0c44298fc1c149afbf4c8996fb92427ae41e4649b934ca495991b7852b855	278	0	project-digital-cross/deployments/plantings/README.md
e3b0c44298fc1c149afbf4c8996fb92427ae41e4649b934ca495991b7852b855	278	0	project-digital-cross/deployments/sprouts/README.md
e3b0c44298fc1c149afbf4c8996fb92427ae41e4649b934ca495991b7852b855	278	0	project-digital-cross/design/README.md
e3b0c44298fc1c149afbf4c8996fb92427ae41e4649b934ca495991b7852b855	278	0	project-digital-cross/design/components/FOREST-GUIDE.md
e3b0c44298fc1c149afbf4c8996fb92427ae41e4649b934ca495991b7852b855	278	0	project-digital-cross/design/components/FOREST-SIGNATURE.md
e3b0c44298fc1c149afbf4c8996fb92427ae41e4649b934ca495991b7852b855	278	0	project-digital-cross/design/components/README.md
e3b0c44298fc1c149afbf4c8996fb92427ae41e4649b934ca495991b7852b855	278	0	project-digital-cross/design/components/SEASON-METADATA.md
e3b0c44298fc1c149afbf4c8996fb92427ae41e4649b934ca495991b7852b855	278	0	project-digital-cross/design/components/TRIPLE-IDENTITY.md
e3b0c44298fc1c149afbf4c8996fb92427ae41e4649b934ca495991b7852b855	278	0	project-digital-cross/design/examples/ADR-EXAMPLE.md
e3b0c44298fc1c149afbf4c8996fb92427ae41e4649b934ca495991b7852b855	278	0	project-digital-cross/design/examples/ICR-EXAMPLE.md
e3b0c44298fc1c149afbf4c8996fb92427ae41e4649b934ca495991b7852b855	278	0	project-digital-cross/design/examples/PR-EXAMPLE.md
e3b0c44298fc1c149afbf4c8996fb92427ae41e4649b934ca495991b7852b855	278	0	project-digital-cross/design/examples/README.md
e3b0c44298fc1c149afbf4c8996fb92427ae41e4649b934ca495991b7852b855	278	0	project-digital-cross/design/language/PDC-DOC-STYLE.md
e3b0c44298fc1c149afbf4c8996fb92427ae41e4649b934ca495991b7852b855	278	0	project-digital-cross/design/language/README.md
e3b0c44298fc1c149afbf4c8996fb92427ae41e4649b934ca495991b7852b855	278	0	project-digital-cross/docs/README.md
e3b0c44298fc1c149afbf4c8996fb92427ae41e4649b934ca495991b7852b855	278	0	project-digital-cross/docs/architecture/README.md
e3b0c44298fc1c149afbf4c8996fb92427ae41e4649b934ca495991b7852b855	278	0	project-digital-cross/docs/forest/README.md
e3b0c44298fc1c149afbf4c8996fb92427ae41e4649b934ca495991b7852b855	278	0	project-digital-cross/docs/glossary/README.md
e3b0c44298fc1c149afbf4c8996fb92427ae41e4649b934ca495991b7852b855	278	0	project-digital-cross/docs/onboarding/README.md
e3b0c44298fc1c149afbf4c8996fb92427ae41e4649b934ca495991b7852b855	278	0	project-digital-cross/docs/research/README.md
e3b0c44298fc1c149afbf4c8996fb92427ae41e4649b934ca495991b7852b855	278	0	project-digital-cross/docs/roadmap/README.md
e3b0c44298fc1c149afbf4c8996fb92427ae41e4649b934ca495991b7852b855	278	0	project-digital-cross/governance/README.md
e3b0c44298fc1c149afbf4c8996fb92427ae41e4649b934ca495991b7852b855	278	0	project-digital-cross/governance/index/path-index.yaml
e3b0c44298fc1c149afbf4c8996fb92427ae41e4649b934ca495991b7852b855	278	0	project-digital-cross/governance/index/pdc-index.yaml
e3b0c44298fc1c149afbf4c8996fb92427ae41e4649b934ca495991b7852b855	278	0	project-digital-cross/governance/index/relationship-index.yam
e3b0c44298fc1c149afbf4c8996fb92427ae41e4649b934ca495991b7852b855	278	0	project-digital-cross/governance/index/uuid-index.yaml
e3b0c44298fc1c149afbf4c8996fb92427ae41e4649b934ca495991b7852b855	278	0	project-digital-cross/governance/relationships/RELATIONSHIP-SPEC.md
e3b0c44298fc1c149afbf4c8996fb92427ae41e4649b934ca495991b7852b855	278	0	project-digital-cross/governance/relationships/relationship-types.yaml
e3b0c44298fc1c149afbf4c8996fb92427ae41e4649b934ca495991b7852b855	278	0	project-digital-cross/governance/schemas/README.md
e3b0c44298fc1c149afbf4c8996fb92427ae41e4649b934ca495991b7852b855	278	0	project-digital-cross/governance/schemas/relationship.schema.json
e3b0c44298fc1c149afbf4c8996fb92427ae41e4649b934ca495991b7852b855	278	0	project-digital-cross/governance/schemas/tree.schema.json
e3b0c44298fc1c149afbf4c8996fb92427ae41e4649b934ca495991b7852b855	278	0	project-digital-cross/governance/schemas/universal-record.schema.json
e3b0c44298fc1c149afbf4c8996fb92427ae41e4649b934ca495991b7852b855	278	0	project-digital-cross/governance/specifications/ADR-SPEC.md
e3b0c44298fc1c149afbf4c8996fb92427ae41e4649b934ca495991b7852b855	278	0	project-digital-cross/governance/specifications/BPR-SPEC.md
e3b0c44298fc1c149afbf4c8996fb92427ae41e4649b934ca495991b7852b855	278	0	project-digital-cross/governance/specifications/ICR-SPEC.md
e3b0c44298fc1c149afbf4c8996fb92427ae41e4649b934ca495991b7852b855	278	0	project-digital-cross/governance/specifications/MRR-SPEC.md
e3b0c44298fc1c149afbf4c8996fb92427ae41e4649b934ca495991b7852b855	278	0	project-digital-cross/governance/specifications/NCR-SPEC.md
e3b0c44298fc1c149afbf4c8996fb92427ae41e4649b934ca495991b7852b855	278	0	project-digital-cross/governance/specifications/OPR-SPEC.md
e3b0c44298fc1c149afbf4c8996fb92427ae41e4649b934ca495991b7852b855	278	0	project-digital-cross/governance/specifications/PDC-DOC-SPEC.md
e3b0c44298fc1c149afbf4c8996fb92427ae41e4649b934ca495991b7852b855	278	0	project-digital-cross/governance/specifications/PR-SPEC.md
e3b0c44298fc1c149afbf4c8996fb92427ae41e4649b934ca495991b7852b855	278	0	project-digital-cross/governance/specifications/RCR-SPEC.md
e3b0c44298fc1c149afbf4c8996fb92427ae41e4649b934ca495991b7852b855	278	0	project-digital-cross/governance/specifications/README.md
e3b0c44298fc1c149afbf4c8996fb92427ae41e4649b934ca495991b7852b855	278	0	project-digital-cross/governance/specifications/SCR-SPEC.md
e3b0c44298fc1c149afbf4c8996fb92427ae41e4649b934ca495991b7852b855	278	0	project-digital-cross/governance/standards/PDC-STD-0001-Markdown.md
e3b0c44298fc1c149afbf4c8996fb92427ae41e4649b934ca495991b7852b855	278	0	project-digital-cross/governance/standards/PDC-STD-0002-Metadata.md
e3b0c44298fc1c149afbf4c8996fb92427ae41e4649b934ca495991b7852b855	278	0	project-digital-cross/governance/standards/PDC-STD-0003-Identifier.md
e3b0c44298fc1c149afbf4c8996fb92427ae41e4649b934ca495991b7852b855	278	0	project-digital-cross/governance/standards/PDC-STD-0004-CrossReferences.md
e3b0c44298fc1c149afbf4c8996fb92427ae41e4649b934ca495991b7852b855	278	0	project-digital-cross/governance/standards/PDC-STD-0005-Versioning.md
e3b0c44298fc1c149afbf4c8996fb92427ae41e4649b934ca495991b7852b855	278	0	project-digital-cross/governance/standards/PDC-STD-0006-RepositoryLayout.md
e3b0c44298fc1c149afbf4c8996fb92427ae41e4649b934ca495991b7852b855	278	0	project-digital-cross/governance/standards/PDC-STD-0007-DocumentDesign.md
e3b0c44298fc1c149afbf4c8996fb92427ae41e4649b934ca495991b7852b855	278	0	project-digital-cross/governance/standards/README.md
e3b0c44298fc1c149afbf4c8996fb92427ae41e4649b934ca495991b7852b855	278	0	project-digital-cross/governance/validation/README.md
e3b0c44298fc1c149afbf4c8996fb92427ae41e4649b934ca495991b7852b855	278	0	project-digital-cross/governance/validation/rules/README.md
e3b0c44298fc1c149afbf4c8996fb92427ae41e4649b934ca495991b7852b855	278	0	project-digital-cross/governance/validation/tests/README.md
e3b0c44298fc1c149afbf4c8996fb92427ae41e4649b934ca495991b7852b855	278	0	project-digital-cross/heart/README.md
e3b0c44298fc1c149afbf4c8996fb92427ae41e4649b934ca495991b7852b855	278	0	project-digital-cross/heart/consensus/README.md
e3b0c44298fc1c149afbf4c8996fb92427ae41e4649b934ca495991b7852b855	278	0	project-digital-cross/heart/growth/README.md
e3b0c44298fc1c149afbf4c8996fb92427ae41e4649b934ca495991b7852b855	278	0	project-digital-cross/heart/identity/README.md
e3b0c44298fc1c149afbf4c8996fb92427ae41e4649b934ca495991b7852b855	278	0	project-digital-cross/heart/memory/README.md
e3b0c44298fc1c149afbf4c8996fb92427ae41e4649b934ca495991b7852b855	278	0	project-digital-cross/heart/mycelium/README.md
e3b0c44298fc1c149afbf4c8996fb92427ae41e4649b934ca495991b7852b855	278	0	project-digital-cross/heart/object-graph/README.md
e3b0c44298fc1c149afbf4c8996fb92427ae41e4649b934ca495991b7852b855	278	0	project-digital-cross/heart/reasoning/README.md
e3b0c44298fc1c149afbf4c8996fb92427ae41e4649b934ca495991b7852b855	278	0	project-digital-cross/heart/registry/README.md
e3b0c44298fc1c149afbf4c8996fb92427ae41e4649b934ca495991b7852b855	278	0	project-digital-cross/heart/roots/README.md
e3b0c44298fc1c149afbf4c8996fb92427ae41e4649b934ca495991b7852b855	278	0	project-digital-cross/heart/roots/root-map.yaml
e3b0c44298fc1c149afbf4c8996fb92427ae41e4649b934ca495991b7852b855	278	0	project-digital-cross/heart/streams/README.md
e3b0c44298fc1c149afbf4c8996fb92427ae41e4649b934ca495991b7852b855	278	0	project-digital-cross/heart/validation/README.md
e3b0c44298fc1c149afbf4c8996fb92427ae41e4649b934ca495991b7852b855	278	0	project-digital-cross/leaf-litter/README.md
e3b0c44298fc1c149afbf4c8996fb92427ae41e4649b934ca495991b7852b855	278	0	project-digital-cross/leaf-litter/broken/README.md
e3b0c44298fc1c149afbf4c8996fb92427ae41e4649b934ca495991b7852b855	278	0	project-digital-cross/leaf-litter/discarded/README.md
e3b0c44298fc1c149afbf4c8996fb92427ae41e4649b934ca495991b7852b855	278	0	project-digital-cross/leaf-litter/failed-experiments/README.md
e3b0c44298fc1c149afbf4c8996fb92427ae41e4649b934ca495991b7852b855	278	0	project-digital-cross/leaf-litter/superseded/README.md
e3b0c44298fc1c149afbf4c8996fb92427ae41e4649b934ca495991b7852b855	278	0	project-digital-cross/meta/README.md
e3b0c44298fc1c149afbf4c8996fb92427ae41e4649b934ca495991b7852b855	278	0	project-digital-cross/meta/changelog/README.md
e3b0c44298fc1c149afbf4c8996fb92427ae41e4649b934ca495991b7852b855	278	0	project-digital-cross/meta/growth-rings/README.md
e3b0c44298fc1c149afbf4c8996fb92427ae41e4649b934ca495991b7852b855	278	0	project-digital-cross/meta/migrations/README.md
e3b0c44298fc1c149afbf4c8996fb92427ae41e4649b934ca495991b7852b855	278	0	project-digital-cross/meta/releases/README.md
e3b0c44298fc1c149afbf4c8996fb92427ae41e4649b934ca495991b7852b855	278	0	project-digital-cross/meta/seasons/README.md
e3b0c44298fc1c149afbf4c8996fb92427ae41e4649b934ca495991b7852b855	278	0	project-digital-cross/records/README.md
e3b0c44298fc1c149afbf4c8996fb92427ae41e4649b934ca495991b7852b855	278	0	project-digital-cross/records/architecture/ADR-0001-Governance-First-Development.md
e3b0c44298fc1c149afbf4c8996fb92427ae41e4649b934ca495991b7852b855	278	0	project-digital-cross/records/architecture/README.md
e3b0c44298fc1c149afbf4c8996fb92427ae41e4649b934ca495991b7852b855	278	0	project-digital-cross/records/bugs/README.md
e3b0c44298fc1c149afbf4c8996fb92427ae41e4649b934ca495991b7852b855	278	0	project-digital-cross/records/infrastructure/ICR-0001-GoDaddy-To-Proton-Migration.md
e3b0c44298fc1c149afbf4c8996fb92427ae41e4649b934ca495991b7852b855	278	0	project-digital-cross/records/infrastructure/README.md
e3b0c44298fc1c149afbf4c8996fb92427ae41e4649b934ca495991b7852b855	278	0	project-digital-cross/records/memory/README.md
e3b0c44298fc1c149afbf4c8996fb92427ae41e4649b934ca495991b7852b855	278	0	project-digital-cross/records/networking/README.md
e3b0c44298fc1c149afbf4c8996fb92427ae41e4649b934ca495991b7852b855	278	0	project-digital-cross/records/operations/README.md
e3b0c44298fc1c149afbf4c8996fb92427ae41e4649b934ca495991b7852b855	278	0	project-digital-cross/records/principles/PR-0001-Human-Centered-Engineering.md
e3b0c44298fc1c149afbf4c8996fb92427ae41e4649b934ca495991b7852b855	278	0	project-digital-cross/records/principles/README.md
e3b0c44298fc1c149afbf4c8996fb92427ae41e4649b934ca495991b7852b855	278	0	project-digital-cross/records/requests/README.md
e3b0c44298fc1c149afbf4c8996fb92427ae41e4649b934ca495991b7852b855	278	0	project-digital-cross/records/security/README.md
e3b0c44298fc1c149afbf4c8996fb92427ae41e4649b934ca495991b7852b855	278	0	project-digital-cross/templates/constitution/CONSTITUTION-TEMPLATE.md
e3b0c44298fc1c149afbf4c8996fb92427ae41e4649b934ca495991b7852b855	278	0	project-digital-cross/templates/records/architecture/ADR-TEMPLATE.md
e3b0c44298fc1c149afbf4c8996fb92427ae41e4649b934ca495991b7852b855	278	0	project-digital-cross/templates/records/bugs/BPR-TEMPLATE.md
e3b0c44298fc1c149afbf4c8996fb92427ae41e4649b934ca495991b7852b855	278	0	project-digital-cross/templates/records/infrastructure/ICR-TEMPLATE.md
e3b0c44298fc1c149afbf4c8996fb92427ae41e4649b934ca495991b7852b855	278	0	project-digital-cross/templates/records/memory/MRR-TEMPLATE.md
e3b0c44298fc1c149afbf4c8996fb92427ae41e4649b934ca495991b7852b855	278	0	project-digital-cross/templates/records/networking/NCR-TEMPLATE.md
e3b0c44298fc1c149afbf4c8996fb92427ae41e4649b934ca495991b7852b855	278	0	project-digital-cross/templates/records/operations/OPR-TEMPLATE.md
e3b0c44298fc1c149afbf4c8996fb92427ae41e4649b934ca495991b7852b855	278	0	project-digital-cross/templates/records/principles/PR-TEMPLATE.md
e3b0c44298fc1c149afbf4c8996fb92427ae41e4649b934ca495991b7852b855	278	0	project-digital-cross/templates/records/requests/RCR-TEMPLATE.md
e3b0c44298fc1c149afbf4c8996fb92427ae41e4649b934ca495991b7852b855	278	0	project-digital-cross/templates/records/security/SCR-TEMPLATE.md
e3b0c44298fc1c149afbf4c8996fb92427ae41e4649b934ca495991b7852b855	278	0	project-digital-cross/templates/specifications/SPECIFICATION-TEMPLATE.md
e3b0c44298fc1c149afbf4c8996fb92427ae41e4649b934ca495991b7852b855	278	0	project-digital-cross/templates/standards/STANDARD-TEMPLATE.md
e3b0c44298fc1c149afbf4c8996fb92427ae41e4649b934ca495991b7852b855	278	0	project-digital-cross/templates/universal/PDC-UNIVERSAL-RECORD-TEMPLATE.md
e3b0c44298fc1c149afbf4c8996fb92427ae41e4649b934ca495991b7852b855	278	0	project-digital-cross/templates/universal/README.md
e3b0c44298fc1c149afbf4c8996fb92427ae41e4649b934ca495991b7852b855	278	0	project-digital-cross/trees/README.md
e3b0c44298fc1c149afbf4c8996fb92427ae41e4649b934ca495991b7852b855	278	0	project-digital-cross/trees/cherry/README.md
e3b0c44298fc1c149afbf4c8996fb92427ae41e4649b934ca495991b7852b855	278	0	project-digital-cross/trees/cherry/TREE.yaml
e3b0c44298fc1c149afbf4c8996fb92427ae41e4649b934ca495991b7852b855	278	0	project-digital-cross/trees/cherry/bark/README.md
e3b0c44298fc1c149afbf4c8996fb92427ae41e4649b934ca495991b7852b855	278	0	project-digital-cross/trees/cherry/bark/api/README.md
e3b0c44298fc1c149afbf4c8996fb92427ae41e4649b934ca495991b7852b855	278	0	project-digital-cross/trees/cherry/bark/desktop/README.md
e3b0c44298fc1c149afbf4c8996fb92427ae41e4649b934ca495991b7852b855	278	0	project-digital-cross/trees/cherry/bark/mobile/README.md
e3b0c44298fc1c149afbf4c8996fb92427ae41e4649b934ca495991b7852b855	278	0	project-digital-cross/trees/cherry/bark/terminal/README.md
e3b0c44298fc1c149afbf4c8996fb92427ae41e4649b934ca495991b7852b855	278	0	project-digital-cross/trees/cherry/bark/voice/README.md
e3b0c44298fc1c149afbf4c8996fb92427ae41e4649b934ca495991b7852b855	278	0	project-digital-cross/trees/cherry/bark/web/README.md
e3b0c44298fc1c149afbf4c8996fb92427ae41e4649b934ca495991b7852b855	278	0	project-digital-cross/trees/cherry/branches/README.md
e3b0c44298fc1c149afbf4c8996fb92427ae41e4649b934ca495991b7852b855	278	0	project-digital-cross/trees/cherry/branches/conversation/README.md
e3b0c44298fc1c149afbf4c8996fb92427ae41e4649b934ca495991b7852b855	278	0	project-digital-cross/trees/cherry/branches/education/README.md
e3b0c44298fc1c149afbf4c8996fb92427ae41e4649b934ca495991b7852b855	278	0	project-digital-cross/trees/cherry/branches/governance/README.md
e3b0c44298fc1c149afbf4c8996fb92427ae41e4649b934ca495991b7852b855	278	0	project-digital-cross/trees/cherry/branches/organization/README.md
e3b0c44298fc1c149afbf4c8996fb92427ae41e4649b934ca495991b7852b855	278	0	project-digital-cross/trees/cherry/branches/planning/README.md
e3b0c44298fc1c149afbf4c8996fb92427ae41e4649b934ca495991b7852b855	278	0	project-digital-cross/trees/cherry/branches/research/README.md
e3b0c44298fc1c149afbf4c8996fb92427ae41e4649b934ca495991b7852b855	278	0	project-digital-cross/trees/cherry/capabilities/README.md
e3b0c44298fc1c149afbf4c8996fb92427ae41e4649b934ca495991b7852b855	278	0	project-digital-cross/trees/cherry/configuration/README.md
e3b0c44298fc1c149afbf4c8996fb92427ae41e4649b934ca495991b7852b855	278	0	project-digital-cross/trees/cherry/grain/README.md
e3b0c44298fc1c149afbf4c8996fb92427ae41e4649b934ca495991b7852b855	278	0	project-digital-cross/trees/cherry/grain/grain.yaml
e3b0c44298fc1c149afbf4c8996fb92427ae41e4649b934ca495991b7852b855	278	0	project-digital-cross/trees/cherry/learning/README.md
e3b0c44298fc1c149afbf4c8996fb92427ae41e4649b934ca495991b7852b855	278	0	project-digital-cross/trees/cherry/memory/README.md
e3b0c44298fc1c149afbf4c8996fb92427ae41e4649b934ca495991b7852b855	278	0	project-digital-cross/trees/cherry/models/README.md
e3b0c44298fc1c149afbf4c8996fb92427ae41e4649b934ca495991b7852b855	278	0	project-digital-cross/trees/cherry/prompts/README.md
e3b0c44298fc1c149afbf4c8996fb92427ae41e4649b934ca495991b7852b855	278	0	project-digital-cross/trees/cherry/reasoning/README.md
e3b0c44298fc1c149afbf4c8996fb92427ae41e4649b934ca495991b7852b855	278	0	project-digital-cross/trees/cherry/reasoning/ambiguity/README.md
e3b0c44298fc1c149afbf4c8996fb92427ae41e4649b934ca495991b7852b855	278	0	project-digital-cross/trees/cherry/reasoning/confidence/README.md
e3b0c44298fc1c149afbf4c8996fb92427ae41e4649b934ca495991b7852b855	278	0	project-digital-cross/trees/cherry/reasoning/reasoning-profile.yaml
e3b0c44298fc1c149afbf4c8996fb92427ae41e4649b934ca495991b7852b855	278	0	project-digital-cross/trees/cherry/reasoning/self-correction/README.md
e3b0c44298fc1c149afbf4c8996fb92427ae41e4649b934ca495991b7852b855	278	0	project-digital-cross/trees/cherry/tests/README.md
e3b0c44298fc1c149afbf4c8996fb92427ae41e4649b934ca495991b7852b855	278	0	project-digital-cross/trees/cherry/tools/README.md
e3b0c44298fc1c149afbf4c8996fb92427ae41e4649b934ca495991b7852b855	278	0	project-digital-cross/trees/maple/README.md
e3b0c44298fc1c149afbf4c8996fb92427ae41e4649b934ca495991b7852b855	278	0	project-digital-cross/trees/maple/TREE.yaml
e3b0c44298fc1c149afbf4c8996fb92427ae41e4649b934ca495991b7852b855	278	0	project-digital-cross/trees/maple/bark/README.md
e3b0c44298fc1c149afbf4c8996fb92427ae41e4649b934ca495991b7852b855	278	0	project-digital-cross/trees/maple/bark/api/README.md
e3b0c44298fc1c149afbf4c8996fb92427ae41e4649b934ca495991b7852b855	278	0	project-digital-cross/trees/maple/bark/desktop/README.md
e3b0c44298fc1c149afbf4c8996fb92427ae41e4649b934ca495991b7852b855	278	0	project-digital-cross/trees/maple/bark/mobile/README.md
e3b0c44298fc1c149afbf4c8996fb92427ae41e4649b934ca495991b7852b855	278	0	project-digital-cross/trees/maple/bark/terminal/README.md
e3b0c44298fc1c149afbf4c8996fb92427ae41e4649b934ca495991b7852b855	278	0	project-digital-cross/trees/maple/bark/voice/README.md
e3b0c44298fc1c149afbf4c8996fb92427ae41e4649b934ca495991b7852b855	278	0	project-digital-cross/trees/maple/bark/web/README.md
e3b0c44298fc1c149afbf4c8996fb92427ae41e4649b934ca495991b7852b855	278	0	project-digital-cross/trees/maple/branches/README.md
e3b0c44298fc1c149afbf4c8996fb92427ae41e4649b934ca495991b7852b855	278	0	project-digital-cross/trees/maple/branches/architecture/README.md
e3b0c44298fc1c149afbf4c8996fb92427ae41e4649b934ca495991b7852b855	278	0	project-digital-cross/trees/maple/branches/automation/README.md
e3b0c44298fc1c149afbf4c8996fb92427ae41e4649b934ca495991b7852b855	278	0	project-digital-cross/trees/maple/branches/coding/README.md
e3b0c44298fc1c149afbf4c8996fb92427ae41e4649b934ca495991b7852b855	278	0	project-digital-cross/trees/maple/branches/debugging/README.md
e3b0c44298fc1c149afbf4c8996fb92427ae41e4649b934ca495991b7852b855	278	0	project-digital-cross/trees/maple/branches/image-generation/README.md
e3b0c44298fc1c149afbf4c8996fb92427ae41e4649b934ca495991b7852b855	278	0	project-digital-cross/trees/maple/branches/repositories/README.md
e3b0c44298fc1c149afbf4c8996fb92427ae41e4649b934ca495991b7852b855	278	0	project-digital-cross/trees/maple/branches/video-editing/README.md
e3b0c44298fc1c149afbf4c8996fb92427ae41e4649b934ca495991b7852b855	278	0	project-digital-cross/trees/maple/branches/video-generation/README.md
e3b0c44298fc1c149afbf4c8996fb92427ae41e4649b934ca495991b7852b855	278	0	project-digital-cross/trees/maple/capabilities/README.md
e3b0c44298fc1c149afbf4c8996fb92427ae41e4649b934ca495991b7852b855	278	0	project-digital-cross/trees/maple/configuration/README.md
e3b0c44298fc1c149afbf4c8996fb92427ae41e4649b934ca495991b7852b855	278	0	project-digital-cross/trees/maple/grain/README.md
e3b0c44298fc1c149afbf4c8996fb92427ae41e4649b934ca495991b7852b855	278	0	project-digital-cross/trees/maple/grain/grain.yaml
e3b0c44298fc1c149afbf4c8996fb92427ae41e4649b934ca495991b7852b855	278	0	project-digital-cross/trees/maple/learning/README.md
e3b0c44298fc1c149afbf4c8996fb92427ae41e4649b934ca495991b7852b855	278	0	project-digital-cross/trees/maple/memory/README.md
e3b0c44298fc1c149afbf4c8996fb92427ae41e4649b934ca495991b7852b855	278	0	project-digital-cross/trees/maple/models/README.md
e3b0c44298fc1c149afbf4c8996fb92427ae41e4649b934ca495991b7852b855	278	0	project-digital-cross/trees/maple/prompts/README.md
e3b0c44298fc1c149afbf4c8996fb92427ae41e4649b934ca495991b7852b855	278	0	project-digital-cross/trees/maple/reasoning/README.md
e3b0c44298fc1c149afbf4c8996fb92427ae41e4649b934ca495991b7852b855	278	0	project-digital-cross/trees/maple/reasoning/debugging/README.md
e3b0c44298fc1c149afbf4c8996fb92427ae41e4649b934ca495991b7852b855	278	0	project-digital-cross/trees/maple/reasoning/implementation-analysis/README.md
e3b0c44298fc1c149afbf4c8996fb92427ae41e4649b934ca495991b7852b855	278	0	project-digital-cross/trees/maple/reasoning/independent-review/README.md
e3b0c44298fc1c149afbf4c8996fb92427ae41e4649b934ca495991b7852b855	278	0	project-digital-cross/trees/maple/reasoning/optimization/README.md
e3b0c44298fc1c149afbf4c8996fb92427ae41e4649b934ca495991b7852b855	278	0	project-digital-cross/trees/maple/reasoning/reasoning-profile.yaml
e3b0c44298fc1c149afbf4c8996fb92427ae41e4649b934ca495991b7852b855	278	0	project-digital-cross/trees/maple/tests/README.md
e3b0c44298fc1c149afbf4c8996fb92427ae41e4649b934ca495991b7852b855	278	0	project-digital-cross/trees/maple/tools/README.md
e3b0c44298fc1c149afbf4c8996fb92427ae41e4649b934ca495991b7852b855	278	0	project-digital-cross-backup-20260804-044951/.github/ISSUE_TEMPLATE/README.md
e3b0c44298fc1c149afbf4c8996fb92427ae41e4649b934ca495991b7852b855	278	0	project-digital-cross-backup-20260804-044951/.github/README.md
e3b0c44298fc1c149afbf4c8996fb92427ae41e4649b934ca495991b7852b855	278	0	project-digital-cross-backup-20260804-044951/.github/workflows/README.md
e3b0c44298fc1c149afbf4c8996fb92427ae41e4649b934ca495991b7852b855	278	0	project-digital-cross-backup-20260804-044951/CODE_OF_CONDUCT.md
e3b0c44298fc1c149afbf4c8996fb92427ae41e4649b934ca495991b7852b855	278	0	project-digital-cross-backup-20260804-044951/CONTRIBUTING.md
e3b0c44298fc1c149afbf4c8996fb92427ae41e4649b934ca495991b7852b855	278	0	project-digital-cross-backup-20260804-044951/LICENSE
e3b0c44298fc1c149afbf4c8996fb92427ae41e4649b934ca495991b7852b855	278	0	project-digital-cross-backup-20260804-044951/README.md
e3b0c44298fc1c149afbf4c8996fb92427ae41e4649b934ca495991b7852b855	278	0	project-digital-cross-backup-20260804-044951/SECURITY.md
e3b0c44298fc1c149afbf4c8996fb92427ae41e4649b934ca495991b7852b855	278	0	project-digital-cross-backup-20260804-044951/assets/README.md
e3b0c44298fc1c149afbf4c8996fb92427ae41e4649b934ca495991b7852b855	278	0	project-digital-cross-backup-20260804-044951/cherry/README.md
e3b0c44298fc1c149afbf4c8996fb92427ae41e4649b934ca495991b7852b855	278	0	project-digital-cross-backup-20260804-044951/cherry/governance/README.md
e3b0c44298fc1c149afbf4c8996fb92427ae41e4649b934ca495991b7852b855	278	0	project-digital-cross-backup-20260804-044951/cherry/interfaces/README.md
e3b0c44298fc1c149afbf4c8996fb92427ae41e4649b934ca495991b7852b855	278	0	project-digital-cross-backup-20260804-044951/cherry/learning/README.md
e3b0c44298fc1c149afbf4c8996fb92427ae41e4649b934ca495991b7852b855	278	0	project-digital-cross-backup-20260804-044951/cherry/memory/README.md
e3b0c44298fc1c149afbf4c8996fb92427ae41e4649b934ca495991b7852b855	278	0	project-digital-cross-backup-20260804-044951/cherry/models/README.md
e3b0c44298fc1c149afbf4c8996fb92427ae41e4649b934ca495991b7852b855	278	0	project-digital-cross-backup-20260804-044951/cherry/reasoning/README.md
e3b0c44298fc1c149afbf4c8996fb92427ae41e4649b934ca495991b7852b855	278	0	project-digital-cross-backup-20260804-044951/constitution/PDC-CONSTITUTION.md
e3b0c44298fc1c149afbf4c8996fb92427ae41e4649b934ca495991b7852b855	278	0	project-digital-cross-backup-20260804-044951/constitution/README.md
e3b0c44298fc1c149afbf4c8996fb92427ae41e4649b934ca495991b7852b855	278	0	project-digital-cross-backup-20260804-044951/docs/README.md
e3b0c44298fc1c149afbf4c8996fb92427ae41e4649b934ca495991b7852b855	278	0	project-digital-cross-backup-20260804-044951/docs/architecture/README.md
e3b0c44298fc1c149afbf4c8996fb92427ae41e4649b934ca495991b7852b855	278	0	project-digital-cross-backup-20260804-044951/docs/glossary/README.md
e3b0c44298fc1c149afbf4c8996fb92427ae41e4649b934ca495991b7852b855	278	0	project-digital-cross-backup-20260804-044951/docs/onboarding/README.md
e3b0c44298fc1c149afbf4c8996fb92427ae41e4649b934ca495991b7852b855	278	0	project-digital-cross-backup-20260804-044951/docs/research/README.md
e3b0c44298fc1c149afbf4c8996fb92427ae41e4649b934ca495991b7852b855	278	0	project-digital-cross-backup-20260804-044951/docs/roadmap/README.md
e3b0c44298fc1c149afbf4c8996fb92427ae41e4649b934ca495991b7852b855	278	0	project-digital-cross-backup-20260804-044951/governance/README.md
e3b0c44298fc1c149afbf4c8996fb92427ae41e4649b934ca495991b7852b855	278	0	project-digital-cross-backup-20260804-044951/governance/index/pdc-index.yaml
e3b0c44298fc1c149afbf4c8996fb92427ae41e4649b934ca495991b7852b855	278	0	project-digital-cross-backup-20260804-044951/governance/index/relationship-index.yam
e3b0c44298fc1c149afbf4c8996fb92427ae41e4649b934ca495991b7852b855	278	0	project-digital-cross-backup-20260804-044951/governance/index/uuid-index.yaml
e3b0c44298fc1c149afbf4c8996fb92427ae41e4649b934ca495991b7852b855	278	0	project-digital-cross-backup-20260804-044951/governance/relationships/RELATIONSHIP-SPEC.md
e3b0c44298fc1c149afbf4c8996fb92427ae41e4649b934ca495991b7852b855	278	0	project-digital-cross-backup-20260804-044951/governance/relationships/relationship-types.yaml
e3b0c44298fc1c149afbf4c8996fb92427ae41e4649b934ca495991b7852b855	278	0	project-digital-cross-backup-20260804-044951/governance/specifications/ADR-SPEC.md
e3b0c44298fc1c149afbf4c8996fb92427ae41e4649b934ca495991b7852b855	278	0	project-digital-cross-backup-20260804-044951/governance/specifications/BPR-SPEC.md
e3b0c44298fc1c149afbf4c8996fb92427ae41e4649b934ca495991b7852b855	278	0	project-digital-cross-backup-20260804-044951/governance/specifications/ICR-SPEC.md
e3b0c44298fc1c149afbf4c8996fb92427ae41e4649b934ca495991b7852b855	278	0	project-digital-cross-backup-20260804-044951/governance/specifications/MRR-SPEC.md
e3b0c44298fc1c149afbf4c8996fb92427ae41e4649b934ca495991b7852b855	278	0	project-digital-cross-backup-20260804-044951/governance/specifications/NCR-SPEC.md
e3b0c44298fc1c149afbf4c8996fb92427ae41e4649b934ca495991b7852b855	278	0	project-digital-cross-backup-20260804-044951/governance/specifications/OPR-SPEC.md
e3b0c44298fc1c149afbf4c8996fb92427ae41e4649b934ca495991b7852b855	278	0	project-digital-cross-backup-20260804-044951/governance/specifications/PR-SPEC.md
e3b0c44298fc1c149afbf4c8996fb92427ae41e4649b934ca495991b7852b855	278	0	project-digital-cross-backup-20260804-044951/governance/specifications/RCR-SPEC.md
e3b0c44298fc1c149afbf4c8996fb92427ae41e4649b934ca495991b7852b855	278	0	project-digital-cross-backup-20260804-044951/governance/specifications/README.md
e3b0c44298fc1c149afbf4c8996fb92427ae41e4649b934ca495991b7852b855	278	0	project-digital-cross-backup-20260804-044951/governance/specifications/SCR-SPEC.md
e3b0c44298fc1c149afbf4c8996fb92427ae41e4649b934ca495991b7852b855	278	0	project-digital-cross-backup-20260804-044951/governance/standards/PDC-STD-0001-Markdown.md
e3b0c44298fc1c149afbf4c8996fb92427ae41e4649b934ca495991b7852b855	278	0	project-digital-cross-backup-20260804-044951/governance/standards/PDC-STD-0002-Metadata.md
e3b0c44298fc1c149afbf4c8996fb92427ae41e4649b934ca495991b7852b855	278	0	project-digital-cross-backup-20260804-044951/governance/standards/PDC-STD-0003-Identifier.md
e3b0c44298fc1c149afbf4c8996fb92427ae41e4649b934ca495991b7852b855	278	0	project-digital-cross-backup-20260804-044951/governance/standards/PDC-STD-0004-CrossReferences.md
e3b0c44298fc1c149afbf4c8996fb92427ae41e4649b934ca495991b7852b855	278	0	project-digital-cross-backup-20260804-044951/governance/standards/PDC-STD-0005-Versioning.md
e3b0c44298fc1c149afbf4c8996fb92427ae41e4649b934ca495991b7852b855	278	0	project-digital-cross-backup-20260804-044951/governance/standards/PDC-STD-0006-RepositoryLayout.md
e3b0c44298fc1c149afbf4c8996fb92427ae41e4649b934ca495991b7852b855	278	0	project-digital-cross-backup-20260804-044951/governance/standards/README.md
e3b0c44298fc1c149afbf4c8996fb92427ae41e4649b934ca495991b7852b855	278	0	project-digital-cross-backup-20260804-044951/records/README.md
e3b0c44298fc1c149afbf4c8996fb92427ae41e4649b934ca495991b7852b855	278	0	project-digital-cross-backup-20260804-044951/records/architecture/ADR-0001-Governance-First-Development.md
e3b0c44298fc1c149afbf4c8996fb92427ae41e4649b934ca495991b7852b855	278	0	project-digital-cross-backup-20260804-044951/records/architecture/README.md
e3b0c44298fc1c149afbf4c8996fb92427ae41e4649b934ca495991b7852b855	278	0	project-digital-cross-backup-20260804-044951/records/bugs/README.md
e3b0c44298fc1c149afbf4c8996fb92427ae41e4649b934ca495991b7852b855	278	0	project-digital-cross-backup-20260804-044951/records/infrastructure/ICR-0001-GoDaddy-To-Proton-Migration.md
e3b0c44298fc1c149afbf4c8996fb92427ae41e4649b934ca495991b7852b855	278	0	project-digital-cross-backup-20260804-044951/records/infrastructure/README.md
e3b0c44298fc1c149afbf4c8996fb92427ae41e4649b934ca495991b7852b855	278	0	project-digital-cross-backup-20260804-044951/records/memory/README.md
e3b0c44298fc1c149afbf4c8996fb92427ae41e4649b934ca495991b7852b855	278	0	project-digital-cross-backup-20260804-044951/records/networking/README.md
e3b0c44298fc1c149afbf4c8996fb92427ae41e4649b934ca495991b7852b855	278	0	project-digital-cross-backup-20260804-044951/records/operations/README.md
e3b0c44298fc1c149afbf4c8996fb92427ae41e4649b934ca495991b7852b855	278	0	project-digital-cross-backup-20260804-044951/records/principles/PR-0001-Human-Centered-Engineering.md
e3b0c44298fc1c149afbf4c8996fb92427ae41e4649b934ca495991b7852b855	278	0	project-digital-cross-backup-20260804-044951/records/principles/README.md
e3b0c44298fc1c149afbf4c8996fb92427ae41e4649b934ca495991b7852b855	278	0	project-digital-cross-backup-20260804-044951/records/requests/README.md
e3b0c44298fc1c149afbf4c8996fb92427ae41e4649b934ca495991b7852b855	278	0	project-digital-cross-backup-20260804-044951/records/security/README.md
e3b0c44298fc1c149afbf4c8996fb92427ae41e4649b934ca495991b7852b855	278	0	project-digital-cross-backup-20260804-044951/templates/constitution/CONSTITUTION-TEMPLATE.md
e3b0c44298fc1c149afbf4c8996fb92427ae41e4649b934ca495991b7852b855	278	0	project-digital-cross-backup-20260804-044951/templates/records/architecture/ADR-TEMPLATE.md
e3b0c44298fc1c149afbf4c8996fb92427ae41e4649b934ca495991b7852b855	278	0	project-digital-cross-backup-20260804-044951/templates/records/bugs/BPR-TEMPLATE.md
e3b0c44298fc1c149afbf4c8996fb92427ae41e4649b934ca495991b7852b855	278	0	project-digital-cross-backup-20260804-044951/templates/records/infrastructure/ICR-TEMPLATE.md
e3b0c44298fc1c149afbf4c8996fb92427ae41e4649b934ca495991b7852b855	278	0	project-digital-cross-backup-20260804-044951/templates/records/memory/MRR-TEMPLATE.md
e3b0c44298fc1c149afbf4c8996fb92427ae41e4649b934ca495991b7852b855	278	0	project-digital-cross-backup-20260804-044951/templates/records/networking/NCR-TEMPLATE.md
e3b0c44298fc1c149afbf4c8996fb92427ae41e4649b934ca495991b7852b855	278	0	project-digital-cross-backup-20260804-044951/templates/records/operations/OPR-TEMPLATE.md
e3b0c44298fc1c149afbf4c8996fb92427ae41e4649b934ca495991b7852b855	278	0	project-digital-cross-backup-20260804-044951/templates/records/principles/PR-TEMPLATE.md
e3b0c44298fc1c149afbf4c8996fb92427ae41e4649b934ca495991b7852b855	278	0	project-digital-cross-backup-20260804-044951/templates/records/requests/RCR-TEMPLATE.md
e3b0c44298fc1c149afbf4c8996fb92427ae41e4649b934ca495991b7852b855	278	0	project-digital-cross-backup-20260804-044951/templates/records/security/SCR-TEMPLATE.md
e3b0c44298fc1c149afbf4c8996fb92427ae41e4649b934ca495991b7852b855	278	0	project-digital-cross-backup-20260804-044951/templates/specifications/SPECIFICATION-TEMPLATE.md
e3b0c44298fc1c149afbf4c8996fb92427ae41e4649b934ca495991b7852b855	278	0	project-digital-cross-backup-20260804-044951/templates/standards/STANDARD-TEMPLATE.md
7904bc802fee0eadae5075c04f3df8359a0e44640da425fbdd62d28356dc9b60	23	579	The-Forest/bristlecone/backups/live-spring-rehearsal/active-before-live-spring-20260809T115355Z.yaml
7904bc802fee0eadae5075c04f3df8359a0e44640da425fbdd62d28356dc9b60	23	579	The-Forest/bristlecone/backups/phase12-final/active-before-phase12-20260809T122720Z.yaml
7904bc802fee0eadae5075c04f3df8359a0e44640da425fbdd62d28356dc9b60	23	579	The-Forest/bristlecone/backups/runtime/active-before-crash-consistent-binding-20260809T024725Z.yaml
7904bc802fee0eadae5075c04f3df8359a0e44640da425fbdd62d28356dc9b60	23	579	The-Forest/bristlecone/backups/runtime/active-before-durable-spring-cleaning-20260809T093112Z.yaml
7904bc802fee0eadae5075c04f3df8359a0e44640da425fbdd62d28356dc9b60	23	579	The-Forest/bristlecone/backups/runtime/active-before-durable-spring-cleaning-v2-20260809T093325Z.yaml
7904bc802fee0eadae5075c04f3df8359a0e44640da425fbdd62d28356dc9b60	23	579	The-Forest/bristlecone/backups/runtime/active-before-durable-spring-cleaning-v3-20260809T094104Z.yaml
7904bc802fee0eadae5075c04f3df8359a0e44640da425fbdd62d28356dc9b60	23	579	The-Forest/bristlecone/backups/runtime/active-before-persistent-binding-20260809T014535Z.yaml
7904bc802fee0eadae5075c04f3df8359a0e44640da425fbdd62d28356dc9b60	23	579	The-Forest/bristlecone/backups/runtime/active-before-real-stale-recovery-20260809T030759Z.yaml
7904bc802fee0eadae5075c04f3df8359a0e44640da425fbdd62d28356dc9b60	23	579	The-Forest/bristlecone/backups/runtime/active-before-seasonal-lifecycle-20260809T091245Z.yaml
7904bc802fee0eadae5075c04f3df8359a0e44640da425fbdd62d28356dc9b60	23	579	The-Forest/bristlecone/backups/runtime/active-before-spring-cleaning-20260809T092443Z.yaml
7904bc802fee0eadae5075c04f3df8359a0e44640da425fbdd62d28356dc9b60	23	579	The-Forest/bristlecone/backups/runtime/active-before-spring-cleaning-20260809T092653Z.yaml
7904bc802fee0eadae5075c04f3df8359a0e44640da425fbdd62d28356dc9b60	23	579	The-Forest/bristlecone/backups/runtime/active-before-spring-decisions-20260809T094532Z.yaml
7904bc802fee0eadae5075c04f3df8359a0e44640da425fbdd62d28356dc9b60	23	579	The-Forest/bristlecone/backups/runtime/active-before-spring-decisions-v2-20260809T094910Z.yaml
7904bc802fee0eadae5075c04f3df8359a0e44640da425fbdd62d28356dc9b60	23	579	The-Forest/bristlecone/backups/runtime/active-before-spring-restoration-plan-20260809T094250Z.yaml
7904bc802fee0eadae5075c04f3df8359a0e44640da425fbdd62d28356dc9b60	23	579	The-Forest/bristlecone/backups/runtime/active-before-spring-restoration-plan-20260809T094502Z.yaml
7904bc802fee0eadae5075c04f3df8359a0e44640da425fbdd62d28356dc9b60	23	579	The-Forest/bristlecone/backups/runtime/active-before-stale-recovery-20260809T030430Z.yaml
7904bc802fee0eadae5075c04f3df8359a0e44640da425fbdd62d28356dc9b60	23	579	The-Forest/bristlecone/backups/runtime/active-before-stale-recovery-20260809T030636Z.yaml
7904bc802fee0eadae5075c04f3df8359a0e44640da425fbdd62d28356dc9b60	23	579	The-Forest/bristlecone/backups/runtime/active-before-stale-session-probe-20260809T025921Z.yaml
7904bc802fee0eadae5075c04f3df8359a0e44640da425fbdd62d28356dc9b60	23	579	The-Forest/bristlecone/backups/runtime/active-before-winter-discovery-20260809T092044Z.yaml
7904bc802fee0eadae5075c04f3df8359a0e44640da425fbdd62d28356dc9b60	23	579	The-Forest/bristlecone/backups/runtime/active-before-winter-discovery-v2-20260809T092241Z.yaml
7904bc802fee0eadae5075c04f3df8359a0e44640da425fbdd62d28356dc9b60	23	579	The-Forest/bristlecone/backups/runtime/active-before-winter-storage-20260809T091936Z.yaml
7904bc802fee0eadae5075c04f3df8359a0e44640da425fbdd62d28356dc9b60	23	579	The-Forest/bristlecone/backups/runtime-independence/active-before-neutral-last-applied-20260809T123509Z.yaml
7904bc802fee0eadae5075c04f3df8359a0e44640da425fbdd62d28356dc9b60	23	579	The-Forest/bristlecone/backups/spring-summer-final/active-before-spring-summer-20260809T120838Z.yaml
7262ea30a432e8a454a4069f1d3b60e50e30600aa99308974e8f925877774da7	20	4683	The-Forest/bristlecone/backups/phase14_11F1_certified_20260811T190752Z/model.py
7262ea30a432e8a454a4069f1d3b60e50e30600aa99308974e8f925877774da7	20	4683	The-Forest/bristlecone/backups/phase14_11F2A_certified_20260811T191019Z/model.py
7262ea30a432e8a454a4069f1d3b60e50e30600aa99308974e8f925877774da7	20	4683	The-Forest/bristlecone/backups/phase14_11F2A_pre_budget_20260811T190948Z/model.py
7262ea30a432e8a454a4069f1d3b60e50e30600aa99308974e8f925877774da7	20	4683	The-Forest/bristlecone/backups/phase14_11F2B_pre_availability_20260811T191111Z/model.py
7262ea30a432e8a454a4069f1d3b60e50e30600aa99308974e8f925877774da7	20	4683	The-Forest/bristlecone/backups/phase14_11F2_certified_20260811T191203Z/model.py
7262ea30a432e8a454a4069f1d3b60e50e30600aa99308974e8f925877774da7	20	4683	The-Forest/bristlecone/backups/phase14_11F3_certified_20260811T191456Z/model.py
7262ea30a432e8a454a4069f1d3b60e50e30600aa99308974e8f925877774da7	20	4683	The-Forest/bristlecone/backups/phase14_11F3_pre_decision_20260811T191351Z/model.py
7262ea30a432e8a454a4069f1d3b60e50e30600aa99308974e8f925877774da7	20	4683	The-Forest/bristlecone/backups/phase14_11F4A_certified_20260811T191714Z/model.py
7262ea30a432e8a454a4069f1d3b60e50e30600aa99308974e8f925877774da7	20	4683	The-Forest/bristlecone/backups/phase14_11F4A_pre_requirement_20260811T191622Z/model.py
7262ea30a432e8a454a4069f1d3b60e50e30600aa99308974e8f925877774da7	20	4683	The-Forest/bristlecone/backups/phase14_11F4B_certified_20260811T192006Z/model.py
7262ea30a432e8a454a4069f1d3b60e50e30600aa99308974e8f925877774da7	20	4683	The-Forest/bristlecone/backups/phase14_11F4B_pre_governor_20260811T191858Z/model.py
7262ea30a432e8a454a4069f1d3b60e50e30600aa99308974e8f925877774da7	20	4683	The-Forest/bristlecone/backups/phase14_11F5A_certified_20260811T192954Z/model.py
7262ea30a432e8a454a4069f1d3b60e50e30600aa99308974e8f925877774da7	20	4683	The-Forest/bristlecone/backups/phase14_11F5A_pre_request_preparation_20260811T192403Z/model.py
7262ea30a432e8a454a4069f1d3b60e50e30600aa99308974e8f925877774da7	20	4683	The-Forest/bristlecone/backups/phase14_11F5B_certified_20260811T195129Z/resources/model.py
7262ea30a432e8a454a4069f1d3b60e50e30600aa99308974e8f925877774da7	20	4683	The-Forest/bristlecone/backups/phase14_11F5C2_certified_20260811T200207Z/model.py
7262ea30a432e8a454a4069f1d3b60e50e30600aa99308974e8f925877774da7	20	4683	The-Forest/bristlecone/backups/phase14_11F_certified_20260811T200848Z/resources/model.py
7262ea30a432e8a454a4069f1d3b60e50e30600aa99308974e8f925877774da7	20	4683	The-Forest/bristlecone/backups/phase14_11G7_final_certified_20260811T213503Z/resources/model.py
7262ea30a432e8a454a4069f1d3b60e50e30600aa99308974e8f925877774da7	20	4683	The-Forest/bristlecone/backups/phase14_11H7_final_certified_20260811T234518Z/resources/model.py
7262ea30a432e8a454a4069f1d3b60e50e30600aa99308974e8f925877774da7	20	4683	The-Forest/bristlecone/backups/phase14_11L8_A_governor_certified_20260813T005056Z/source/model.py
7262ea30a432e8a454a4069f1d3b60e50e30600aa99308974e8f925877774da7	20	4683	The-Forest/bristlecone/resources/model.py
436da2a229114b6848ddc76f959d54bcd63017f4f93eb015d7e323976274c30b	19	9403	The-Forest/bristlecone/backups/hermes-config/config-20260808-155013.yaml
436da2a229114b6848ddc76f959d54bcd63017f4f93eb015d7e323976274c30b	19	9403	The-Forest/bristlecone/backups/hermes-config/config-20260808-191903.yaml
436da2a229114b6848ddc76f959d54bcd63017f4f93eb015d7e323976274c30b	19	9403	The-Forest/bristlecone/backups/hermes-exact/config-20260809T115132-365722Z.yaml
436da2a229114b6848ddc76f959d54bcd63017f4f93eb015d7e323976274c30b	19	9403	The-Forest/bristlecone/backups/hermes-exact/config-20260809T115355-676449Z.yaml
436da2a229114b6848ddc76f959d54bcd63017f4f93eb015d7e323976274c30b	19	9403	The-Forest/bristlecone/backups/hermes-exact/config-20260809T120838-533275Z.yaml
436da2a229114b6848ddc76f959d54bcd63017f4f93eb015d7e323976274c30b	19	9403	The-Forest/bristlecone/backups/hermes-exact/config-20260809T122720-717702Z.yaml
436da2a229114b6848ddc76f959d54bcd63017f4f93eb015d7e323976274c30b	19	9403	The-Forest/bristlecone/backups/hermes-temporary/config-20260808T235043-389581Z.yaml
436da2a229114b6848ddc76f959d54bcd63017f4f93eb015d7e323976274c30b	19	9403	The-Forest/bristlecone/backups/hermes-temporary/config-20260808T235427-013623Z.yaml
436da2a229114b6848ddc76f959d54bcd63017f4f93eb015d7e323976274c30b	19	9403	The-Forest/bristlecone/backups/hermes-temporary/config-20260808T235720-586933Z.yaml
436da2a229114b6848ddc76f959d54bcd63017f4f93eb015d7e323976274c30b	19	9403	The-Forest/bristlecone/backups/hermes-temporary/config-20260809T003727-962717Z.yaml
436da2a229114b6848ddc76f959d54bcd63017f4f93eb015d7e323976274c30b	19	9403	The-Forest/bristlecone/backups/hermes-temporary/config-20260809T003924-352639Z.yaml
436da2a229114b6848ddc76f959d54bcd63017f4f93eb015d7e323976274c30b	19	9403	The-Forest/bristlecone/backups/hermes-temporary/config-20260809T003924-545949Z.yaml
436da2a229114b6848ddc76f959d54bcd63017f4f93eb015d7e323976274c30b	19	9403	The-Forest/bristlecone/backups/hermes-temporary/config-20260809T004116-391770Z.yaml
436da2a229114b6848ddc76f959d54bcd63017f4f93eb015d7e323976274c30b	19	9403	The-Forest/bristlecone/backups/hermes-temporary/config-20260809T004459-946440Z.yaml
436da2a229114b6848ddc76f959d54bcd63017f4f93eb015d7e323976274c30b	19	9403	The-Forest/bristlecone/backups/hermes-temporary/config-20260809T004500-160097Z.yaml
436da2a229114b6848ddc76f959d54bcd63017f4f93eb015d7e323976274c30b	19	9403	The-Forest/bristlecone/backups/hermes-temporary/config-20260812T190459-966277Z.yaml
436da2a229114b6848ddc76f959d54bcd63017f4f93eb015d7e323976274c30b	19	9403	The-Forest/bristlecone/backups/live-spring-rehearsal/config-before-live-spring-20260809T115355Z.yaml
436da2a229114b6848ddc76f959d54bcd63017f4f93eb015d7e323976274c30b	19	9403	The-Forest/bristlecone/backups/phase12-final/config-before-phase12-20260809T122720Z.yaml
436da2a229114b6848ddc76f959d54bcd63017f4f93eb015d7e323976274c30b	19	9403	The-Forest/bristlecone/backups/spring-summer-final/config-before-spring-summer-20260809T120838Z.yaml
67c66ede487202868f42a3d9bf6219e192664f0616f2b0e5af553f87953b30f5	19	625	The-Forest/bristlecone/backups/phase14_11J5_real_recovery_certified_20260812T084348Z/PRODUCTION_SHA256SUMS
67c66ede487202868f42a3d9bf6219e192664f0616f2b0e5af553f87953b30f5	19	625	The-Forest/bristlecone/backups/phase14_11J6_A_integrated_real_small_certified_20260812T085401Z/PRODUCTION_SHA256SUMS
67c66ede487202868f42a3d9bf6219e192664f0616f2b0e5af553f87953b30f5	19	625	The-Forest/bristlecone/backups/phase14_11J6_A_integrated_real_small_certified_20260812T090301Z/PRODUCTION_SHA256SUMS
67c66ede487202868f42a3d9bf6219e192664f0616f2b0e5af553f87953b30f5	19	625	The-Forest/bristlecone/backups/phase14_11J6_B_independent_certified_20260812T090435Z/PRODUCTION_SHA256SUMS
67c66ede487202868f42a3d9bf6219e192664f0616f2b0e5af553f87953b30f5	19	625	The-Forest/bristlecone/backups/phase14_11J7_final_certified_20260812T090615Z/PRODUCTION_SHA256SUMS
67c66ede487202868f42a3d9bf6219e192664f0616f2b0e5af553f87953b30f5	19	625	The-Forest/bristlecone/backups/phase14_11K1_big_binding_certified_20260812T104656Z/PRODUCTION_SHA256SUMS
67c66ede487202868f42a3d9bf6219e192664f0616f2b0e5af553f87953b30f5	19	625	The-Forest/bristlecone/backups/phase14_11K6_zero_side_effect_certified_20260812T111048Z/PRODUCTION_SHA256SUMS
67c66ede487202868f42a3d9bf6219e192664f0616f2b0e5af553f87953b30f5	19	625	The-Forest/bristlecone/backups/phase14_11K7_A_integrated_certified_20260812T111249Z/PRODUCTION_SHA256SUMS
67c66ede487202868f42a3d9bf6219e192664f0616f2b0e5af553f87953b30f5	19	625	The-Forest/bristlecone/backups/phase14_11K8_final_attempt_20260812T113241Z/PRODUCTION_SHA256SUMS
67c66ede487202868f42a3d9bf6219e192664f0616f2b0e5af553f87953b30f5	19	625	The-Forest/bristlecone/backups/phase14_11K8_final_attempt_20260812T113252Z/PRODUCTION_SHA256SUMS
67c66ede487202868f42a3d9bf6219e192664f0616f2b0e5af553f87953b30f5	19	625	The-Forest/bristlecone/backups/phase14_11K8_final_attempt_20260812T113322Z/PRODUCTION_SHA256SUMS
67c66ede487202868f42a3d9bf6219e192664f0616f2b0e5af553f87953b30f5	19	625	The-Forest/bristlecone/backups/phase14_11K8_final_attempt_20260812T113546Z/PRODUCTION_SHA256SUMS
67c66ede487202868f42a3d9bf6219e192664f0616f2b0e5af553f87953b30f5	19	625	The-Forest/bristlecone/backups/phase14_11K8_final_certified_20260812T113747Z/PRODUCTION_SHA256SUMS
67c66ede487202868f42a3d9bf6219e192664f0616f2b0e5af553f87953b30f5	19	625	The-Forest/bristlecone/backups/phase14_11L2_A_cold_small_certified_20260812T122635Z/PRODUCTION_SHA256.txt
67c66ede487202868f42a3d9bf6219e192664f0616f2b0e5af553f87953b30f5	19	625	The-Forest/bristlecone/backups/phase14_11L3_A_warm_small_certified_20260812T125544Z/PRODUCTION_SHA256.txt
67c66ede487202868f42a3d9bf6219e192664f0616f2b0e5af553f87953b30f5	19	625	The-Forest/bristlecone/backups/phase14_11L4_A_same_session_certified_20260812T134845Z/PRODUCTION_SHA256.txt
67c66ede487202868f42a3d9bf6219e192664f0616f2b0e5af553f87953b30f5	19	625	The-Forest/bristlecone/backups/phase14_11L5_A_multicontext_certified_20260812T152526Z/PRODUCTION_SHA256.txt
67c66ede487202868f42a3d9bf6219e192664f0616f2b0e5af553f87953b30f5	19	625	The-Forest/bristlecone/backups/phase14_11L6_A_reasoning_certified_20260812T172100Z/PRODUCTION_SHA256.txt
67c66ede487202868f42a3d9bf6219e192664f0616f2b0e5af553f87953b30f5	19	625	The-Forest/bristlecone/backups/phase14_11L6_B_independent_certified_20260812T172604Z/PRODUCTION_SHA256.txt
4faa8a48d1b144869fc521891478322894ddbedfc0799c275b50c59e4276f2fc	18	65	The-Forest/bristlecone/backups/phase14_11J5_B_independent_certified_20260812T084447Z/active-yaml-sha.txt
4faa8a48d1b144869fc521891478322894ddbedfc0799c275b50c59e4276f2fc	18	65	The-Forest/bristlecone/backups/phase14_11J6_A_integrated_real_small_certified_20260812T085401Z/ACTIVE_YAML_SHA256
4faa8a48d1b144869fc521891478322894ddbedfc0799c275b50c59e4276f2fc	18	65	The-Forest/bristlecone/backups/phase14_11J6_A_integrated_real_small_certified_20260812T090301Z/ACTIVE_YAML_SHA256
4faa8a48d1b144869fc521891478322894ddbedfc0799c275b50c59e4276f2fc	18	65	The-Forest/bristlecone/backups/phase14_11J6_B_independent_certified_20260812T090435Z/ACTIVE_YAML_SHA256
4faa8a48d1b144869fc521891478322894ddbedfc0799c275b50c59e4276f2fc	18	65	The-Forest/bristlecone/backups/phase14_11J7_final_certified_20260812T090615Z/ACTIVE_YAML_SHA256
4faa8a48d1b144869fc521891478322894ddbedfc0799c275b50c59e4276f2fc	18	65	The-Forest/bristlecone/backups/phase14_11K1_big_binding_certified_20260812T104656Z/ACTIVE_YAML_SHA256
4faa8a48d1b144869fc521891478322894ddbedfc0799c275b50c59e4276f2fc	18	65	The-Forest/bristlecone/backups/phase14_11K7_A_integrated_certified_20260812T111249Z/ACTIVE_YAML_SHA256
4faa8a48d1b144869fc521891478322894ddbedfc0799c275b50c59e4276f2fc	18	65	The-Forest/bristlecone/backups/phase14_11K8_final_attempt_20260812T113241Z/ACTIVE_YAML_SHA256
4faa8a48d1b144869fc521891478322894ddbedfc0799c275b50c59e4276f2fc	18	65	The-Forest/bristlecone/backups/phase14_11K8_final_attempt_20260812T113252Z/ACTIVE_YAML_SHA256
4faa8a48d1b144869fc521891478322894ddbedfc0799c275b50c59e4276f2fc	18	65	The-Forest/bristlecone/backups/phase14_11K8_final_attempt_20260812T113322Z/ACTIVE_YAML_SHA256
4faa8a48d1b144869fc521891478322894ddbedfc0799c275b50c59e4276f2fc	18	65	The-Forest/bristlecone/backups/phase14_11K8_final_attempt_20260812T113546Z/ACTIVE_YAML_SHA256
4faa8a48d1b144869fc521891478322894ddbedfc0799c275b50c59e4276f2fc	18	65	The-Forest/bristlecone/backups/phase14_11K8_final_certified_20260812T113747Z/ACTIVE_YAML_SHA256
4faa8a48d1b144869fc521891478322894ddbedfc0799c275b50c59e4276f2fc	18	65	The-Forest/bristlecone/backups/phase14_11L2_A_cold_small_certified_20260812T122635Z/ACTIVE_YAML_SHA256.txt
4faa8a48d1b144869fc521891478322894ddbedfc0799c275b50c59e4276f2fc	18	65	The-Forest/bristlecone/backups/phase14_11L3_A_warm_small_certified_20260812T125544Z/ACTIVE_YAML_SHA256.txt
4faa8a48d1b144869fc521891478322894ddbedfc0799c275b50c59e4276f2fc	18	65	The-Forest/bristlecone/backups/phase14_11L4_A_same_session_certified_20260812T134845Z/ACTIVE_YAML_SHA256.txt
4faa8a48d1b144869fc521891478322894ddbedfc0799c275b50c59e4276f2fc	18	65	The-Forest/bristlecone/backups/phase14_11L5_A_multicontext_certified_20260812T152526Z/ACTIVE_YAML_SHA256.txt
4faa8a48d1b144869fc521891478322894ddbedfc0799c275b50c59e4276f2fc	18	65	The-Forest/bristlecone/backups/phase14_11L6_A_reasoning_certified_20260812T172100Z/ACTIVE_YAML_SHA256.txt
4faa8a48d1b144869fc521891478322894ddbedfc0799c275b50c59e4276f2fc	18	65	The-Forest/bristlecone/backups/phase14_11L6_B_independent_certified_20260812T172604Z/ACTIVE_YAML_SHA256.txt
3ab5a79d57b0ea5ea34e2c5634bd8ad9282f484e6f761a8ad62023fa6b2d3cdb	16	2431	The-Forest/bristlecone/backups/phase14_11F2A_certified_20260811T191019Z/budget.py
3ab5a79d57b0ea5ea34e2c5634bd8ad9282f484e6f761a8ad62023fa6b2d3cdb	16	2431	The-Forest/bristlecone/backups/phase14_11F2B_pre_availability_20260811T191111Z/budget.py
3ab5a79d57b0ea5ea34e2c5634bd8ad9282f484e6f761a8ad62023fa6b2d3cdb	16	2431	The-Forest/bristlecone/backups/phase14_11F2_certified_20260811T191203Z/budget.py
3ab5a79d57b0ea5ea34e2c5634bd8ad9282f484e6f761a8ad62023fa6b2d3cdb	16	2431	The-Forest/bristlecone/backups/phase14_11F3_certified_20260811T191456Z/budget.py
3ab5a79d57b0ea5ea34e2c5634bd8ad9282f484e6f761a8ad62023fa6b2d3cdb	16	2431	The-Forest/bristlecone/backups/phase14_11F3_pre_decision_20260811T191351Z/budget.py
3ab5a79d57b0ea5ea34e2c5634bd8ad9282f484e6f761a8ad62023fa6b2d3cdb	16	2431	The-Forest/bristlecone/backups/phase14_11F4A_certified_20260811T191714Z/budget.py
3ab5a79d57b0ea5ea34e2c5634bd8ad9282f484e6f761a8ad62023fa6b2d3cdb	16	2431	The-Forest/bristlecone/backups/phase14_11F4A_pre_requirement_20260811T191622Z/budget.py
3ab5a79d57b0ea5ea34e2c5634bd8ad9282f484e6f761a8ad62023fa6b2d3cdb	16	2431	The-Forest/bristlecone/backups/phase14_11F4B_certified_20260811T192006Z/budget.py
3ab5a79d57b0ea5ea34e2c5634bd8ad9282f484e6f761a8ad62023fa6b2d3cdb	16	2431	The-Forest/bristlecone/backups/phase14_11F4B_pre_governor_20260811T191858Z/budget.py
3ab5a79d57b0ea5ea34e2c5634bd8ad9282f484e6f761a8ad62023fa6b2d3cdb	16	2431	The-Forest/bristlecone/backups/phase14_11F5A_certified_20260811T192954Z/budget.py
3ab5a79d57b0ea5ea34e2c5634bd8ad9282f484e6f761a8ad62023fa6b2d3cdb	16	2431	The-Forest/bristlecone/backups/phase14_11F5A_pre_request_preparation_20260811T192403Z/budget.py
3ab5a79d57b0ea5ea34e2c5634bd8ad9282f484e6f761a8ad62023fa6b2d3cdb	16	2431	The-Forest/bristlecone/backups/phase14_11F5B_certified_20260811T195129Z/resources/budget.py
3ab5a79d57b0ea5ea34e2c5634bd8ad9282f484e6f761a8ad62023fa6b2d3cdb	16	2431	The-Forest/bristlecone/backups/phase14_11F5C2_certified_20260811T200207Z/budget.py
3ab5a79d57b0ea5ea34e2c5634bd8ad9282f484e6f761a8ad62023fa6b2d3cdb	16	2431	The-Forest/bristlecone/backups/phase14_11F_certified_20260811T200848Z/resources/budget.py
3ab5a79d57b0ea5ea34e2c5634bd8ad9282f484e6f761a8ad62023fa6b2d3cdb	16	2431	The-Forest/bristlecone/backups/phase14_11L8_A_governor_certified_20260813T005056Z/source/budget.py
3ab5a79d57b0ea5ea34e2c5634bd8ad9282f484e6f761a8ad62023fa6b2d3cdb	16	2431	The-Forest/bristlecone/resources/budget.py
f3585083ae14a0f700c819e79bc0cfd489122a3069b186fb17742d7825302036	16	29257	Downloads/Forest Logs/THE-FOREST-PDC-PDF-PROJECT-KNOWLEDGE-SNAPSHOT(1).md
f3585083ae14a0f700c819e79bc0cfd489122a3069b186fb17742d7825302036	16	29257	Downloads/Forest Logs/THE-FOREST-PDC-PDF-PROJECT-KNOWLEDGE-SNAPSHOT(2).md
f3585083ae14a0f700c819e79bc0cfd489122a3069b186fb17742d7825302036	16	29257	Downloads/Forest Logs/THE-FOREST-PDC-PDF-PROJECT-KNOWLEDGE-SNAPSHOT(3).md
f3585083ae14a0f700c819e79bc0cfd489122a3069b186fb17742d7825302036	16	29257	Downloads/Forest Logs/THE-FOREST-PDC-PDF-PROJECT-KNOWLEDGE-SNAPSHOT(4).md
f3585083ae14a0f700c819e79bc0cfd489122a3069b186fb17742d7825302036	16	29257	Downloads/Forest Logs/THE-FOREST-PDC-PDF-PROJECT-KNOWLEDGE-SNAPSHOT.md
f3585083ae14a0f700c819e79bc0cfd489122a3069b186fb17742d7825302036	16	29257	Downloads/The Forest Project/The Forest Project-backup-2026-08-08/The-Forest-Project-zeta/Trees/True Trees/THE-FOREST-PDC-PDF-PROJECT-KNOWLEDGE-SNAPSHOT(1) 1.md
f3585083ae14a0f700c819e79bc0cfd489122a3069b186fb17742d7825302036	16	29257	Downloads/The Forest Project/The Forest Project-backup-2026-08-08/The-Forest-Project-zeta/Trees/True Trees/THE-FOREST-PDC-PDF-PROJECT-KNOWLEDGE-SNAPSHOT(3).md
f3585083ae14a0f700c819e79bc0cfd489122a3069b186fb17742d7825302036	16	29257	Downloads/Tree Speak/THE-FOREST-PDC-PDF-PROJECT-KNOWLEDGE-SNAPSHOT.md
f3585083ae14a0f700c819e79bc0cfd489122a3069b186fb17742d7825302036	16	29257	Forest Logs/THE-FOREST-PDC-PDF-PROJECT-KNOWLEDGE-SNAPSHOT(1).md
f3585083ae14a0f700c819e79bc0cfd489122a3069b186fb17742d7825302036	16	29257	Forest Logs/THE-FOREST-PDC-PDF-PROJECT-KNOWLEDGE-SNAPSHOT(2).md
f3585083ae14a0f700c819e79bc0cfd489122a3069b186fb17742d7825302036	16	29257	Forest Logs/THE-FOREST-PDC-PDF-PROJECT-KNOWLEDGE-SNAPSHOT(3).md
f3585083ae14a0f700c819e79bc0cfd489122a3069b186fb17742d7825302036	16	29257	Forest Logs/THE-FOREST-PDC-PDF-PROJECT-KNOWLEDGE-SNAPSHOT(4).md
f3585083ae14a0f700c819e79bc0cfd489122a3069b186fb17742d7825302036	16	29257	Forest Logs/THE-FOREST-PDC-PDF-PROJECT-KNOWLEDGE-SNAPSHOT.md
f3585083ae14a0f700c819e79bc0cfd489122a3069b186fb17742d7825302036	16	29257	leaf-litter/The Forest Project/The Forest Project-backup-2026-08-08/The-Forest-Project-zeta/Trees/True Trees/THE-FOREST-PDC-PDF-PROJECT-KNOWLEDGE-SNAPSHOT(1) 1.md
f3585083ae14a0f700c819e79bc0cfd489122a3069b186fb17742d7825302036	16	29257	leaf-litter/The Forest Project/The Forest Project-backup-2026-08-08/The-Forest-Project-zeta/Trees/True Trees/THE-FOREST-PDC-PDF-PROJECT-KNOWLEDGE-SNAPSHOT(3).md
f3585083ae14a0f700c819e79bc0cfd489122a3069b186fb17742d7825302036	16	29257	leaf-litter/Tree Speak/THE-FOREST-PDC-PDF-PROJECT-KNOWLEDGE-SNAPSHOT.md
b6a9fe9bfbe23f8ada65d30ac76a8e8f62a4c2d33e2cc7199dc572c39c886eb7	14	2722	The-Forest/bristlecone/backups/phase14_11F2_certified_20260811T191203Z/availability.py
b6a9fe9bfbe23f8ada65d30ac76a8e8f62a4c2d33e2cc7199dc572c39c886eb7	14	2722	The-Forest/bristlecone/backups/phase14_11F3_certified_20260811T191456Z/availability.py
b6a9fe9bfbe23f8ada65d30ac76a8e8f62a4c2d33e2cc7199dc572c39c886eb7	14	2722	The-Forest/bristlecone/backups/phase14_11F3_pre_decision_20260811T191351Z/availability.py
b6a9fe9bfbe23f8ada65d30ac76a8e8f62a4c2d33e2cc7199dc572c39c886eb7	14	2722	The-Forest/bristlecone/backups/phase14_11F4A_certified_20260811T191714Z/availability.py
b6a9fe9bfbe23f8ada65d30ac76a8e8f62a4c2d33e2cc7199dc572c39c886eb7	14	2722	The-Forest/bristlecone/backups/phase14_11F4A_pre_requirement_20260811T191622Z/availability.py
b6a9fe9bfbe23f8ada65d30ac76a8e8f62a4c2d33e2cc7199dc572c39c886eb7	14	2722	The-Forest/bristlecone/backups/phase14_11F4B_certified_20260811T192006Z/availability.py
b6a9fe9bfbe23f8ada65d30ac76a8e8f62a4c2d33e2cc7199dc572c39c886eb7	14	2722	The-Forest/bristlecone/backups/phase14_11F4B_pre_governor_20260811T191858Z/availability.py
b6a9fe9bfbe23f8ada65d30ac76a8e8f62a4c2d33e2cc7199dc572c39c886eb7	14	2722	The-Forest/bristlecone/backups/phase14_11F5A_certified_20260811T192954Z/availability.py
b6a9fe9bfbe23f8ada65d30ac76a8e8f62a4c2d33e2cc7199dc572c39c886eb7	14	2722	The-Forest/bristlecone/backups/phase14_11F5A_pre_request_preparation_20260811T192403Z/availability.py
b6a9fe9bfbe23f8ada65d30ac76a8e8f62a4c2d33e2cc7199dc572c39c886eb7	14	2722	The-Forest/bristlecone/backups/phase14_11F5B_certified_20260811T195129Z/resources/availability.py
b6a9fe9bfbe23f8ada65d30ac76a8e8f62a4c2d33e2cc7199dc572c39c886eb7	14	2722	The-Forest/bristlecone/backups/phase14_11F5C2_certified_20260811T200207Z/availability.py
b6a9fe9bfbe23f8ada65d30ac76a8e8f62a4c2d33e2cc7199dc572c39c886eb7	14	2722	The-Forest/bristlecone/backups/phase14_11F_certified_20260811T200848Z/resources/availability.py
b6a9fe9bfbe23f8ada65d30ac76a8e8f62a4c2d33e2cc7199dc572c39c886eb7	14	2722	The-Forest/bristlecone/backups/phase14_11L8_A_governor_certified_20260813T005056Z/source/availability.py
b6a9fe9bfbe23f8ada65d30ac76a8e8f62a4c2d33e2cc7199dc572c39c886eb7	14	2722	The-Forest/bristlecone/resources/availability.py
f9bf6f48620efcc2973e48abfb1d035658934aff623f79b280da8c3d48208c57	13	3082	The-Forest/bristlecone/backups/phase14_11F3_certified_20260811T191456Z/decision.py
f9bf6f48620efcc2973e48abfb1d035658934aff623f79b280da8c3d48208c57	13	3082	The-Forest/bristlecone/backups/phase14_11F4A_certified_20260811T191714Z/decision.py
f9bf6f48620efcc2973e48abfb1d035658934aff623f79b280da8c3d48208c57	13	3082	The-Forest/bristlecone/backups/phase14_11F4A_pre_requirement_20260811T191622Z/decision.py
f9bf6f48620efcc2973e48abfb1d035658934aff623f79b280da8c3d48208c57	13	3082	The-Forest/bristlecone/backups/phase14_11F4B_certified_20260811T192006Z/decision.py
f9bf6f48620efcc2973e48abfb1d035658934aff623f79b280da8c3d48208c57	13	3082	The-Forest/bristlecone/backups/phase14_11F4B_pre_governor_20260811T191858Z/decision.py
f9bf6f48620efcc2973e48abfb1d035658934aff623f79b280da8c3d48208c57	13	3082	The-Forest/bristlecone/backups/phase14_11F5A_certified_20260811T192954Z/decision.py
f9bf6f48620efcc2973e48abfb1d035658934aff623f79b280da8c3d48208c57	13	3082	The-Forest/bristlecone/backups/phase14_11F5A_pre_request_preparation_20260811T192403Z/decision.py
f9bf6f48620efcc2973e48abfb1d035658934aff623f79b280da8c3d48208c57	13	3082	The-Forest/bristlecone/backups/phase14_11F5B_certified_20260811T195129Z/resources/decision.py
f9bf6f48620efcc2973e48abfb1d035658934aff623f79b280da8c3d48208c57	13	3082	The-Forest/bristlecone/backups/phase14_11F5C2_certified_20260811T200207Z/decision.py
f9bf6f48620efcc2973e48abfb1d035658934aff623f79b280da8c3d48208c57	13	3082	The-Forest/bristlecone/backups/phase14_11F_certified_20260811T200848Z/resources/decision.py
f9bf6f48620efcc2973e48abfb1d035658934aff623f79b280da8c3d48208c57	13	3082	The-Forest/bristlecone/backups/phase14_11G7_final_certified_20260811T213503Z/resources/decision.py
f9bf6f48620efcc2973e48abfb1d035658934aff623f79b280da8c3d48208c57	13	3082	The-Forest/bristlecone/backups/phase14_11L8_A_governor_certified_20260813T005056Z/source/decision.py
f9bf6f48620efcc2973e48abfb1d035658934aff623f79b280da8c3d48208c57	13	3082	The-Forest/bristlecone/resources/decision.py
4cebbfaa27e3360a5ec92edd311cd2f9424ee159c8a6c5c4bfa2a3335dc89f59	11	3153	The-Forest/bristlecone/backups/phase14_11F4A_certified_20260811T191714Z/requirement.py
4cebbfaa27e3360a5ec92edd311cd2f9424ee159c8a6c5c4bfa2a3335dc89f59	11	3153	The-Forest/bristlecone/backups/phase14_11F4B_certified_20260811T192006Z/requirement.py
4cebbfaa27e3360a5ec92edd311cd2f9424ee159c8a6c5c4bfa2a3335dc89f59	11	3153	The-Forest/bristlecone/backups/phase14_11F4B_pre_governor_20260811T191858Z/requirement.py
4cebbfaa27e3360a5ec92edd311cd2f9424ee159c8a6c5c4bfa2a3335dc89f59	11	3153	The-Forest/bristlecone/backups/phase14_11F5A_certified_20260811T192954Z/requirement.py
4cebbfaa27e3360a5ec92edd311cd2f9424ee159c8a6c5c4bfa2a3335dc89f59	11	3153	The-Forest/bristlecone/backups/phase14_11F5A_pre_request_preparation_20260811T192403Z/requirement.py
4cebbfaa27e3360a5ec92edd311cd2f9424ee159c8a6c5c4bfa2a3335dc89f59	11	3153	The-Forest/bristlecone/backups/phase14_11F5B_certified_20260811T195129Z/resources/requirement.py
4cebbfaa27e3360a5ec92edd311cd2f9424ee159c8a6c5c4bfa2a3335dc89f59	11	3153	The-Forest/bristlecone/backups/phase14_11F5C2_certified_20260811T200207Z/requirement.py
4cebbfaa27e3360a5ec92edd311cd2f9424ee159c8a6c5c4bfa2a3335dc89f59	11	3153	The-Forest/bristlecone/backups/phase14_11F_certified_20260811T200848Z/resources/requirement.py
4cebbfaa27e3360a5ec92edd311cd2f9424ee159c8a6c5c4bfa2a3335dc89f59	11	3153	The-Forest/bristlecone/backups/phase14_11H7_final_certified_20260811T234518Z/resources/requirement.py
4cebbfaa27e3360a5ec92edd311cd2f9424ee159c8a6c5c4bfa2a3335dc89f59	11	3153	The-Forest/bristlecone/backups/phase14_11L8_A_governor_certified_20260813T005056Z/source/requirement.py
4cebbfaa27e3360a5ec92edd311cd2f9424ee159c8a6c5c4bfa2a3335dc89f59	11	3153	The-Forest/bristlecone/resources/requirement.py
d666cb1471b568bf43db4255f5e84e98c1ea502af467e1e2670e4a93dc364991	11	359191	The-Forest/bristlecone/backups/phase14_11H5G_certified_20260811T233141Z/runtime/task_session.py
d666cb1471b568bf43db4255f5e84e98c1ea502af467e1e2670e4a93dc364991	11	359191	The-Forest/bristlecone/backups/phase14_11H6D_certified_20260811T234357Z/runtime/task_session.py
d666cb1471b568bf43db4255f5e84e98c1ea502af467e1e2670e4a93dc364991	11	359191	The-Forest/bristlecone/backups/phase14_11H7_final_certified_20260811T234518Z/runtime/task_session.py
d666cb1471b568bf43db4255f5e84e98c1ea502af467e1e2670e4a93dc364991	11	359191	The-Forest/bristlecone/backups/phase14_11I9_final_certified_20260812T003738Z/runtime/task_session.py
d666cb1471b568bf43db4255f5e84e98c1ea502af467e1e2670e4a93dc364991	11	359191	The-Forest/bristlecone/backups/phase14_11J1_real_small_certified_20260812T012516Z/runtime/task_session.py
d666cb1471b568bf43db4255f5e84e98c1ea502af467e1e2670e4a93dc364991	11	359191	The-Forest/bristlecone/backups/phase14_11J2_real_commit_certified_20260812T015243Z/runtime/task_session.py
d666cb1471b568bf43db4255f5e84e98c1ea502af467e1e2670e4a93dc364991	11	359191	The-Forest/bristlecone/backups/phase14_11J3_real_reuse_certified_20260812T020325Z/runtime/task_session.py
d666cb1471b568bf43db4255f5e84e98c1ea502af467e1e2670e4a93dc364991	11	359191	The-Forest/bristlecone/backups/phase14_11J4_real_multicontext_certified_20260812T020937Z/runtime/task_session.py
d666cb1471b568bf43db4255f5e84e98c1ea502af467e1e2670e4a93dc364991	11	359191	The-Forest/bristlecone/backups/phase14_11L10_A_sustained_certified_20260813T033046Z/source_snapshots/task_session.py
d666cb1471b568bf43db4255f5e84e98c1ea502af467e1e2670e4a93dc364991	11	359191	The-Forest/bristlecone/backups/phase14_11L9_A_recovery_certified_20260813T023040Z/source_snapshots/task_session.py
d666cb1471b568bf43db4255f5e84e98c1ea502af467e1e2670e4a93dc364991	11	359191	The-Forest/bristlecone/runtime/task_session.py
44136fa355b3678a1146ad16f7e8649e94fb4fc21fe77e8310c060f61caaff8a	10	2	Downloads/The Forest Project/The Forest Project/The-Forest-Project-zeta/Untitled.canvas
44136fa355b3678a1146ad16f7e8649e94fb4fc21fe77e8310c060f61caaff8a	10	2	Downloads/The Forest Project/The Forest Project/Untitled 1.canvas
44136fa355b3678a1146ad16f7e8649e94fb4fc21fe77e8310c060f61caaff8a	10	2	Downloads/The Forest Project/The Forest Project-backup-2026-08-08/The-Forest-Project-zeta/Untitled 1.canvas
44136fa355b3678a1146ad16f7e8649e94fb4fc21fe77e8310c060f61caaff8a	10	2	Downloads/The Forest Project/The Forest Project-backup-2026-08-08/The-Forest-Project-zeta/Untitled.canvas
44136fa355b3678a1146ad16f7e8649e94fb4fc21fe77e8310c060f61caaff8a	10	2	Downloads/The Forest Project/The Forest Project-backup-2026-08-08/Untitled.canvas
44136fa355b3678a1146ad16f7e8649e94fb4fc21fe77e8310c060f61caaff8a	10	2	leaf-litter/The Forest Project/The Forest Project/The-Forest-Project-zeta/Untitled.canvas
44136fa355b3678a1146ad16f7e8649e94fb4fc21fe77e8310c060f61caaff8a	10	2	leaf-litter/The Forest Project/The Forest Project/Untitled 1.canvas
44136fa355b3678a1146ad16f7e8649e94fb4fc21fe77e8310c060f61caaff8a	10	2	leaf-litter/The Forest Project/The Forest Project-backup-2026-08-08/The-Forest-Project-zeta/Untitled 1.canvas
44136fa355b3678a1146ad16f7e8649e94fb4fc21fe77e8310c060f61caaff8a	10	2	leaf-litter/The Forest Project/The Forest Project-backup-2026-08-08/The-Forest-Project-zeta/Untitled.canvas
44136fa355b3678a1146ad16f7e8649e94fb4fc21fe77e8310c060f61caaff8a	10	2	leaf-litter/The Forest Project/The Forest Project-backup-2026-08-08/Untitled.canvas
cfe76640c14423ee3c2e40f841d3d819a6260833454519c7a614261a05241ad9	9	9399	The-Forest/bristlecone/backups/hermes-temporary/config-20260812T192606-700379Z.yaml
cfe76640c14423ee3c2e40f841d3d819a6260833454519c7a614261a05241ad9	9	9399	The-Forest/bristlecone/backups/hermes-temporary/config-20260812T214621-664392Z.yaml
cfe76640c14423ee3c2e40f841d3d819a6260833454519c7a614261a05241ad9	9	9399	The-Forest/bristlecone/backups/hermes-temporary/config-20260812T215843-433847Z.yaml
cfe76640c14423ee3c2e40f841d3d819a6260833454519c7a614261a05241ad9	9	9399	The-Forest/bristlecone/backups/hermes-temporary/config-20260812T220923-441512Z.yaml
cfe76640c14423ee3c2e40f841d3d819a6260833454519c7a614261a05241ad9	9	9399	The-Forest/bristlecone/backups/hermes-temporary/config-20260812T221811-996219Z.yaml
cfe76640c14423ee3c2e40f841d3d819a6260833454519c7a614261a05241ad9	9	9399	The-Forest/bristlecone/backups/hermes-temporary/config-20260812T223532-781983Z.yaml
cfe76640c14423ee3c2e40f841d3d819a6260833454519c7a614261a05241ad9	9	9399	The-Forest/bristlecone/backups/hermes-temporary/config-20260812T232237-725387Z.yaml
cfe76640c14423ee3c2e40f841d3d819a6260833454519c7a614261a05241ad9	9	9399	The-Forest/bristlecone/backups/hermes-temporary/config-20260812T233613-411059Z.yaml
cfe76640c14423ee3c2e40f841d3d819a6260833454519c7a614261a05241ad9	9	9399	The-Forest/bristlecone/backups/hermes-temporary/config-20260812T234758-870476Z.yaml
1ac71c50d1ebbc8f240ec2b6ebab78c70ab83f06ff41769fb7fedaf94524f9a1	8	13195	Downloads/Forest Logs/forest_tree_clone_colony_architecture_checkpoint_2026-08-09.md
1ac71c50d1ebbc8f240ec2b6ebab78c70ab83f06ff41769fb7fedaf94524f9a1	8	13195	Downloads/The Forest Project/The Forest Project/The-Forest-Project-zeta/System/Architechture/forest_tree_clone_colony_architecture_checkpoint_2026-08-09 1.md
1ac71c50d1ebbc8f240ec2b6ebab78c70ab83f06ff41769fb7fedaf94524f9a1	8	13195	Downloads/The Forest Project/The Forest Project/The-Forest-Project-zeta/System/Architechture/forest_tree_clone_colony_architecture_checkpoint_2026-08-09 2.md
1ac71c50d1ebbc8f240ec2b6ebab78c70ab83f06ff41769fb7fedaf94524f9a1	8	13195	Downloads/The Forest Project/The Forest Project/The-Forest-Project-zeta/System/Architechture/forest_tree_clone_colony_architecture_checkpoint_2026-08-09.md
1ac71c50d1ebbc8f240ec2b6ebab78c70ab83f06ff41769fb7fedaf94524f9a1	8	13195	Forest Logs/forest_tree_clone_colony_architecture_checkpoint_2026-08-09.md
1ac71c50d1ebbc8f240ec2b6ebab78c70ab83f06ff41769fb7fedaf94524f9a1	8	13195	leaf-litter/The Forest Project/The Forest Project/The-Forest-Project-zeta/System/Architechture/forest_tree_clone_colony_architecture_checkpoint_2026-08-09 1.md
1ac71c50d1ebbc8f240ec2b6ebab78c70ab83f06ff41769fb7fedaf94524f9a1	8	13195	leaf-litter/The Forest Project/The Forest Project/The-Forest-Project-zeta/System/Architechture/forest_tree_clone_colony_architecture_checkpoint_2026-08-09 2.md
1ac71c50d1ebbc8f240ec2b6ebab78c70ab83f06ff41769fb7fedaf94524f9a1	8	13195	leaf-litter/The Forest Project/The Forest Project/The-Forest-Project-zeta/System/Architechture/forest_tree_clone_colony_architecture_checkpoint_2026-08-09.md
9d25c7802f6e58d4b9e8d21eff025a0c0aff0252afc84bcc13f6b78533e1aaea	8	6165	The-Forest/bristlecone/backups/phase14_11F4B_certified_20260811T192006Z/governor.py
9d25c7802f6e58d4b9e8d21eff025a0c0aff0252afc84bcc13f6b78533e1aaea	8	6165	The-Forest/bristlecone/backups/phase14_11F5A_certified_20260811T192954Z/governor.py
9d25c7802f6e58d4b9e8d21eff025a0c0aff0252afc84bcc13f6b78533e1aaea	8	6165	The-Forest/bristlecone/backups/phase14_11F5A_pre_request_preparation_20260811T192403Z/governor.py
9d25c7802f6e58d4b9e8d21eff025a0c0aff0252afc84bcc13f6b78533e1aaea	8	6165	The-Forest/bristlecone/backups/phase14_11F5B_certified_20260811T195129Z/resources/governor.py
9d25c7802f6e58d4b9e8d21eff025a0c0aff0252afc84bcc13f6b78533e1aaea	8	6165	The-Forest/bristlecone/backups/phase14_11F5C2_certified_20260811T200207Z/governor.py
9d25c7802f6e58d4b9e8d21eff025a0c0aff0252afc84bcc13f6b78533e1aaea	8	6165	The-Forest/bristlecone/backups/phase14_11F_certified_20260811T200848Z/resources/governor.py
9d25c7802f6e58d4b9e8d21eff025a0c0aff0252afc84bcc13f6b78533e1aaea	8	6165	The-Forest/bristlecone/backups/phase14_11L8_A_governor_certified_20260813T005056Z/source/governor.py
9d25c7802f6e58d4b9e8d21eff025a0c0aff0252afc84bcc13f6b78533e1aaea	8	6165	The-Forest/bristlecone/resources/governor.py
be5c33517d8edd8a55694408b1cc71f6aa9460aa589e41cb703a2efbeed9e9b0	8	9414	The-Forest/bristlecone/backups/hermes-config/config-20260808-184538.yaml
be5c33517d8edd8a55694408b1cc71f6aa9460aa589e41cb703a2efbeed9e9b0	8	9414	The-Forest/bristlecone/backups/hermes-exact/config-20260809T115132-783406Z.yaml
be5c33517d8edd8a55694408b1cc71f6aa9460aa589e41cb703a2efbeed9e9b0	8	9414	The-Forest/bristlecone/backups/hermes-exact/config-20260809T115355-998612Z.yaml
be5c33517d8edd8a55694408b1cc71f6aa9460aa589e41cb703a2efbeed9e9b0	8	9414	The-Forest/bristlecone/backups/hermes-exact/config-20260809T120838-921876Z.yaml
be5c33517d8edd8a55694408b1cc71f6aa9460aa589e41cb703a2efbeed9e9b0	8	9414	The-Forest/bristlecone/backups/hermes-exact/config-20260809T122721-327598Z.yaml
be5c33517d8edd8a55694408b1cc71f6aa9460aa589e41cb703a2efbeed9e9b0	8	9414	The-Forest/bristlecone/backups/hermes-temporary/config-20260809T122721-072654Z.yaml
be5c33517d8edd8a55694408b1cc71f6aa9460aa589e41cb703a2efbeed9e9b0	8	9414	The-Forest/bristlecone/backups/hermes-temporary/config-20260809T122721-159199Z.yaml
be5c33517d8edd8a55694408b1cc71f6aa9460aa589e41cb703a2efbeed9e9b0	8	9414	The-Forest/bristlecone/backups/hermes-temporary/config-20260809T122721-267716Z.yaml
f6a5b2af4dcd79c41815ecb8422dfd625e6b81bd29d325fc71fc0d659342cf61	8	4127	The-Forest/bristlecone/backups/phase14_11A_20260811T111813Z/model_form/model.py
f6a5b2af4dcd79c41815ecb8422dfd625e6b81bd29d325fc71fc0d659342cf61	8	4127	The-Forest/bristlecone/backups/phase14_11A_20260811T111826Z/model_form/model.py
f6a5b2af4dcd79c41815ecb8422dfd625e6b81bd29d325fc71fc0d659342cf61	8	4127	The-Forest/bristlecone/backups/phase14_11A_20260811T111851Z/model_form/model.py
f6a5b2af4dcd79c41815ecb8422dfd625e6b81bd29d325fc71fc0d659342cf61	8	4127	The-Forest/bristlecone/backups/phase14_11B_certified_20260811T112947Z/model_form/model.py
f6a5b2af4dcd79c41815ecb8422dfd625e6b81bd29d325fc71fc0d659342cf61	8	4127	The-Forest/bristlecone/backups/phase14_11D0_certified_20260811T123502Z/model_form/model.py
f6a5b2af4dcd79c41815ecb8422dfd625e6b81bd29d325fc71fc0d659342cf61	8	4127	The-Forest/bristlecone/backups/phase14_11D5_certified_20260811T135122Z/model_form/model.py
f6a5b2af4dcd79c41815ecb8422dfd625e6b81bd29d325fc71fc0d659342cf61	8	4127	The-Forest/bristlecone/backups/phase14_11G1_pre_20260811T201227Z/model_form/model.py
f6a5b2af4dcd79c41815ecb8422dfd625e6b81bd29d325fc71fc0d659342cf61	8	4127	The-Forest/bristlecone/model_form/model.py
0b95f47bc0f4321f722a4b6b092a40238ef4193a91ccc40e963233b6a1be627a	7	3417	The-Forest/bristlecone/backups/phase14_11H1_certified_20260811T220927Z/colony/identity.py
0b95f47bc0f4321f722a4b6b092a40238ef4193a91ccc40e963233b6a1be627a	7	3417	The-Forest/bristlecone/backups/phase14_11H2_certified_20260811T221328Z/colony/identity.py
0b95f47bc0f4321f722a4b6b092a40238ef4193a91ccc40e963233b6a1be627a	7	3417	The-Forest/bristlecone/backups/phase14_11H5G_certified_20260811T233141Z/colony/identity.py
0b95f47bc0f4321f722a4b6b092a40238ef4193a91ccc40e963233b6a1be627a	7	3417	The-Forest/bristlecone/backups/phase14_11H6D_certified_20260811T234357Z/colony/identity.py
0b95f47bc0f4321f722a4b6b092a40238ef4193a91ccc40e963233b6a1be627a	7	3417	The-Forest/bristlecone/backups/phase14_11H7_final_certified_20260811T234518Z/colony/identity.py
0b95f47bc0f4321f722a4b6b092a40238ef4193a91ccc40e963233b6a1be627a	7	3417	The-Forest/bristlecone/backups/phase14_11HB5_certified_20260811T231320Z/colony/identity.py
0b95f47bc0f4321f722a4b6b092a40238ef4193a91ccc40e963233b6a1be627a	7	3417	The-Forest/bristlecone/colony/identity.py
168a39da7e9bb9926f2261950a59a031e34ff943db35903e54a498a45e90fcc8	7	4029	The-Forest/bristlecone/backups/phase14_11H3_certified_20260811T222253Z/tests/test_colony_model_residency.py
168a39da7e9bb9926f2261950a59a031e34ff943db35903e54a498a45e90fcc8	7	4029	The-Forest/bristlecone/backups/phase14_11H5G_certified_20260811T233141Z/tests/test_colony_model_residency.py
168a39da7e9bb9926f2261950a59a031e34ff943db35903e54a498a45e90fcc8	7	4029	The-Forest/bristlecone/backups/phase14_11H6D_certified_20260811T234357Z/tests/test_colony_model_residency.py
168a39da7e9bb9926f2261950a59a031e34ff943db35903e54a498a45e90fcc8	7	4029	The-Forest/bristlecone/backups/phase14_11H7_final_certified_20260811T234518Z/tests/test_colony_model_residency.py
168a39da7e9bb9926f2261950a59a031e34ff943db35903e54a498a45e90fcc8	7	4029	The-Forest/bristlecone/backups/phase14_11HB3_certified_20260811T231202Z/tests/test_colony_model_residency.py
168a39da7e9bb9926f2261950a59a031e34ff943db35903e54a498a45e90fcc8	7	4029	The-Forest/bristlecone/backups/phase14_11HB5_certified_20260811T231320Z/tests/test_colony_model_residency.py
168a39da7e9bb9926f2261950a59a031e34ff943db35903e54a498a45e90fcc8	7	4029	The-Forest/bristlecone/tests/test_colony_model_residency.py
40b49375dbe014b27b6fc5696bccf74274864e42953c473b42ffe10a3c552299	7	7145	The-Forest/bristlecone/backups/phase14_11J2_real_commit_certified_20260812T015243Z/resources/live_providers.py
40b49375dbe014b27b6fc5696bccf74274864e42953c473b42ffe10a3c552299	7	7145	The-Forest/bristlecone/backups/phase14_11J3_real_reuse_certified_20260812T020325Z/resources/live_providers.py
40b49375dbe014b27b6fc5696bccf74274864e42953c473b42ffe10a3c552299	7	7145	The-Forest/bristlecone/backups/phase14_11J4_real_multicontext_certified_20260812T020937Z/resources/live_providers.py
40b49375dbe014b27b6fc5696bccf74274864e42953c473b42ffe10a3c552299	7	7145	The-Forest/bristlecone/backups/phase14_11L10_A_sustained_certified_20260813T033046Z/source_snapshots/live_providers.py
40b49375dbe014b27b6fc5696bccf74274864e42953c473b42ffe10a3c552299	7	7145	The-Forest/bristlecone/backups/phase14_11L8_A_governor_certified_20260813T005056Z/source/live_providers.py
40b49375dbe014b27b6fc5696bccf74274864e42953c473b42ffe10a3c552299	7	7145	The-Forest/bristlecone/backups/phase14_11L9_A_recovery_certified_20260813T023040Z/source_snapshots/live_providers.py
40b49375dbe014b27b6fc5696bccf74274864e42953c473b42ffe10a3c552299	7	7145	The-Forest/bristlecone/resources/live_providers.py
6a7a1c235b9bb9f4abb899f0c6e37067674e79a1e138fb80ca13dc2842ac265c	7	11058	The-Forest/bristlecone/backups/phase14_11H4_certified_20260811T222832Z/tests/test_colony_runtime_lifecycle.py
6a7a1c235b9bb9f4abb899f0c6e37067674e79a1e138fb80ca13dc2842ac265c	7	11058	The-Forest/bristlecone/backups/phase14_11H4_certified_20260811T222903Z/tests/test_colony_runtime_lifecycle.py
6a7a1c235b9bb9f4abb899f0c6e37067674e79a1e138fb80ca13dc2842ac265c	7	11058	The-Forest/bristlecone/backups/phase14_11H5G_certified_20260811T233141Z/tests/test_colony_runtime_lifecycle.py
6a7a1c235b9bb9f4abb899f0c6e37067674e79a1e138fb80ca13dc2842ac265c	7	11058	The-Forest/bristlecone/backups/phase14_11H6D_certified_20260811T234357Z/tests/test_colony_runtime_lifecycle.py
6a7a1c235b9bb9f4abb899f0c6e37067674e79a1e138fb80ca13dc2842ac265c	7	11058	The-Forest/bristlecone/backups/phase14_11H7_final_certified_20260811T234518Z/tests/test_colony_runtime_lifecycle.py
6a7a1c235b9bb9f4abb899f0c6e37067674e79a1e138fb80ca13dc2842ac265c	7	11058	The-Forest/bristlecone/backups/phase14_11HB5_certified_20260811T231320Z/tests/test_colony_runtime_lifecycle.py
6a7a1c235b9bb9f4abb899f0c6e37067674e79a1e138fb80ca13dc2842ac265c	7	11058	The-Forest/bristlecone/tests/test_colony_runtime_lifecycle.py
a09e7c2a6203eafd8f1d748b65798d87d0b281635f0b2515addbba4027b7df63	7	3492	The-Forest/bristlecone/backups/phase14_11H3_certified_20260811T222253Z/runtime/model_residency.py
a09e7c2a6203eafd8f1d748b65798d87d0b281635f0b2515addbba4027b7df63	7	3492	The-Forest/bristlecone/backups/phase14_11H5G_certified_20260811T233141Z/runtime/model_residency.py
a09e7c2a6203eafd8f1d748b65798d87d0b281635f0b2515addbba4027b7df63	7	3492	The-Forest/bristlecone/backups/phase14_11H6D_certified_20260811T234357Z/runtime/model_residency.py
a09e7c2a6203eafd8f1d748b65798d87d0b281635f0b2515addbba4027b7df63	7	3492	The-Forest/bristlecone/backups/phase14_11H7_final_certified_20260811T234518Z/runtime/model_residency.py
a09e7c2a6203eafd8f1d748b65798d87d0b281635f0b2515addbba4027b7df63	7	3492	The-Forest/bristlecone/backups/phase14_11HB3_certified_20260811T231202Z/runtime/model_residency.py
a09e7c2a6203eafd8f1d748b65798d87d0b281635f0b2515addbba4027b7df63	7	3492	The-Forest/bristlecone/backups/phase14_11HB5_certified_20260811T231320Z/runtime/model_residency.py
a09e7c2a6203eafd8f1d748b65798d87d0b281635f0b2515addbba4027b7df63	7	3492	The-Forest/bristlecone/runtime/model_residency.py
a37d571f0870cf54d5740d2c8cb3e456cf721a9a589ee3b001a1d3b3467d8865	7	617	The-Forest/bristlecone/backups/phase14_11J5_B_independent_certified_20260812T084447Z/RESULT.txt
a37d571f0870cf54d5740d2c8cb3e456cf721a9a589ee3b001a1d3b3467d8865	7	617	The-Forest/bristlecone/backups/phase14_11J6_A_integrated_real_small_certified_20260812T085401Z/phase14_11J5_B_independent_certified_20260812T084447Z-RESULT.txt
a37d571f0870cf54d5740d2c8cb3e456cf721a9a589ee3b001a1d3b3467d8865	7	617	The-Forest/bristlecone/backups/phase14_11J6_A_integrated_real_small_certified_20260812T090301Z/phase14_11J5_B_independent_certified_20260812T084447Z-RESULT.txt
a37d571f0870cf54d5740d2c8cb3e456cf721a9a589ee3b001a1d3b3467d8865	7	617	The-Forest/bristlecone/backups/phase14_11J6_integrated_real_small_certified_20260812T084618Z/phase14_11J5_B_independent_certified_20260812T084447Z-RESULT.txt
a37d571f0870cf54d5740d2c8cb3e456cf721a9a589ee3b001a1d3b3467d8865	7	617	The-Forest/bristlecone/backups/phase14_11J6_integrated_real_small_certified_20260812T084628Z/phase14_11J5_B_independent_certified_20260812T084447Z-RESULT.txt
a37d571f0870cf54d5740d2c8cb3e456cf721a9a589ee3b001a1d3b3467d8865	7	617	The-Forest/bristlecone/backups/phase14_11J6_integrated_real_small_certified_20260812T084644Z/phase14_11J5_B_independent_certified_20260812T084447Z-RESULT.txt
a37d571f0870cf54d5740d2c8cb3e456cf721a9a589ee3b001a1d3b3467d8865	7	617	The-Forest/bristlecone/backups/phase14_11J7_final_certified_20260812T090615Z/phase14_11J5_B_independent_certified_20260812T084447Z-RESULT.txt
bce0361131c560e1ff8b0bfa5919dfdc291984b1e34965fac8201cac245114e2	7	3337	The-Forest/bristlecone/backups/phase14_11G1B_certified_20260811T201948Z/model_form/automatic_routing.py
bce0361131c560e1ff8b0bfa5919dfdc291984b1e34965fac8201cac245114e2	7	3337	The-Forest/bristlecone/backups/phase14_11G1_certified_20260811T202247Z/model_form/automatic_routing.py
bce0361131c560e1ff8b0bfa5919dfdc291984b1e34965fac8201cac245114e2	7	3337	The-Forest/bristlecone/backups/phase14_11G2_certified_20260811T202527Z/model_form/automatic_routing.py
bce0361131c560e1ff8b0bfa5919dfdc291984b1e34965fac8201cac245114e2	7	3337	The-Forest/bristlecone/backups/phase14_11G3_certified_20260811T203628Z/model_form/automatic_routing.py
bce0361131c560e1ff8b0bfa5919dfdc291984b1e34965fac8201cac245114e2	7	3337	The-Forest/bristlecone/backups/phase14_11G4_certified_20260811T211907Z/model_form/automatic_routing.py
bce0361131c560e1ff8b0bfa5919dfdc291984b1e34965fac8201cac245114e2	7	3337	The-Forest/bristlecone/backups/phase14_11G7_final_certified_20260811T213503Z/model_form/automatic_routing.py
bce0361131c560e1ff8b0bfa5919dfdc291984b1e34965fac8201cac245114e2	7	3337	The-Forest/bristlecone/model_form/automatic_routing.py
e8a7e5cd6a7f9faa1381fa71ac8d33ba2dfc794f04f4f73a2233eb5174dae3bf	7	6215	The-Forest/bristlecone/backups/phase14_11H2_certified_20260811T221328Z/tests/test_colony_runtime_session_isolation.py
e8a7e5cd6a7f9faa1381fa71ac8d33ba2dfc794f04f4f73a2233eb5174dae3bf	7	6215	The-Forest/bristlecone/backups/phase14_11H5G_certified_20260811T233141Z/tests/test_colony_runtime_session_isolation.py
e8a7e5cd6a7f9faa1381fa71ac8d33ba2dfc794f04f4f73a2233eb5174dae3bf	7	6215	The-Forest/bristlecone/backups/phase14_11H6D_certified_20260811T234357Z/tests/test_colony_runtime_session_isolation.py
e8a7e5cd6a7f9faa1381fa71ac8d33ba2dfc794f04f4f73a2233eb5174dae3bf	7	6215	The-Forest/bristlecone/backups/phase14_11H7_final_certified_20260811T234518Z/tests/test_colony_runtime_session_isolation.py
e8a7e5cd6a7f9faa1381fa71ac8d33ba2dfc794f04f4f73a2233eb5174dae3bf	7	6215	The-Forest/bristlecone/backups/phase14_11HB2_certified_20260811T230726Z/tests/test_colony_runtime_session_isolation.py
e8a7e5cd6a7f9faa1381fa71ac8d33ba2dfc794f04f4f73a2233eb5174dae3bf	7	6215	The-Forest/bristlecone/backups/phase14_11HB5_certified_20260811T231320Z/tests/test_colony_runtime_session_isolation.py
e8a7e5cd6a7f9faa1381fa71ac8d33ba2dfc794f04f4f73a2233eb5174dae3bf	7	6215	The-Forest/bristlecone/tests/test_colony_runtime_session_isolation.py
1717d2562ed46d3a6542ba4ea47ab9c845e4ceb390f0b1af8cbf711b6b23b01b	6	29331	Downloads/Forest Logs/The_Forest_Shared_Knowledge_Canopy_and_Spirit_Concept.md
1717d2562ed46d3a6542ba4ea47ab9c845e4ceb390f0b1af8cbf711b6b23b01b	6	29331	Downloads/The Forest Project/The Forest Project/The-Forest-Project-zeta/System/Canopy/The_Forest_Shared_Knowledge_Canopy_and_Spirit_Concept.md
1717d2562ed46d3a6542ba4ea47ab9c845e4ceb390f0b1af8cbf711b6b23b01b	6	29331	Downloads/The Forest Project/The Forest Project-backup-2026-08-08/The-Forest-Project-zeta/System/Canopy/The_Forest_Shared_Knowledge_Canopy_and_Spirit_Concept.md
1717d2562ed46d3a6542ba4ea47ab9c845e4ceb390f0b1af8cbf711b6b23b01b	6	29331	Forest Logs/The_Forest_Shared_Knowledge_Canopy_and_Spirit_Concept.md
1717d2562ed46d3a6542ba4ea47ab9c845e4ceb390f0b1af8cbf711b6b23b01b	6	29331	leaf-litter/The Forest Project/The Forest Project/The-Forest-Project-zeta/System/Canopy/The_Forest_Shared_Knowledge_Canopy_and_Spirit_Concept.md
1717d2562ed46d3a6542ba4ea47ab9c845e4ceb390f0b1af8cbf711b6b23b01b	6	29331	leaf-litter/The Forest Project/The Forest Project-backup-2026-08-08/The-Forest-Project-zeta/System/Canopy/The_Forest_Shared_Knowledge_Canopy_and_Spirit_Concept.md
1e81e71ae3f6af7156ce7464fa5acacd84d37db6b827a5fa4de78993b3986549	6	2442	The-Forest/bristlecone/backups/phase14_11F5A_certified_20260811T192954Z/request_preparation.py
1e81e71ae3f6af7156ce7464fa5acacd84d37db6b827a5fa4de78993b3986549	6	2442	The-Forest/bristlecone/backups/phase14_11F5B_certified_20260811T195129Z/resources/request_preparation.py
1e81e71ae3f6af7156ce7464fa5acacd84d37db6b827a5fa4de78993b3986549	6	2442	The-Forest/bristlecone/backups/phase14_11F5C2_certified_20260811T200207Z/request_preparation.py
1e81e71ae3f6af7156ce7464fa5acacd84d37db6b827a5fa4de78993b3986549	6	2442	The-Forest/bristlecone/backups/phase14_11F_certified_20260811T200848Z/resources/request_preparation.py
1e81e71ae3f6af7156ce7464fa5acacd84d37db6b827a5fa4de78993b3986549	6	2442	The-Forest/bristlecone/backups/phase14_11H7_final_certified_20260811T234518Z/resources/request_preparation.py
1e81e71ae3f6af7156ce7464fa5acacd84d37db6b827a5fa4de78993b3986549	6	2442	The-Forest/bristlecone/resources/request_preparation.py
2c29502e1e4991200286abfd3f803eaf3b1b7b8b343cd733d13b37e2bd5ced25	6	21609	Downloads/Forest Logs/QUBES-PC-SYSTEM-AND-AI-RUNTIME-SNAPSHOT(1).md
2c29502e1e4991200286abfd3f803eaf3b1b7b8b343cd733d13b37e2bd5ced25	6	21609	Downloads/Forest Logs/QUBES-PC-SYSTEM-AND-AI-RUNTIME-SNAPSHOT.md
2c29502e1e4991200286abfd3f803eaf3b1b7b8b343cd733d13b37e2bd5ced25	6	21609	Downloads/The Forest Project/The Forest Project-backup-2026-08-08/The-Forest-Project-zeta/System/Qubes OS/QUBES-PC-SYSTEM-AND-AI-RUNTIME-SNAPSHOT.md
2c29502e1e4991200286abfd3f803eaf3b1b7b8b343cd733d13b37e2bd5ced25	6	21609	Forest Logs/QUBES-PC-SYSTEM-AND-AI-RUNTIME-SNAPSHOT(1).md
2c29502e1e4991200286abfd3f803eaf3b1b7b8b343cd733d13b37e2bd5ced25	6	21609	Forest Logs/QUBES-PC-SYSTEM-AND-AI-RUNTIME-SNAPSHOT.md
2c29502e1e4991200286abfd3f803eaf3b1b7b8b343cd733d13b37e2bd5ced25	6	21609	leaf-litter/The Forest Project/The Forest Project-backup-2026-08-08/The-Forest-Project-zeta/System/Qubes OS/QUBES-PC-SYSTEM-AND-AI-RUNTIME-SNAPSHOT.md
3c3449fa878920ea27f39b6216cf38a687d09a08da1d5b57af68c1a2f4beb48f	6	7080	The-Forest/bristlecone/backups/phase14_11D0_certified_20260811T123502Z/runtime/session_store.py
3c3449fa878920ea27f39b6216cf38a687d09a08da1d5b57af68c1a2f4beb48f	6	7080	The-Forest/bristlecone/backups/phase14_11D5_certified_20260811T135122Z/runtime/session_store.py
3c3449fa878920ea27f39b6216cf38a687d09a08da1d5b57af68c1a2f4beb48f	6	7080	The-Forest/bristlecone/backups/phase14_11H7_final_certified_20260811T234518Z/runtime/session_store.py
3c3449fa878920ea27f39b6216cf38a687d09a08da1d5b57af68c1a2f4beb48f	6	7080	The-Forest/bristlecone/backups/phase14_11HB2_certified_20260811T230726Z/runtime/session_store.py
3c3449fa878920ea27f39b6216cf38a687d09a08da1d5b57af68c1a2f4beb48f	6	7080	The-Forest/bristlecone/backups/phase14_11HB5_certified_20260811T231320Z/runtime/session_store.py
3c3449fa878920ea27f39b6216cf38a687d09a08da1d5b57af68c1a2f4beb48f	6	7080	The-Forest/bristlecone/runtime/session_store.py
44ffdcd9565faab93e5d591fa899d8f10bbb13bff014e7be4869327dfa5a87f8	6	48344	Downloads/The_Forest_Phase14_11_Current_Steps_Checkpoint_2026-08-11(1).md
44ffdcd9565faab93e5d591fa899d8f10bbb13bff014e7be4869327dfa5a87f8	6	48344	Downloads/The_Forest_Phase14_11_Current_Steps_Checkpoint_2026-08-11(2).md
44ffdcd9565faab93e5d591fa899d8f10bbb13bff014e7be4869327dfa5a87f8	6	48344	Downloads/The_Forest_Phase14_11_Current_Steps_Checkpoint_2026-08-11.md
44ffdcd9565faab93e5d591fa899d8f10bbb13bff014e7be4869327dfa5a87f8	6	48344	The_Forest_Phase14_11_Current_Steps_Checkpoint_2026-08-11(1).md
44ffdcd9565faab93e5d591fa899d8f10bbb13bff014e7be4869327dfa5a87f8	6	48344	The_Forest_Phase14_11_Current_Steps_Checkpoint_2026-08-11(2).md
44ffdcd9565faab93e5d591fa899d8f10bbb13bff014e7be4869327dfa5a87f8	6	48344	The_Forest_Phase14_11_Current_Steps_Checkpoint_2026-08-11.md
4884e25a0f608a66815d036e8099b503a4c39dcc0ee3eba2edc0ed512d6497ca	6	117353	Downloads/The_Forest_Bristlecone_Complete_Engineering_Hermes_Phase14_11_Master_Checkpoint_2026-08-11(2).md
4884e25a0f608a66815d036e8099b503a4c39dcc0ee3eba2edc0ed512d6497ca	6	117353	Downloads/The_Forest_Bristlecone_Complete_Engineering_Hermes_Phase14_11_Master_Checkpoint_2026-08-11(3).md
4884e25a0f608a66815d036e8099b503a4c39dcc0ee3eba2edc0ed512d6497ca	6	117353	Downloads/The_Forest_Bristlecone_Complete_Engineering_Hermes_Phase14_11_Master_Checkpoint_2026-08-11.md
4884e25a0f608a66815d036e8099b503a4c39dcc0ee3eba2edc0ed512d6497ca	6	117353	The_Forest_Bristlecone_Complete_Engineering_Hermes_Phase14_11_Master_Checkpoint_2026-08-11(2).md
4884e25a0f608a66815d036e8099b503a4c39dcc0ee3eba2edc0ed512d6497ca	6	117353	The_Forest_Bristlecone_Complete_Engineering_Hermes_Phase14_11_Master_Checkpoint_2026-08-11(3).md
4884e25a0f608a66815d036e8099b503a4c39dcc0ee3eba2edc0ed512d6497ca	6	117353	The_Forest_Bristlecone_Complete_Engineering_Hermes_Phase14_11_Master_Checkpoint_2026-08-11.md
4fafcd4b8d05446d7defeafaac0ebc364ac646e8d1fcf74b2f4a4e9241d1e1a9	6	27115	Downloads/Forest Logs/Qubes_PC_System_Technical_Context.md
4fafcd4b8d05446d7defeafaac0ebc364ac646e8d1fcf74b2f4a4e9241d1e1a9	6	27115	Downloads/The Forest Project/The Forest Project/The-Forest-Project-zeta/System/Qubes OS/Qubes_PC_System_Technical_Context.md
4fafcd4b8d05446d7defeafaac0ebc364ac646e8d1fcf74b2f4a4e9241d1e1a9	6	27115	Downloads/The Forest Project/The Forest Project-backup-2026-08-08/The-Forest-Project-zeta/System/Qubes OS/Qubes_PC_System_Technical_Context.md
4fafcd4b8d05446d7defeafaac0ebc364ac646e8d1fcf74b2f4a4e9241d1e1a9	6	27115	Forest Logs/Qubes_PC_System_Technical_Context.md
4fafcd4b8d05446d7defeafaac0ebc364ac646e8d1fcf74b2f4a4e9241d1e1a9	6	27115	leaf-litter/The Forest Project/The Forest Project/The-Forest-Project-zeta/System/Qubes OS/Qubes_PC_System_Technical_Context.md
4fafcd4b8d05446d7defeafaac0ebc364ac646e8d1fcf74b2f4a4e9241d1e1a9	6	27115	leaf-litter/The Forest Project/The Forest Project-backup-2026-08-08/The-Forest-Project-zeta/System/Qubes OS/Qubes_PC_System_Technical_Context.md
802c0a68111073937eeefd8e5fd3bdaa73b5b3a8eecc066aac91af9c2fc43ea5	6	37129	Downloads/Forest Logs/bristlecone_pine_speed_optimization_plan.txt
802c0a68111073937eeefd8e5fd3bdaa73b5b3a8eecc066aac91af9c2fc43ea5	6	37129	Downloads/The Forest Project/The Forest Project/bristlecone_pine_speed_optimization_plan.txt
802c0a68111073937eeefd8e5fd3bdaa73b5b3a8eecc066aac91af9c2fc43ea5	6	37129	Downloads/The Forest Project/The Forest Project-backup-2026-08-08/bristlecone_pine_speed_optimization_plan.txt
802c0a68111073937eeefd8e5fd3bdaa73b5b3a8eecc066aac91af9c2fc43ea5	6	37129	Forest Logs/bristlecone_pine_speed_optimization_plan.txt
802c0a68111073937eeefd8e5fd3bdaa73b5b3a8eecc066aac91af9c2fc43ea5	6	37129	leaf-litter/The Forest Project/The Forest Project/bristlecone_pine_speed_optimization_plan.txt
802c0a68111073937eeefd8e5fd3bdaa73b5b3a8eecc066aac91af9c2fc43ea5	6	37129	leaf-litter/The Forest Project/The Forest Project-backup-2026-08-08/bristlecone_pine_speed_optimization_plan.txt
8a1d668e898dc2df7b60fd5099be0cf42dd2d4c864cbe163164f0a061a777353	6	2710	The-Forest/bristlecone/backups/phase14_11D0_certified_20260811T123502Z/runtime/session_identity.py
8a1d668e898dc2df7b60fd5099be0cf42dd2d4c864cbe163164f0a061a777353	6	2710	The-Forest/bristlecone/backups/phase14_11D5_certified_20260811T135122Z/runtime/session_identity.py
8a1d668e898dc2df7b60fd5099be0cf42dd2d4c864cbe163164f0a061a777353	6	2710	The-Forest/bristlecone/backups/phase14_11HB2_certified_20260811T230726Z/runtime/session_identity.py
8a1d668e898dc2df7b60fd5099be0cf42dd2d4c864cbe163164f0a061a777353	6	2710	The-Forest/bristlecone/backups/phase14_11HB3_certified_20260811T231202Z/runtime/session_identity.py
8a1d668e898dc2df7b60fd5099be0cf42dd2d4c864cbe163164f0a061a777353	6	2710	The-Forest/bristlecone/backups/phase14_11HB5_certified_20260811T231320Z/runtime/session_identity.py
8a1d668e898dc2df7b60fd5099be0cf42dd2d4c864cbe163164f0a061a777353	6	2710	The-Forest/bristlecone/runtime/session_identity.py
9359e192bb46b8b630982ee31b91966548fe05d0dc1d9029a5ac26ae8c8e644f	6	15864	Downloads/Forest Logs/bristlecone_performance_continuity_and_next_steps(1).md
9359e192bb46b8b630982ee31b91966548fe05d0dc1d9029a5ac26ae8c8e644f	6	15864	Downloads/Forest Logs/bristlecone_performance_continuity_and_next_steps(2).md
9359e192bb46b8b630982ee31b91966548fe05d0dc1d9029a5ac26ae8c8e644f	6	15864	Downloads/Forest Logs/bristlecone_performance_continuity_and_next_steps.md
9359e192bb46b8b630982ee31b91966548fe05d0dc1d9029a5ac26ae8c8e644f	6	15864	Forest Logs/bristlecone_performance_continuity_and_next_steps(1).md
9359e192bb46b8b630982ee31b91966548fe05d0dc1d9029a5ac26ae8c8e644f	6	15864	Forest Logs/bristlecone_performance_continuity_and_next_steps(2).md
9359e192bb46b8b630982ee31b91966548fe05d0dc1d9029a5ac26ae8c8e644f	6	15864	Forest Logs/bristlecone_performance_continuity_and_next_steps.md
979426b1a4c4b15ab871f171e05cfb6036f91ae9e708967351fe12934b923cc6	6	721	The-Forest/bristlecone/backups/phase14_11K1_B_independent_certified_20260812T105820Z/PRODUCTION_SHA256.txt
979426b1a4c4b15ab871f171e05cfb6036f91ae9e708967351fe12934b923cc6	6	721	The-Forest/bristlecone/backups/phase14_11K7_B_independent_certified_20260812T112930Z/PRODUCTION_SHA256.txt
979426b1a4c4b15ab871f171e05cfb6036f91ae9e708967351fe12934b923cc6	6	721	The-Forest/bristlecone/backups/phase14_11L1_B_independent_certified_20260812T122013Z/PRODUCTION_SHA256.txt
979426b1a4c4b15ab871f171e05cfb6036f91ae9e708967351fe12934b923cc6	6	721	The-Forest/bristlecone/backups/phase14_11L2_B_independent_certified_20260812T123909Z/PRODUCTION_SHA256.txt
979426b1a4c4b15ab871f171e05cfb6036f91ae9e708967351fe12934b923cc6	6	721	The-Forest/bristlecone/backups/phase14_11L2_trial1_B_readonly_audited_20260812T122214Z/PRODUCTION_SHA256.txt
979426b1a4c4b15ab871f171e05cfb6036f91ae9e708967351fe12934b923cc6	6	721	The-Forest/bristlecone/backups/phase14_11L4_B_independent_certified_20260812T135338Z/PRODUCTION_SHA256.txt
9f5208300d2f60b8c683812ec44a75b2e834be86936ab3503fc0c0032f2d3f0b	6	4802	The-Forest/bristlecone/backups/phase14_11H1_certified_20260811T220927Z/tests/test_colony_identity.py
9f5208300d2f60b8c683812ec44a75b2e834be86936ab3503fc0c0032f2d3f0b	6	4802	The-Forest/bristlecone/backups/phase14_11H5G_certified_20260811T233141Z/tests/test_colony_identity.py
9f5208300d2f60b8c683812ec44a75b2e834be86936ab3503fc0c0032f2d3f0b	6	4802	The-Forest/bristlecone/backups/phase14_11H6D_certified_20260811T234357Z/tests/test_colony_identity.py
9f5208300d2f60b8c683812ec44a75b2e834be86936ab3503fc0c0032f2d3f0b	6	4802	The-Forest/bristlecone/backups/phase14_11H7_final_certified_20260811T234518Z/tests/test_colony_identity.py
9f5208300d2f60b8c683812ec44a75b2e834be86936ab3503fc0c0032f2d3f0b	6	4802	The-Forest/bristlecone/backups/phase14_11HB5_certified_20260811T231320Z/tests/test_colony_identity.py
9f5208300d2f60b8c683812ec44a75b2e834be86936ab3503fc0c0032f2d3f0b	6	4802	The-Forest/bristlecone/tests/test_colony_identity.py
a05f449644b269d45686b3586e65aa03d85119a6f837311f200f5fda5bb9e358	6	18247	Downloads/Forest Logs/forest_product_doctrine_learning_ecosystem_and_colony_checkpoint_v2_2026-08-09.md
a05f449644b269d45686b3586e65aa03d85119a6f837311f200f5fda5bb9e358	6	18247	Downloads/The Forest Project/The Forest Project/The-Forest-Project-zeta/System/Architechture/forest_product_doctrine_learning_ecosystem_and_colony_checkpoint_v2_2026-08-09 1.md
a05f449644b269d45686b3586e65aa03d85119a6f837311f200f5fda5bb9e358	6	18247	Downloads/The Forest Project/The Forest Project/The-Forest-Project-zeta/System/Architechture/forest_product_doctrine_learning_ecosystem_and_colony_checkpoint_v2_2026-08-09.md
a05f449644b269d45686b3586e65aa03d85119a6f837311f200f5fda5bb9e358	6	18247	Forest Logs/forest_product_doctrine_learning_ecosystem_and_colony_checkpoint_v2_2026-08-09.md
a05f449644b269d45686b3586e65aa03d85119a6f837311f200f5fda5bb9e358	6	18247	leaf-litter/The Forest Project/The Forest Project/The-Forest-Project-zeta/System/Architechture/forest_product_doctrine_learning_ecosystem_and_colony_checkpoint_v2_2026-08-09 1.md
a05f449644b269d45686b3586e65aa03d85119a6f837311f200f5fda5bb9e358	6	18247	leaf-litter/The Forest Project/The Forest Project/The-Forest-Project-zeta/System/Architechture/forest_product_doctrine_learning_ecosystem_and_colony_checkpoint_v2_2026-08-09.md
f28df92e43f1d7b52edb58f35a597ae3f75df4595ef0c6ace333821bb1e9d4cb	6	3757	The-Forest/bristlecone/backups/phase14_11G1_certified_20260811T202247Z/model_form/automatic_routing_evidence.py
f28df92e43f1d7b52edb58f35a597ae3f75df4595ef0c6ace333821bb1e9d4cb	6	3757	The-Forest/bristlecone/backups/phase14_11G2_certified_20260811T202527Z/model_form/automatic_routing_evidence.py
f28df92e43f1d7b52edb58f35a597ae3f75df4595ef0c6ace333821bb1e9d4cb	6	3757	The-Forest/bristlecone/backups/phase14_11G3_certified_20260811T203628Z/model_form/automatic_routing_evidence.py
f28df92e43f1d7b52edb58f35a597ae3f75df4595ef0c6ace333821bb1e9d4cb	6	3757	The-Forest/bristlecone/backups/phase14_11G4_certified_20260811T211907Z/model_form/automatic_routing_evidence.py
f28df92e43f1d7b52edb58f35a597ae3f75df4595ef0c6ace333821bb1e9d4cb	6	3757	The-Forest/bristlecone/backups/phase14_11G7_final_certified_20260811T213503Z/model_form/automatic_routing_evidence.py
f28df92e43f1d7b52edb58f35a597ae3f75df4595ef0c6ace333821bb1e9d4cb	6	3757	The-Forest/bristlecone/model_form/automatic_routing_evidence.py
01dde179a3ad57306e5542580665bd5db20fc9e8c021324eb08c072e594f7b4c	5	3954	The-Forest/bristlecone/backups/phase14_11G2_certified_20260811T202527Z/model_form/automatic_routing_policy.py
01dde179a3ad57306e5542580665bd5db20fc9e8c021324eb08c072e594f7b4c	5	3954	The-Forest/bristlecone/backups/phase14_11G3_certified_20260811T203628Z/model_form/automatic_routing_policy.py
01dde179a3ad57306e5542580665bd5db20fc9e8c021324eb08c072e594f7b4c	5	3954	The-Forest/bristlecone/backups/phase14_11G4_certified_20260811T211907Z/model_form/automatic_routing_policy.py
01dde179a3ad57306e5542580665bd5db20fc9e8c021324eb08c072e594f7b4c	5	3954	The-Forest/bristlecone/backups/phase14_11G7_final_certified_20260811T213503Z/model_form/automatic_routing_policy.py
01dde179a3ad57306e5542580665bd5db20fc9e8c021324eb08c072e594f7b4c	5	3954	The-Forest/bristlecone/model_form/automatic_routing_policy.py
01f8a49932837e5ecaf174e18700b7272e7f4bb29db730886b180949d30b5e94	5	688	The-Forest/bristlecone/backups/phase14_11K8_final_attempt_20260812T113241Z/CERTIFICATE_CHAIN.txt
01f8a49932837e5ecaf174e18700b7272e7f4bb29db730886b180949d30b5e94	5	688	The-Forest/bristlecone/backups/phase14_11K8_final_attempt_20260812T113252Z/CERTIFICATE_CHAIN.txt
01f8a49932837e5ecaf174e18700b7272e7f4bb29db730886b180949d30b5e94	5	688	The-Forest/bristlecone/backups/phase14_11K8_final_attempt_20260812T113322Z/CERTIFICATE_CHAIN.txt
01f8a49932837e5ecaf174e18700b7272e7f4bb29db730886b180949d30b5e94	5	688	The-Forest/bristlecone/backups/phase14_11K8_final_attempt_20260812T113546Z/CERTIFICATE_CHAIN.txt
01f8a49932837e5ecaf174e18700b7272e7f4bb29db730886b180949d30b5e94	5	688	The-Forest/bristlecone/backups/phase14_11K8_final_certified_20260812T113747Z/CERTIFICATE_CHAIN.txt
6553d57d01de3500b4f0f8baefed19729ddcbd83f533e5fd18e22a1458e78632	5	23738	Downloads/Forest Logs/project_forest_bristlecone_chat_transfer_2026-08-09.md
6553d57d01de3500b4f0f8baefed19729ddcbd83f533e5fd18e22a1458e78632	5	23738	Downloads/The Forest Project/The Forest Project/The-Forest-Project-zeta/System/AI/project_forest_bristlecone_chat_transfer_2026-08-09.md
6553d57d01de3500b4f0f8baefed19729ddcbd83f533e5fd18e22a1458e78632	5	23738	Downloads/project_forest_bristlecone_chat_transfer_2026-08-09(2).md
6553d57d01de3500b4f0f8baefed19729ddcbd83f533e5fd18e22a1458e78632	5	23738	Forest Logs/project_forest_bristlecone_chat_transfer_2026-08-09.md
6553d57d01de3500b4f0f8baefed19729ddcbd83f533e5fd18e22a1458e78632	5	23738	leaf-litter/The Forest Project/The Forest Project/The-Forest-Project-zeta/System/AI/project_forest_bristlecone_chat_transfer_2026-08-09.md
b0ba1f9e8c6148cab49a94bc0ea1c49c1f7d9a68cb0138792e91d7aa8d44b417	5	21114	The-Forest/bristlecone/backups/phase14_11G6D_certified_20260811T213408Z/tests/test_model_form_retry_task_session_integration.py
b0ba1f9e8c6148cab49a94bc0ea1c49c1f7d9a68cb0138792e91d7aa8d44b417	5	21114	The-Forest/bristlecone/backups/phase14_11G7_final_certified_20260811T213503Z/tests/test_model_form_retry_task_session_integration.py
b0ba1f9e8c6148cab49a94bc0ea1c49c1f7d9a68cb0138792e91d7aa8d44b417	5	21114	The-Forest/bristlecone/backups/phase14_11I9_final_certified_20260812T003738Z/tests/test_model_form_retry_task_session_integration.py
b0ba1f9e8c6148cab49a94bc0ea1c49c1f7d9a68cb0138792e91d7aa8d44b417	5	21114	The-Forest/bristlecone/backups/phase14_11L9_A_recovery_certified_20260813T023040Z/source_snapshots/test_model_form_retry_task_session_integration.py
b0ba1f9e8c6148cab49a94bc0ea1c49c1f7d9a68cb0138792e91d7aa8d44b417	5	21114	The-Forest/bristlecone/tests/test_model_form_retry_task_session_integration.py
d24f5ec681bdd7bb48355877f9e398ca3e9a04cc556b9da33532f17f0d382cc4	5	26143	Downloads/Forest Logs/forest_data_ecology_mycelium_maple_leaf_lifecycle_checkpoint_2026-08-09.md
d24f5ec681bdd7bb48355877f9e398ca3e9a04cc556b9da33532f17f0d382cc4	5	26143	Downloads/The Forest Project/The Forest Project/The-Forest-Project-zeta/Projects/The Forest/forest_data_ecology_mycelium_maple_leaf_lifecycle_checkpoint_2026-08-09.md
d24f5ec681bdd7bb48355877f9e398ca3e9a04cc556b9da33532f17f0d382cc4	5	26143	Forest Logs/forest_data_ecology_mycelium_maple_leaf_lifecycle_checkpoint_2026-08-09.md
d24f5ec681bdd7bb48355877f9e398ca3e9a04cc556b9da33532f17f0d382cc4	5	26143	forest_data_ecology_mycelium_maple_leaf_lifecycle_checkpoint_2026-08-09.md
d24f5ec681bdd7bb48355877f9e398ca3e9a04cc556b9da33532f17f0d382cc4	5	26143	leaf-litter/The Forest Project/The Forest Project/The-Forest-Project-zeta/Projects/The Forest/forest_data_ecology_mycelium_maple_leaf_lifecycle_checkpoint_2026-08-09.md
d30320794660e19ce6cfd1e593d5d59c10a79f5b02d06f4512244a0018f0af38	5	420	The-Forest/bristlecone/backups/phase14_11H1_certified_20260811T220927Z/colony/__init__.py
d30320794660e19ce6cfd1e593d5d59c10a79f5b02d06f4512244a0018f0af38	5	420	The-Forest/bristlecone/backups/phase14_11H5G_certified_20260811T233141Z/colony/__init__.py
d30320794660e19ce6cfd1e593d5d59c10a79f5b02d06f4512244a0018f0af38	5	420	The-Forest/bristlecone/backups/phase14_11H6D_certified_20260811T234357Z/colony/__init__.py
d30320794660e19ce6cfd1e593d5d59c10a79f5b02d06f4512244a0018f0af38	5	420	The-Forest/bristlecone/backups/phase14_11H7_final_certified_20260811T234518Z/colony/__init__.py
d30320794660e19ce6cfd1e593d5d59c10a79f5b02d06f4512244a0018f0af38	5	420	The-Forest/bristlecone/colony/__init__.py
db970b9e3b8ed0fc85ff318ad442d485337312104275258893558c61bf75ed9b	5	5039	The-Forest/bristlecone/backups/phase14_11A_20260811T111813Z/model_form/__pycache__/model.cpython-314.pyc
db970b9e3b8ed0fc85ff318ad442d485337312104275258893558c61bf75ed9b	5	5039	The-Forest/bristlecone/backups/phase14_11A_20260811T111826Z/model_form/__pycache__/model.cpython-314.pyc
db970b9e3b8ed0fc85ff318ad442d485337312104275258893558c61bf75ed9b	5	5039	The-Forest/bristlecone/backups/phase14_11A_20260811T111851Z/model_form/__pycache__/model.cpython-314.pyc
db970b9e3b8ed0fc85ff318ad442d485337312104275258893558c61bf75ed9b	5	5039	The-Forest/bristlecone/backups/phase14_11B_certified_20260811T112947Z/model_form/__pycache__/model.cpython-314.pyc
db970b9e3b8ed0fc85ff318ad442d485337312104275258893558c61bf75ed9b	5	5039	The-Forest/bristlecone/model_form/__pycache__/model.cpython-314.pyc
01ba4719c80b6fe911b091a7c05124b64eeece964e09c058ef8f9805daca546b	4	1	The-Forest/bristlecone/backups/phase14_11K1_big_binding_certified_20260812T104656Z/LLAMA_SERVER_PROCESSES.txt
01ba4719c80b6fe911b091a7c05124b64eeece964e09c058ef8f9805daca546b	4	1	The-Forest/bristlecone/backups/phase14_11K6_zero_side_effect_certified_20260812T111048Z/LLAMA_SERVER_PROCESSES.txt
01ba4719c80b6fe911b091a7c05124b64eeece964e09c058ef8f9805daca546b	4	1	The-Forest/bristlecone/backups/phase14_11K6_zero_side_effect_certified_20260812T111048Z/RUNTIME_SOCKETS.txt
01ba4719c80b6fe911b091a7c05124b64eeece964e09c058ef8f9805daca546b	4	1	The-Forest/bristlecone/backups/phase14_11K7_A_integrated_certified_20260812T111249Z/LLAMA_SERVER.txt
024676b47e000823f64290b4ecedcbae2c31ffa073b7368f96a4faba9a11ac24	4	1440	The-Forest/bristlecone/backups/phase14_11A_20260811T111826Z/model_form/__init__.py
024676b47e000823f64290b4ecedcbae2c31ffa073b7368f96a4faba9a11ac24	4	1440	The-Forest/bristlecone/backups/phase14_11A_20260811T111851Z/model_form/__init__.py
024676b47e000823f64290b4ecedcbae2c31ffa073b7368f96a4faba9a11ac24	4	1440	The-Forest/bristlecone/backups/phase14_11B_certified_20260811T112947Z/model_form/__init__.py
024676b47e000823f64290b4ecedcbae2c31ffa073b7368f96a4faba9a11ac24	4	1440	The-Forest/bristlecone/backups/phase14_11C_pre_exports_20260811T113310Z/__init__.py
02ef7212a123d2692d55cbcf75e4d6889013f949b3de7ec27452c7c465e16ef8	4	23716	Downloads/Forest Logs/forest_user_context_routing_and_learning_checkpoint_2026-08-09.md
02ef7212a123d2692d55cbcf75e4d6889013f949b3de7ec27452c7c465e16ef8	4	23716	Downloads/The Forest Project/The Forest Project/The-Forest-Project-zeta/System/Architechture/forest_user_context_routing_and_learning_checkpoint_2026-08-09.md
02ef7212a123d2692d55cbcf75e4d6889013f949b3de7ec27452c7c465e16ef8	4	23716	Forest Logs/forest_user_context_routing_and_learning_checkpoint_2026-08-09.md
02ef7212a123d2692d55cbcf75e4d6889013f949b3de7ec27452c7c465e16ef8	4	23716	leaf-litter/The Forest Project/The Forest Project/The-Forest-Project-zeta/System/Architechture/forest_user_context_routing_and_learning_checkpoint_2026-08-09.md
07bb42152a9f7290a4aa0940c11fffb8618248c567adbde6b1647f84312361ff	4	39	Downloads/The Forest Project/The Forest Project/The-Forest-Project-zeta/Archive/-map.base
07bb42152a9f7290a4aa0940c11fffb8618248c567adbde6b1647f84312361ff	4	39	Downloads/The Forest Project/The Forest Project-backup-2026-08-08/The-Forest-Project-zeta/Archive/-map.base
07bb42152a9f7290a4aa0940c11fffb8618248c567adbde6b1647f84312361ff	4	39	leaf-litter/The Forest Project/The Forest Project/The-Forest-Project-zeta/Archive/-map.base
07bb42152a9f7290a4aa0940c11fffb8618248c567adbde6b1647f84312361ff	4	39	leaf-litter/The Forest Project/The Forest Project-backup-2026-08-08/The-Forest-Project-zeta/Archive/-map.base
0d485027b490c4a55cbe2841f943bb1a5d65db3cb44b84ddb599747bc048723c	4	5069	The-Forest/bristlecone/backups/phase14_11F5C2_certified_20260811T200207Z/evaluation.py
0d485027b490c4a55cbe2841f943bb1a5d65db3cb44b84ddb599747bc048723c	4	5069	The-Forest/bristlecone/backups/phase14_11F_certified_20260811T200848Z/resources/evaluation.py
0d485027b490c4a55cbe2841f943bb1a5d65db3cb44b84ddb599747bc048723c	4	5069	The-Forest/bristlecone/backups/phase14_11L8_A_governor_certified_20260813T005056Z/source/evaluation.py
0d485027b490c4a55cbe2841f943bb1a5d65db3cb44b84ddb599747bc048723c	4	5069	The-Forest/bristlecone/resources/evaluation.py
1a4b9f994fc05fd0f1bb9efd5c75c0afafcc3a624f285bcbc7ea2e62be740f57	4	836	The-Forest/bristlecone/backups/phase14_11J4_B_independent_certified_20260812T021158Z/CERTIFICATION.txt
1a4b9f994fc05fd0f1bb9efd5c75c0afafcc3a624f285bcbc7ea2e62be740f57	4	836	The-Forest/bristlecone/backups/phase14_11J6_A_integrated_real_small_certified_20260812T085401Z/phase14_11J4_B_independent_certified_20260812T021158Z-CERTIFICATION.txt
1a4b9f994fc05fd0f1bb9efd5c75c0afafcc3a624f285bcbc7ea2e62be740f57	4	836	The-Forest/bristlecone/backups/phase14_11J6_A_integrated_real_small_certified_20260812T090301Z/phase14_11J4_B_independent_certified_20260812T021158Z-CERTIFICATION.txt
1a4b9f994fc05fd0f1bb9efd5c75c0afafcc3a624f285bcbc7ea2e62be740f57	4	836	The-Forest/bristlecone/backups/phase14_11J7_final_certified_20260812T090615Z/phase14_11J4_B_independent_certified_20260812T021158Z-CERTIFICATION.txt
23a613f51ea81aaf3aa69cef0fc2be6657453bc154202dd209df19f31b97d412	4	58186	Downloads/Forest Logs/bristlecone_pine_full_continuity_packet_v1_1.md
23a613f51ea81aaf3aa69cef0fc2be6657453bc154202dd209df19f31b97d412	4	58186	Downloads/The Forest Project/The Forest Project-backup-2026-08-08/The-Forest-Project-zeta/Trees/True Trees/Bristlecone Pine/bristlecone_pine_full_continuity_packet_v1_1.md
23a613f51ea81aaf3aa69cef0fc2be6657453bc154202dd209df19f31b97d412	4	58186	Forest Logs/bristlecone_pine_full_continuity_packet_v1_1.md
23a613f51ea81aaf3aa69cef0fc2be6657453bc154202dd209df19f31b97d412	4	58186	leaf-litter/The Forest Project/The Forest Project-backup-2026-08-08/The-Forest-Project-zeta/Trees/True Trees/Bristlecone Pine/bristlecone_pine_full_continuity_packet_v1_1.md
254ca7ebabf819e7ea97d76db45f049615ea87bcf216dfaca311a392d9fde128	4	663	Downloads/Forest Logs/02-leaf-foliage-and-all-in-one-forest.md
254ca7ebabf819e7ea97d76db45f049615ea87bcf216dfaca311a392d9fde128	4	663	Downloads/The Forest Project/The Forest Project-backup-2026-08-08/The-Forest-Project-zeta/System/Canopy/02-leaf-foliage-and-all-in-one-forest.md
254ca7ebabf819e7ea97d76db45f049615ea87bcf216dfaca311a392d9fde128	4	663	Forest Logs/02-leaf-foliage-and-all-in-one-forest.md
254ca7ebabf819e7ea97d76db45f049615ea87bcf216dfaca311a392d9fde128	4	663	leaf-litter/The Forest Project/The Forest Project-backup-2026-08-08/The-Forest-Project-zeta/System/Canopy/02-leaf-foliage-and-all-in-one-forest.md
26762d2ae27d1a6749c1889369eae09d0902a96205fec79e17c451b887d8f636	4	26018	Downloads/Forest Logs/forest_phase14_9_source_context_complete_checkpoint_2026-08-09.md
26762d2ae27d1a6749c1889369eae09d0902a96205fec79e17c451b887d8f636	4	26018	Downloads/The Forest Project/The Forest Project/The-Forest-Project-zeta/System/AI/forest_phase14_9_source_context_complete_checkpoint_2026-08-09.md
26762d2ae27d1a6749c1889369eae09d0902a96205fec79e17c451b887d8f636	4	26018	Forest Logs/forest_phase14_9_source_context_complete_checkpoint_2026-08-09.md
26762d2ae27d1a6749c1889369eae09d0902a96205fec79e17c451b887d8f636	4	26018	leaf-litter/The Forest Project/The Forest Project/The-Forest-Project-zeta/System/AI/forest_phase14_9_source_context_complete_checkpoint_2026-08-09.md
270d037e03e209b934a37de9413b2aa05aaaf371b21043e8e98a6626b2e19e7f	4	10240	Downloads/Forest Logs/bristlecone_skill_session_implementation_decision.md
270d037e03e209b934a37de9413b2aa05aaaf371b21043e8e98a6626b2e19e7f	4	10240	Downloads/The Forest Project/The Forest Project/The-Forest-Project-zeta/System/Architechture/bristlecone_skill_session_implementation_decision.md
270d037e03e209b934a37de9413b2aa05aaaf371b21043e8e98a6626b2e19e7f	4	10240	Forest Logs/bristlecone_skill_session_implementation_decision.md
270d037e03e209b934a37de9413b2aa05aaaf371b21043e8e98a6626b2e19e7f	4	10240	leaf-litter/The Forest Project/The Forest Project/The-Forest-Project-zeta/System/Architechture/bristlecone_skill_session_implementation_decision.md
276f506a33f90b35806340dec5d8bba5ed5048158f57f91065f22ef035de6d1f	4	30319	Downloads/Forest Logs/bristlecone_forest_complete_continuity_archive_2026-08-08.md
276f506a33f90b35806340dec5d8bba5ed5048158f57f91065f22ef035de6d1f	4	30319	Downloads/The Forest Project/The Forest Project/The-Forest-Project-zeta/System/Architechture/bristlecone_forest_complete_continuity_archive_2026-08-08.md
276f506a33f90b35806340dec5d8bba5ed5048158f57f91065f22ef035de6d1f	4	30319	Forest Logs/bristlecone_forest_complete_continuity_archive_2026-08-08.md
276f506a33f90b35806340dec5d8bba5ed5048158f57f91065f22ef035de6d1f	4	30319	leaf-litter/The Forest Project/The Forest Project/The-Forest-Project-zeta/System/Architechture/bristlecone_forest_complete_continuity_archive_2026-08-08.md
27a79f03fc2c5c137dada1c002a2fd20d13afba87b86b53ad05ff364a38056bf	4	18433	Downloads/Forest Logs/forest_core_design_doctrine_seasons_spirit_progressive_depth_2026-08-09.md
27a79f03fc2c5c137dada1c002a2fd20d13afba87b86b53ad05ff364a38056bf	4	18433	Downloads/The Forest Project/The Forest Project/The-Forest-Project-zeta/System/Architechture/Forest_core_design_doctrine_seasons_spirit_progressive_depth_2026-08-09.md
27a79f03fc2c5c137dada1c002a2fd20d13afba87b86b53ad05ff364a38056bf	4	18433	Forest Logs/forest_core_design_doctrine_seasons_spirit_progressive_depth_2026-08-09.md
27a79f03fc2c5c137dada1c002a2fd20d13afba87b86b53ad05ff364a38056bf	4	18433	leaf-litter/The Forest Project/The Forest Project/The-Forest-Project-zeta/System/Architechture/Forest_core_design_doctrine_seasons_spirit_progressive_depth_2026-08-09.md
29c9db8b275433046c03202a96cdee5853635bb60c443d0e5c5df16bbf974ac1	4	3313	Downloads/Forest Logs/bristlecone_phase14_3_14_4_hot_path_audit.md
29c9db8b275433046c03202a96cdee5853635bb60c443d0e5c5df16bbf974ac1	4	3313	Downloads/The Forest Project/The Forest Project/The-Forest-Project-zeta/System/Architechture/bristlecone_phase14_3_14_4_hot_path_audit.md
29c9db8b275433046c03202a96cdee5853635bb60c443d0e5c5df16bbf974ac1	4	3313	Forest Logs/bristlecone_phase14_3_14_4_hot_path_audit.md
29c9db8b275433046c03202a96cdee5853635bb60c443d0e5c5df16bbf974ac1	4	3313	leaf-litter/The Forest Project/The Forest Project/The-Forest-Project-zeta/System/Architechture/bristlecone_phase14_3_14_4_hot_path_audit.md
2b05b6a12a22d3fe4118eabe4a0ea6669046b57a256f721bfae5fbfd981a5fee	4	267	The-Forest/bristlecone/backups/phase14_11J6_A_integrated_real_small_certified_20260812T085401Z/phase14_11J5_B_independent_certified_20260812T084447Z-integrity.txt
2b05b6a12a22d3fe4118eabe4a0ea6669046b57a256f721bfae5fbfd981a5fee	4	267	The-Forest/bristlecone/backups/phase14_11J6_integrated_real_small_certified_20260812T084618Z/phase14_11J5_B_independent_certified_20260812T084447Z-integrity.txt
2b05b6a12a22d3fe4118eabe4a0ea6669046b57a256f721bfae5fbfd981a5fee	4	267	The-Forest/bristlecone/backups/phase14_11J6_integrated_real_small_certified_20260812T084628Z/phase14_11J5_B_independent_certified_20260812T084447Z-integrity.txt
2b05b6a12a22d3fe4118eabe4a0ea6669046b57a256f721bfae5fbfd981a5fee	4	267	The-Forest/bristlecone/backups/phase14_11J6_integrated_real_small_certified_20260812T084644Z/phase14_11J5_B_independent_certified_20260812T084447Z-integrity.txt
2c03f2e941001ea0d2a84603f14f6978cafe7268c2c61f4d186d3882e05d7a71	4	2158	The-Forest/bristlecone/backups/phase14_11G5D_certified_20260811T213131Z/model_form/__init__.py
2c03f2e941001ea0d2a84603f14f6978cafe7268c2c61f4d186d3882e05d7a71	4	2158	The-Forest/bristlecone/backups/phase14_11G6D_certified_20260811T213408Z/model_form/__init__.py
2c03f2e941001ea0d2a84603f14f6978cafe7268c2c61f4d186d3882e05d7a71	4	2158	The-Forest/bristlecone/backups/phase14_11G7_final_certified_20260811T213503Z/model_form/__init__.py
2c03f2e941001ea0d2a84603f14f6978cafe7268c2c61f4d186d3882e05d7a71	4	2158	The-Forest/bristlecone/model_form/__init__.py
35a74944465e0f7746b94374de65fb7c5924b05bca58e1698eeb03e2ccd4026c	4	13865	Downloads/The_Forest_Phase14_11E4E1_to_E4E3C1_Checkpoint_2026-08-11(3).md
35a74944465e0f7746b94374de65fb7c5924b05bca58e1698eeb03e2ccd4026c	4	13865	Downloads/The_Forest_Phase14_11E4E1_to_E4E3C1_Checkpoint_2026-08-11.md
35a74944465e0f7746b94374de65fb7c5924b05bca58e1698eeb03e2ccd4026c	4	13865	The_Forest_Phase14_11E4E1_to_E4E3C1_Checkpoint_2026-08-11.md
35a74944465e0f7746b94374de65fb7c5924b05bca58e1698eeb03e2ccd4026c	4	13865	leaf-litter/The_Forest_Phase14_11E4E1_to_E4E3C1_Checkpoint_2026-08-11(3).md
3a5ae27e487e7a099dd30e8cdd1c5209d221fa77321e3b494b81b109be11bce2	4	1031	The-Forest/bristlecone/backups/phase14_11J2_B_independent_certified_20260812T015719Z/CERTIFICATION.txt
3a5ae27e487e7a099dd30e8cdd1c5209d221fa77321e3b494b81b109be11bce2	4	1031	The-Forest/bristlecone/backups/phase14_11J6_A_integrated_real_small_certified_20260812T085401Z/phase14_11J2_B_independent_certified_20260812T015719Z-CERTIFICATION.txt
3a5ae27e487e7a099dd30e8cdd1c5209d221fa77321e3b494b81b109be11bce2	4	1031	The-Forest/bristlecone/backups/phase14_11J6_A_integrated_real_small_certified_20260812T090301Z/phase14_11J2_B_independent_certified_20260812T015719Z-CERTIFICATION.txt
3a5ae27e487e7a099dd30e8cdd1c5209d221fa77321e3b494b81b109be11bce2	4	1031	The-Forest/bristlecone/backups/phase14_11J7_final_certified_20260812T090615Z/phase14_11J2_B_independent_certified_20260812T015719Z-CERTIFICATION.txt
3c0500762d56825ba64436faf021cc338e1c5e0c579482b2658500c9b09e42ee	4	11577	The-Forest/bristlecone/backups/phase14_11G1D_certified_20260811T201835Z/model_form/automatic_router.py
3c0500762d56825ba64436faf021cc338e1c5e0c579482b2658500c9b09e42ee	4	11577	The-Forest/bristlecone/backups/phase14_11G2D_certified_20260811T202633Z/model_form/automatic_router.py
3c0500762d56825ba64436faf021cc338e1c5e0c579482b2658500c9b09e42ee	4	11577	The-Forest/bristlecone/backups/phase14_11G7_final_certified_20260811T213503Z/model_form/automatic_router.py
3c0500762d56825ba64436faf021cc338e1c5e0c579482b2658500c9b09e42ee	4	11577	The-Forest/bristlecone/model_form/automatic_router.py
4374eeac1712a41b47890b4ffff2a54ecce4223c02a1d83816087c03f1ba1ad8	4	31	Downloads/The Forest Project/The Forest Project/.obsidian/app.json
4374eeac1712a41b47890b4ffff2a54ecce4223c02a1d83816087c03f1ba1ad8	4	31	Downloads/The Forest Project/The Forest Project-backup-2026-08-08/.obsidian/app.json
4374eeac1712a41b47890b4ffff2a54ecce4223c02a1d83816087c03f1ba1ad8	4	31	leaf-litter/The Forest Project/The Forest Project/.obsidian/app.json
4374eeac1712a41b47890b4ffff2a54ecce4223c02a1d83816087c03f1ba1ad8	4	31	leaf-litter/The Forest Project/The Forest Project-backup-2026-08-08/.obsidian/app.json
48f16b54711f91ac0e61a5737f144fef51b96fb8aa8d3354756f0a8a95ba69ff	4	3822	The-Forest/bristlecone/backups/phase14_11E1_certified_20260811T135713Z/handoff.py
48f16b54711f91ac0e61a5737f144fef51b96fb8aa8d3354756f0a8a95ba69ff	4	3822	The-Forest/bristlecone/backups/phase14_11E2_certified_20260811T140259Z/handoff.py
48f16b54711f91ac0e61a5737f144fef51b96fb8aa8d3354756f0a8a95ba69ff	4	3822	The-Forest/bristlecone/backups/phase14_11E3_certified_20260811T142122Z/model_form/handoff.py
48f16b54711f91ac0e61a5737f144fef51b96fb8aa8d3354756f0a8a95ba69ff	4	3822	The-Forest/bristlecone/model_form/handoff.py
4b66e899ab4fda054a8e60c227f90e999ef2bd9b2d766cf7e9ea7e9ecd190e57	4	103	Downloads/The Forest Project/The Forest Project/The-Forest-Project-zeta/System/Templates/Template.md
4b66e899ab4fda054a8e60c227f90e999ef2bd9b2d766cf7e9ea7e9ecd190e57	4	103	Downloads/The Forest Project/The Forest Project-backup-2026-08-08/The-Forest-Project-zeta/System/Templates/Template.md
4b66e899ab4fda054a8e60c227f90e999ef2bd9b2d766cf7e9ea7e9ecd190e57	4	103	leaf-litter/The Forest Project/The Forest Project/The-Forest-Project-zeta/System/Templates/Template.md
4b66e899ab4fda054a8e60c227f90e999ef2bd9b2d766cf7e9ea7e9ecd190e57	4	103	leaf-litter/The Forest Project/The Forest Project-backup-2026-08-08/The-Forest-Project-zeta/System/Templates/Template.md
4c9f52431177c9772845fa3cde9f55d1e15d08ec13a5ec5a8669987eb85b0fbb	4	587051	Downloads/The Forest Project/The Forest Project/.obsidian/themes/Ukiyo/theme.css
4c9f52431177c9772845fa3cde9f55d1e15d08ec13a5ec5a8669987eb85b0fbb	4	587051	Downloads/The Forest Project/The Forest Project-backup-2026-08-08/.obsidian/themes/Ukiyo/theme.css
4c9f52431177c9772845fa3cde9f55d1e15d08ec13a5ec5a8669987eb85b0fbb	4	587051	leaf-litter/The Forest Project/The Forest Project/.obsidian/themes/Ukiyo/theme.css
4c9f52431177c9772845fa3cde9f55d1e15d08ec13a5ec5a8669987eb85b0fbb	4	587051	leaf-litter/The Forest Project/The Forest Project-backup-2026-08-08/.obsidian/themes/Ukiyo/theme.css
595fe32c759ca14d647cffd61d48f3d1d381fb91de5c3639439e53772f04b030	4	3516	Downloads/Forest Logs/bristlecone_phase14_2_latency_baseline.md
595fe32c759ca14d647cffd61d48f3d1d381fb91de5c3639439e53772f04b030	4	3516	Downloads/The Forest Project/The Forest Project/The-Forest-Project-zeta/System/Architechture/bristlecone_phase14_2_latency_baseline.md
595fe32c759ca14d647cffd61d48f3d1d381fb91de5c3639439e53772f04b030	4	3516	Forest Logs/bristlecone_phase14_2_latency_baseline.md
595fe32c759ca14d647cffd61d48f3d1d381fb91de5c3639439e53772f04b030	4	3516	leaf-litter/The Forest Project/The Forest Project/The-Forest-Project-zeta/System/Architechture/bristlecone_phase14_2_latency_baseline.md
5ec06eae9155f3dedfe7bad63a75fc2b92a59e41c00ca845cbd5082335e5a78f	4	112	Downloads/The Forest Project/The Forest Project/.obsidian/themes/Origami/manifest.json
5ec06eae9155f3dedfe7bad63a75fc2b92a59e41c00ca845cbd5082335e5a78f	4	112	Downloads/The Forest Project/The Forest Project-backup-2026-08-08/.obsidian/themes/Origami/manifest.json
5ec06eae9155f3dedfe7bad63a75fc2b92a59e41c00ca845cbd5082335e5a78f	4	112	leaf-litter/The Forest Project/The Forest Project/.obsidian/themes/Origami/manifest.json
5ec06eae9155f3dedfe7bad63a75fc2b92a59e41c00ca845cbd5082335e5a78f	4	112	leaf-litter/The Forest Project/The Forest Project-backup-2026-08-08/.obsidian/themes/Origami/manifest.json
63728e429ceb1627f00dd1f7b7a01716cc307aeae21acbe3caa1941cd92f4506	4	20023	Downloads/Forest Logs/bristlecone_layered_hot_context_and_task_session_cache_update.md
63728e429ceb1627f00dd1f7b7a01716cc307aeae21acbe3caa1941cd92f4506	4	20023	Downloads/The Forest Project/The Forest Project/The-Forest-Project-zeta/System/Architechture/bristlecone_layered_hot_context_and_task_session_cache_update.md
63728e429ceb1627f00dd1f7b7a01716cc307aeae21acbe3caa1941cd92f4506	4	20023	Forest Logs/bristlecone_layered_hot_context_and_task_session_cache_update.md
63728e429ceb1627f00dd1f7b7a01716cc307aeae21acbe3caa1941cd92f4506	4	20023	leaf-litter/The Forest Project/The Forest Project/The-Forest-Project-zeta/System/Architechture/bristlecone_layered_hot_context_and_task_session_cache_update.md
67b01a158891446e2154120e60c2fceacc0ed4903f748a823bbcd37f5c742eab	4	9139	Downloads/Forest Logs/forest_phase14_10_revised_reasoning_control_plan_2026-08-10.md
67b01a158891446e2154120e60c2fceacc0ed4903f748a823bbcd37f5c742eab	4	9139	Downloads/The Forest Project/The Forest Project/The-Forest-Project-zeta/System/Architechture/forest_phase14_10_revised_reasoning_control_plan_2026-08-10.md
67b01a158891446e2154120e60c2fceacc0ed4903f748a823bbcd37f5c742eab	4	9139	Forest Logs/forest_phase14_10_revised_reasoning_control_plan_2026-08-10.md
67b01a158891446e2154120e60c2fceacc0ed4903f748a823bbcd37f5c742eab	4	9139	leaf-litter/The Forest Project/The Forest Project/The-Forest-Project-zeta/System/Architechture/forest_phase14_10_revised_reasoning_control_plan_2026-08-10.md
6a2eac1af3c15231bc93850ae5176d4f64b331017377d3ecef5e50b4a6df162c	4	10800	The-Forest/bristlecone/backups/phase14_11G4B_certified_20260811T204626Z/model_form/resolution.py
6a2eac1af3c15231bc93850ae5176d4f64b331017377d3ecef5e50b4a6df162c	4	10800	The-Forest/bristlecone/backups/phase14_11G4_certified_20260811T211907Z/model_form/resolution.py
6a2eac1af3c15231bc93850ae5176d4f64b331017377d3ecef5e50b4a6df162c	4	10800	The-Forest/bristlecone/backups/phase14_11G7_final_certified_20260811T213503Z/model_form/resolution.py
6a2eac1af3c15231bc93850ae5176d4f64b331017377d3ecef5e50b4a6df162c	4	10800	The-Forest/bristlecone/model_form/resolution.py
6a634948b32aee17a988a3dd1796df407dae9b7b3d6d96d1035f276d95910e56	4	1848249	Downloads/The Forest Project/The Forest Project/.obsidian/themes/Origami/theme.css
6a634948b32aee17a988a3dd1796df407dae9b7b3d6d96d1035f276d95910e56	4	1848249	Downloads/The Forest Project/The Forest Project-backup-2026-08-08/.obsidian/themes/Origami/theme.css
6a634948b32aee17a988a3dd1796df407dae9b7b3d6d96d1035f276d95910e56	4	1848249	leaf-litter/The Forest Project/The Forest Project/.obsidian/themes/Origami/theme.css
6a634948b32aee17a988a3dd1796df407dae9b7b3d6d96d1035f276d95910e56	4	1848249	leaf-litter/The Forest Project/The Forest Project-backup-2026-08-08/.obsidian/themes/Origami/theme.css
74110afd51de7ceddd02948d0430b0f9f1b5443a6eaaaa0b8a6e4164a52b0583	4	162	The-Forest/bristlecone/backups/phase14_11D5_certified_20260811T135122Z/model_form/bindings.yaml
74110afd51de7ceddd02948d0430b0f9f1b5443a6eaaaa0b8a6e4164a52b0583	4	162	The-Forest/bristlecone/backups/phase14_11G7_final_certified_20260811T213503Z/model_form/bindings.yaml
74110afd51de7ceddd02948d0430b0f9f1b5443a6eaaaa0b8a6e4164a52b0583	4	162	The-Forest/bristlecone/backups/phase14_11K1_big_binding_certified_20260812T104656Z/BINDINGS.yaml
74110afd51de7ceddd02948d0430b0f9f1b5443a6eaaaa0b8a6e4164a52b0583	4	162	The-Forest/bristlecone/model_form/bindings.yaml
763cf20a921fd9955735b278006820b90b207b2fc04d9e79ca648279c7c14276	4	696	Downloads/The Forest Project/The Forest Project/.obsidian/core-plugins.json
763cf20a921fd9955735b278006820b90b207b2fc04d9e79ca648279c7c14276	4	696	Downloads/The Forest Project/The Forest Project-backup-2026-08-08/.obsidian/core-plugins.json
763cf20a921fd9955735b278006820b90b207b2fc04d9e79ca648279c7c14276	4	696	leaf-litter/The Forest Project/The Forest Project/.obsidian/core-plugins.json
763cf20a921fd9955735b278006820b90b207b2fc04d9e79ca648279c7c14276	4	696	leaf-litter/The Forest Project/The Forest Project-backup-2026-08-08/.obsidian/core-plugins.json
79fbd007508527d41b08ca0dcb49f1c41ce7547efe4d0f11a8e4b0198645b64d	4	141	Downloads/The Forest Project/The Forest Project/.obsidian/themes/Vauxhall/manifest.json
79fbd007508527d41b08ca0dcb49f1c41ce7547efe4d0f11a8e4b0198645b64d	4	141	Downloads/The Forest Project/The Forest Project-backup-2026-08-08/.obsidian/themes/Vauxhall/manifest.json
79fbd007508527d41b08ca0dcb49f1c41ce7547efe4d0f11a8e4b0198645b64d	4	141	leaf-litter/The Forest Project/The Forest Project/.obsidian/themes/Vauxhall/manifest.json
79fbd007508527d41b08ca0dcb49f1c41ce7547efe4d0f11a8e4b0198645b64d	4	141	leaf-litter/The Forest Project/The Forest Project-backup-2026-08-08/.obsidian/themes/Vauxhall/manifest.json
7cad7b39d9757321edb851324106bc93e8c0973a84de4ed0b82584cf5695a46a	4	168	Downloads/The Forest Project/The Forest Project/.obsidian/themes/Ukiyo/manifest.json
7cad7b39d9757321edb851324106bc93e8c0973a84de4ed0b82584cf5695a46a	4	168	Downloads/The Forest Project/The Forest Project-backup-2026-08-08/.obsidian/themes/Ukiyo/manifest.json
7cad7b39d9757321edb851324106bc93e8c0973a84de4ed0b82584cf5695a46a	4	168	leaf-litter/The Forest Project/The Forest Project/.obsidian/themes/Ukiyo/manifest.json
7cad7b39d9757321edb851324106bc93e8c0973a84de4ed0b82584cf5695a46a	4	168	leaf-litter/The Forest Project/The Forest Project-backup-2026-08-08/.obsidian/themes/Ukiyo/manifest.json
8198ce18cf9ab26071f6c2214fd525f90d07d833eb77704d1c8abb2dd46f3bb7	4	29361	Downloads/The Forest Project/The Forest Project/The-Forest-Project-zeta/Projects/The Forest/THE-FOREST-PDC-PDF-PROJECT-KNOWLEDGE-SNAPSHOT(1) 1.md
8198ce18cf9ab26071f6c2214fd525f90d07d833eb77704d1c8abb2dd46f3bb7	4	29361	Downloads/The Forest Project/The Forest Project/The-Forest-Project-zeta/Projects/The Forest/THE-FOREST-PDC-PDF-PROJECT-KNOWLEDGE-SNAPSHOT(3).md
8198ce18cf9ab26071f6c2214fd525f90d07d833eb77704d1c8abb2dd46f3bb7	4	29361	leaf-litter/The Forest Project/The Forest Project/The-Forest-Project-zeta/Projects/The Forest/THE-FOREST-PDC-PDF-PROJECT-KNOWLEDGE-SNAPSHOT(1) 1.md
8198ce18cf9ab26071f6c2214fd525f90d07d833eb77704d1c8abb2dd46f3bb7	4	29361	leaf-litter/The Forest Project/The Forest Project/The-Forest-Project-zeta/Projects/The Forest/THE-FOREST-PDC-PDF-PROJECT-KNOWLEDGE-SNAPSHOT(3).md
8cc745550a1e31cbd26d2cb6e77ce3cabe91fb693443799e4f9ac4efab922386	4	15730	Downloads/Forest Logs/bristlecone_maple_remote_compute_continuity.md
8cc745550a1e31cbd26d2cb6e77ce3cabe91fb693443799e4f9ac4efab922386	4	15730	Downloads/The Forest Project/The Forest Project-backup-2026-08-08/The-Forest-Project-zeta/Trees/True Trees/Bristlecone Pine/bristlecone_maple_remote_compute_continuity 1.md
8cc745550a1e31cbd26d2cb6e77ce3cabe91fb693443799e4f9ac4efab922386	4	15730	Forest Logs/bristlecone_maple_remote_compute_continuity.md
8cc745550a1e31cbd26d2cb6e77ce3cabe91fb693443799e4f9ac4efab922386	4	15730	leaf-litter/The Forest Project/The Forest Project-backup-2026-08-08/The-Forest-Project-zeta/Trees/True Trees/Bristlecone Pine/bristlecone_maple_remote_compute_continuity 1.md
8f2c81e2eca886985877649c2545be58b342451e61357bc27d61b7030ce3f64f	4	11322	Downloads/The Forest Project/The Forest Project/.obsidian/themes/Vauxhall/theme.css
8f2c81e2eca886985877649c2545be58b342451e61357bc27d61b7030ce3f64f	4	11322	Downloads/The Forest Project/The Forest Project-backup-2026-08-08/.obsidian/themes/Vauxhall/theme.css
8f2c81e2eca886985877649c2545be58b342451e61357bc27d61b7030ce3f64f	4	11322	leaf-litter/The Forest Project/The Forest Project/.obsidian/themes/Vauxhall/theme.css
8f2c81e2eca886985877649c2545be58b342451e61357bc27d61b7030ce3f64f	4	11322	leaf-litter/The Forest Project/The Forest Project-backup-2026-08-08/.obsidian/themes/Vauxhall/theme.css
8f5b0ab4cb2e271f5770745187123c3ab49a4cf585d69efb2539d364b3e14396	4	1424	Downloads/Forest Logs/04-mobile-background-agents-and-maple.md
8f5b0ab4cb2e271f5770745187123c3ab49a4cf585d69efb2539d364b3e14396	4	1424	Downloads/The Forest Project/The Forest Project-backup-2026-08-08/The-Forest-Project-zeta/System/AI/04-mobile-background-agents-and-maple.md
8f5b0ab4cb2e271f5770745187123c3ab49a4cf585d69efb2539d364b3e14396	4	1424	Forest Logs/04-mobile-background-agents-and-maple.md
8f5b0ab4cb2e271f5770745187123c3ab49a4cf585d69efb2539d364b3e14396	4	1424	leaf-litter/The Forest Project/The Forest Project-backup-2026-08-08/The-Forest-Project-zeta/System/AI/04-mobile-background-agents-and-maple.md
936f3161d06c02db710be33723cdd835beffed9129986fd53282966be00aa6f8	4	1279173	Downloads/The Forest Project/The Forest Project/.obsidian/themes/Retroma/theme.css
936f3161d06c02db710be33723cdd835beffed9129986fd53282966be00aa6f8	4	1279173	Downloads/The Forest Project/The Forest Project-backup-2026-08-08/.obsidian/themes/Retroma/theme.css
936f3161d06c02db710be33723cdd835beffed9129986fd53282966be00aa6f8	4	1279173	leaf-litter/The Forest Project/The Forest Project/.obsidian/themes/Retroma/theme.css
936f3161d06c02db710be33723cdd835beffed9129986fd53282966be00aa6f8	4	1279173	leaf-litter/The Forest Project/The Forest Project-backup-2026-08-08/.obsidian/themes/Retroma/theme.css
96086e7b62bfe06aec198fb0406fc69af09c3ecd0f9976d8acf4c6723831b930	4	55	Downloads/The Forest Project/The Forest Project/.obsidian/appearance.json
96086e7b62bfe06aec198fb0406fc69af09c3ecd0f9976d8acf4c6723831b930	4	55	Downloads/The Forest Project/The Forest Project-backup-2026-08-08/.obsidian/appearance.json
96086e7b62bfe06aec198fb0406fc69af09c3ecd0f9976d8acf4c6723831b930	4	55	leaf-litter/The Forest Project/The Forest Project/.obsidian/appearance.json
96086e7b62bfe06aec198fb0406fc69af09c3ecd0f9976d8acf4c6723831b930	4	55	leaf-litter/The Forest Project/The Forest Project-backup-2026-08-08/.obsidian/appearance.json
9822a79a0485f75c8d8804917bc0104fb5bcfdc6d1f015ac475fcea7ee3406bc	4	17754	The-Forest/bristlecone/backups/phase14_11G5D_certified_20260811T213131Z/tests/test_model_form_governor_task_session_integration.py
9822a79a0485f75c8d8804917bc0104fb5bcfdc6d1f015ac475fcea7ee3406bc	4	17754	The-Forest/bristlecone/backups/phase14_11G7_final_certified_20260811T213503Z/tests/test_model_form_governor_task_session_integration.py
9822a79a0485f75c8d8804917bc0104fb5bcfdc6d1f015ac475fcea7ee3406bc	4	17754	The-Forest/bristlecone/backups/phase14_11I9_final_certified_20260812T003738Z/tests/test_model_form_governor_task_session_integration.py
9822a79a0485f75c8d8804917bc0104fb5bcfdc6d1f015ac475fcea7ee3406bc	4	17754	The-Forest/bristlecone/tests/test_model_form_governor_task_session_integration.py
9914aa999808de42f0cd035be754b816b96bd848b0773b7a2f75a369b7978cf4	4	7923	The-Forest/bristlecone/corpus/BRISTLECONE-PINE-IDENTITY-STATUS-SEED-0.0.2.txt
9914aa999808de42f0cd035be754b816b96bd848b0773b7a2f75a369b7978cf4	4	7923	Trees/BRISTLECONE-PINE-IDENTITY-STATUS-SEED-0.0.2.txt
9914aa999808de42f0cd035be754b816b96bd848b0773b7a2f75a369b7978cf4	4	7923	Trees/bristlecone-pine-newelle-seed-0.0.2/corpus-source/BRISTLECONE-PINE-IDENTITY-STATUS-SEED-0.0.2.txt
9914aa999808de42f0cd035be754b816b96bd848b0773b7a2f75a369b7978cf4	4	7923	bristlecone-pine-newelle-seed-0.0.2/corpus-source/BRISTLECONE-PINE-IDENTITY-STATUS-SEED-0.0.2.txt
9d91e275185ffc9c77b553e5fd369b9c39d3b0f362d8babc1bdd5b6b5bde201c	4	19202	The-Forest/bristlecone/backups/phase14_11G6BC_synthetic_certified_20260811T211425Z/tests/test_model_form_automatic_routing_retry_isolation.py
9d91e275185ffc9c77b553e5fd369b9c39d3b0f362d8babc1bdd5b6b5bde201c	4	19202	The-Forest/bristlecone/backups/phase14_11G7_final_certified_20260811T213503Z/tests/test_model_form_automatic_routing_retry_isolation.py
9d91e275185ffc9c77b553e5fd369b9c39d3b0f362d8babc1bdd5b6b5bde201c	4	19202	The-Forest/bristlecone/backups/phase14_11I9_final_certified_20260812T003738Z/tests/test_model_form_automatic_routing_retry_isolation.py
9d91e275185ffc9c77b553e5fd369b9c39d3b0f362d8babc1bdd5b6b5bde201c	4	19202	The-Forest/bristlecone/tests/test_model_form_automatic_routing_retry_isolation.py
a74204ce62d2e68a4c60cd635665778eb05188ef148da8782cb84c2371e9c561	4	4077	Downloads/Forest Logs/bristlecone_phase14_1_performance_baseline.md
a74204ce62d2e68a4c60cd635665778eb05188ef148da8782cb84c2371e9c561	4	4077	Downloads/The Forest Project/The Forest Project/The-Forest-Project-zeta/System/Architechture/bristlecone_phase14_1_performance_baseline.md
a74204ce62d2e68a4c60cd635665778eb05188ef148da8782cb84c2371e9c561	4	4077	Forest Logs/bristlecone_phase14_1_performance_baseline.md
a74204ce62d2e68a4c60cd635665778eb05188ef148da8782cb84c2371e9c561	4	4077	leaf-litter/The Forest Project/The Forest Project/The-Forest-Project-zeta/System/Architechture/bristlecone_phase14_1_performance_baseline.md
ab5f11c1b55efe5296b23c14fcba624e99a4ae230e749c35665e418a675c3655	4	11263	Downloads/Forest Logs/forest_spirit_pruning_policy.md
ab5f11c1b55efe5296b23c14fcba624e99a4ae230e749c35665e418a675c3655	4	11263	Downloads/The Forest Project/The Forest Project/The-Forest-Project-zeta/System/Architechture/pruning_policy.md
ab5f11c1b55efe5296b23c14fcba624e99a4ae230e749c35665e418a675c3655	4	11263	Forest Logs/forest_spirit_pruning_policy.md
ab5f11c1b55efe5296b23c14fcba624e99a4ae230e749c35665e418a675c3655	4	11263	leaf-litter/The Forest Project/The Forest Project/The-Forest-Project-zeta/System/Architechture/pruning_policy.md
b90c034f11869b1ec4e69d0c764b53ff76274fe04f8cc4bcfe557c9bfa5ad218	4	5681	Downloads/The Forest Project/The Forest Project/The-Forest-Project-zeta/System/AI/forest_workshops_and_modes_quick_draft.md
b90c034f11869b1ec4e69d0c764b53ff76274fe04f8cc4bcfe557c9bfa5ad218	4	5681	Downloads/The Forest Project/The Forest Project-backup-2026-08-08/The-Forest-Project-zeta/System/AI/forest_workshops_and_modes_quick_draft.md
b90c034f11869b1ec4e69d0c764b53ff76274fe04f8cc4bcfe557c9bfa5ad218	4	5681	leaf-litter/The Forest Project/The Forest Project/The-Forest-Project-zeta/System/AI/forest_workshops_and_modes_quick_draft.md
b90c034f11869b1ec4e69d0c764b53ff76274fe04f8cc4bcfe557c9bfa5ad218	4	5681	leaf-litter/The Forest Project/The Forest Project-backup-2026-08-08/The-Forest-Project-zeta/System/AI/forest_workshops_and_modes_quick_draft.md
bb67cf9d3d82dafbf6302ce67e49ad1ccb348f96093693488fd7c2cd9eb237cc	4	117438	Downloads/Forest Logs/project_forest_bristlecone_full_implementation_history_phase1_to_14_9_2026-08-09.md
bb67cf9d3d82dafbf6302ce67e49ad1ccb348f96093693488fd7c2cd9eb237cc	4	117438	Downloads/The Forest Project/The Forest Project/The-Forest-Project-zeta/Projects/The Forest/project_forest_bristlecone_full_implementation_history_phase1_to_14_9_2026-08-09.md
bb67cf9d3d82dafbf6302ce67e49ad1ccb348f96093693488fd7c2cd9eb237cc	4	117438	Forest Logs/project_forest_bristlecone_full_implementation_history_phase1_to_14_9_2026-08-09.md
bb67cf9d3d82dafbf6302ce67e49ad1ccb348f96093693488fd7c2cd9eb237cc	4	117438	leaf-litter/The Forest Project/The Forest Project/The-Forest-Project-zeta/Projects/The Forest/project_forest_bristlecone_full_implementation_history_phase1_to_14_9_2026-08-09.md
bd415463ba4e3ce0de8d598cdea2512f9005faefd5ed8a431b379db1ea17be7c	4	580	Downloads/Forest Logs/01-early-seed-training-obsidian.md
bd415463ba4e3ce0de8d598cdea2512f9005faefd5ed8a431b379db1ea17be7c	4	580	Downloads/The Forest Project/The Forest Project-backup-2026-08-08/The-Forest-Project-zeta/Trees/Tree Training/01-early-seed-training-obsidian.md
bd415463ba4e3ce0de8d598cdea2512f9005faefd5ed8a431b379db1ea17be7c	4	580	Forest Logs/01-early-seed-training-obsidian.md
bd415463ba4e3ce0de8d598cdea2512f9005faefd5ed8a431b379db1ea17be7c	4	580	leaf-litter/The Forest Project/The Forest Project-backup-2026-08-08/The-Forest-Project-zeta/Trees/Tree Training/01-early-seed-training-obsidian.md
be9ea6d43201f7310eddb98d42a249de1f7ea104e0956bef1819308b8831263a	4	8616	The-Forest/bristlecone/corpus/CHERRY-MAPLE-DEVELOPMENT-LEARNING-GUIDE.txt
be9ea6d43201f7310eddb98d42a249de1f7ea104e0956bef1819308b8831263a	4	8616	Trees/CHERRY-MAPLE-DEVELOPMENT-LEARNING-GUIDE.txt
be9ea6d43201f7310eddb98d42a249de1f7ea104e0956bef1819308b8831263a	4	8616	Trees/bristlecone-pine-newelle-seed-0.0.2/corpus-source/CHERRY-MAPLE-DEVELOPMENT-LEARNING-GUIDE.txt
be9ea6d43201f7310eddb98d42a249de1f7ea104e0956bef1819308b8831263a	4	8616	bristlecone-pine-newelle-seed-0.0.2/corpus-source/CHERRY-MAPLE-DEVELOPMENT-LEARNING-GUIDE.txt
c0ac6bb4cca9eaf737660d5c041218fccc9cd9a4a17468eecbf209db23db2f4b	4	10483	The-Forest/bristlecone/backups/phase14_11H5G_certified_20260811T233141Z/tests/test_colony_h5_integrated_isolation.py
c0ac6bb4cca9eaf737660d5c041218fccc9cd9a4a17468eecbf209db23db2f4b	4	10483	The-Forest/bristlecone/backups/phase14_11H6D_certified_20260811T234357Z/tests/test_colony_h5_integrated_isolation.py
c0ac6bb4cca9eaf737660d5c041218fccc9cd9a4a17468eecbf209db23db2f4b	4	10483	The-Forest/bristlecone/backups/phase14_11H7_final_certified_20260811T234518Z/tests/test_colony_h5_integrated_isolation.py
c0ac6bb4cca9eaf737660d5c041218fccc9cd9a4a17468eecbf209db23db2f4b	4	10483	The-Forest/bristlecone/tests/test_colony_h5_integrated_isolation.py
c5ca8eb57586a5e145a9f328f50a6f9bb7c31cbd3b8a98cfa5aef279789b7199	4	174	Downloads/The Forest Project/The Forest Project/The-Forest-Project-zeta/System/Templates/Bristlecone Pine Template.md
c5ca8eb57586a5e145a9f328f50a6f9bb7c31cbd3b8a98cfa5aef279789b7199	4	174	Downloads/The Forest Project/The Forest Project-backup-2026-08-08/The-Forest-Project-zeta/System/Templates/Bristlecone Pine Template.md
c5ca8eb57586a5e145a9f328f50a6f9bb7c31cbd3b8a98cfa5aef279789b7199	4	174	leaf-litter/The Forest Project/The Forest Project/The-Forest-Project-zeta/System/Templates/Bristlecone Pine Template.md
c5ca8eb57586a5e145a9f328f50a6f9bb7c31cbd3b8a98cfa5aef279789b7199	4	174	leaf-litter/The Forest Project/The Forest Project-backup-2026-08-08/The-Forest-Project-zeta/System/Templates/Bristlecone Pine Template.md
c6c93e468518f9fbc90e8f37134dce3410b5141f6b6920f37e47ac4b5e55b542	4	252	Downloads/The Forest Project/The Forest Project/.obsidian/themes/Retroma/manifest.json
c6c93e468518f9fbc90e8f37134dce3410b5141f6b6920f37e47ac4b5e55b542	4	252	Downloads/The Forest Project/The Forest Project-backup-2026-08-08/.obsidian/themes/Retroma/manifest.json
c6c93e468518f9fbc90e8f37134dce3410b5141f6b6920f37e47ac4b5e55b542	4	252	leaf-litter/The Forest Project/The Forest Project/.obsidian/themes/Retroma/manifest.json
c6c93e468518f9fbc90e8f37134dce3410b5141f6b6920f37e47ac4b5e55b542	4	252	leaf-litter/The Forest Project/The Forest Project-backup-2026-08-08/.obsidian/themes/Retroma/manifest.json
c85b22b197eb0e3c17dfbad1a5d01c0baa8c1ea43edec9302a74ea87938c50ae	4	6275	Downloads/Forest Logs/00-combined-original-prompts-and-suggestions.md
c85b22b197eb0e3c17dfbad1a5d01c0baa8c1ea43edec9302a74ea87938c50ae	4	6275	Downloads/The Forest Project/The Forest Project-backup-2026-08-08/The-Forest-Project-zeta/System/Aritucture/00-combined-original-prompts-and-suggestions.md
c85b22b197eb0e3c17dfbad1a5d01c0baa8c1ea43edec9302a74ea87938c50ae	4	6275	Forest Logs/00-combined-original-prompts-and-suggestions.md
c85b22b197eb0e3c17dfbad1a5d01c0baa8c1ea43edec9302a74ea87938c50ae	4	6275	leaf-litter/The Forest Project/The Forest Project-backup-2026-08-08/The-Forest-Project-zeta/System/Aritucture/00-combined-original-prompts-and-suggestions.md
d2fb426c5dbd2025a2d25286509b7182eb6522d63f8aec07be0dcdba779597b7	4	46549	Downloads/Tree Speak/FOREST-ARTIFACT-GENERATION-TIMELINE.md
d2fb426c5dbd2025a2d25286509b7182eb6522d63f8aec07be0dcdba779597b7	4	46549	Trees/FOREST-ARTIFACT-GENERATION-TIMELINE(1).md
d2fb426c5dbd2025a2d25286509b7182eb6522d63f8aec07be0dcdba779597b7	4	46549	Trees/FOREST-ARTIFACT-GENERATION-TIMELINE.md
d2fb426c5dbd2025a2d25286509b7182eb6522d63f8aec07be0dcdba779597b7	4	46549	leaf-litter/Tree Speak/FOREST-ARTIFACT-GENERATION-TIMELINE.md
d8174699327e7d8afdb5a58a6c884119d9027f554c8951258b95f7bf4322e904	4	350805	The-Forest/bristlecone/backups/phase14_11G4C3B_certified_20260811T210308Z/runtime/task_session.py
d8174699327e7d8afdb5a58a6c884119d9027f554c8951258b95f7bf4322e904	4	350805	The-Forest/bristlecone/backups/phase14_11G4C4_pre_identity_handoff_20260811T210410Z/runtime/task_session.py
d8174699327e7d8afdb5a58a6c884119d9027f554c8951258b95f7bf4322e904	4	350805	The-Forest/bristlecone/backups/phase14_11G4C4_pre_identity_handoff_20260811T210426Z/runtime/task_session.py
d8174699327e7d8afdb5a58a6c884119d9027f554c8951258b95f7bf4322e904	4	350805	The-Forest/bristlecone/backups/phase14_11G4C4_pre_identity_handoff_20260811T210559Z/runtime/task_session.py
d943db87fbedda446f60166c16a19b4f8b39500beaaa81692d2308786e3f9654	4	12742	Downloads/Forest Logs/bristlecone_steps_since_last_archive_2026-08-08.md
d943db87fbedda446f60166c16a19b4f8b39500beaaa81692d2308786e3f9654	4	12742	Downloads/The Forest Project/The Forest Project/The-Forest-Project-zeta/System/Architechture/bristlecone_steps_since_last_archive_2026-08-08.md
d943db87fbedda446f60166c16a19b4f8b39500beaaa81692d2308786e3f9654	4	12742	Forest Logs/bristlecone_steps_since_last_archive_2026-08-08.md
d943db87fbedda446f60166c16a19b4f8b39500beaaa81692d2308786e3f9654	4	12742	leaf-litter/The Forest Project/The Forest Project/The-Forest-Project-zeta/System/Architechture/bristlecone_steps_since_last_archive_2026-08-08.md
da84ec0c8d524f05271ba9608722bbaeb22d3e98d78d28b3fa8a89c0c72b56d1	4	10907	The-Forest/bristlecone/backups/phase14_11B_certified_20260811T112947Z/model_form/control.py
da84ec0c8d524f05271ba9608722bbaeb22d3e98d78d28b3fa8a89c0c72b56d1	4	10907	The-Forest/bristlecone/backups/phase14_11D0_certified_20260811T123502Z/model_form/control.py
da84ec0c8d524f05271ba9608722bbaeb22d3e98d78d28b3fa8a89c0c72b56d1	4	10907	The-Forest/bristlecone/backups/phase14_11G1_pre_20260811T201227Z/model_form/control.py
da84ec0c8d524f05271ba9608722bbaeb22d3e98d78d28b3fa8a89c0c72b56d1	4	10907	The-Forest/bristlecone/model_form/control.py
e2882574a6f81fb7ff2db6dcf553fbc7c5f5f6f139f54193e1ce024625f5f9de	4	118	Downloads/The Forest Project/The Forest Project/.obsidian/templates.json
e2882574a6f81fb7ff2db6dcf553fbc7c5f5f6f139f54193e1ce024625f5f9de	4	118	Downloads/The Forest Project/The Forest Project-backup-2026-08-08/.obsidian/templates.json
e2882574a6f81fb7ff2db6dcf553fbc7c5f5f6f139f54193e1ce024625f5f9de	4	118	leaf-litter/The Forest Project/The Forest Project/.obsidian/templates.json
e2882574a6f81fb7ff2db6dcf553fbc7c5f5f6f139f54193e1ce024625f5f9de	4	118	leaf-litter/The Forest Project/The Forest Project-backup-2026-08-08/.obsidian/templates.json
e2f062c8399b0244b55c71a5221b144923e5e7034a62b76fed25b51b9327ab0e	4	46910	Downloads/Tree Speak/FOREST-ARTIFACT-GENERATION-TIMELINE-UPDATED.md
e2f062c8399b0244b55c71a5221b144923e5e7034a62b76fed25b51b9327ab0e	4	46910	Trees/FOREST-ARTIFACT-GENERATION-TIMELINE-UPDATED(1).md
e2f062c8399b0244b55c71a5221b144923e5e7034a62b76fed25b51b9327ab0e	4	46910	Trees/FOREST-ARTIFACT-GENERATION-TIMELINE-UPDATED.md
e2f062c8399b0244b55c71a5221b144923e5e7034a62b76fed25b51b9327ab0e	4	46910	leaf-litter/Tree Speak/FOREST-ARTIFACT-GENERATION-TIMELINE-UPDATED.md
f7c85300334f49415d600412112a48b247dd73936ee3740a644e7a9afc50ddcb	4	9913	The-Forest/bristlecone/backups/phase14_11D0_certified_20260811T123502Z/model_form/registry.py
f7c85300334f49415d600412112a48b247dd73936ee3740a644e7a9afc50ddcb	4	9913	The-Forest/bristlecone/backups/phase14_11D5_certified_20260811T135122Z/model_form/registry.py
f7c85300334f49415d600412112a48b247dd73936ee3740a644e7a9afc50ddcb	4	9913	The-Forest/bristlecone/backups/phase14_11G1_pre_20260811T201227Z/model_form/registry.py
f7c85300334f49415d600412112a48b247dd73936ee3740a644e7a9afc50ddcb	4	9913	The-Forest/bristlecone/model_form/registry.py
fa174d6da050fbb072f3b031dbea38d3bfd6ea3d080d3b17786adc6eaa61f9da	4	352578	The-Forest/bristlecone/backups/phase14_11G4C4_certified_20260811T210719Z/runtime/task_session.py
fa174d6da050fbb072f3b031dbea38d3bfd6ea3d080d3b17786adc6eaa61f9da	4	352578	The-Forest/bristlecone/backups/phase14_11G4_certified_20260811T211907Z/runtime/task_session.py
fa174d6da050fbb072f3b031dbea38d3bfd6ea3d080d3b17786adc6eaa61f9da	4	352578	The-Forest/bristlecone/backups/phase14_11G7_final_certified_20260811T213503Z/runtime/task_session.py
fa174d6da050fbb072f3b031dbea38d3bfd6ea3d080d3b17786adc6eaa61f9da	4	352578	The-Forest/bristlecone/backups/phase14_11H5E8A_pre_reasoning_context_fix_20260811T224752Z/runtime/task_session.py
fcd063546dc830fe074d0aa2e1a7530ee02bc7b55f048dd1243370a53d0c22e2	4	1197	The-Forest/bristlecone/backups/phase14_11J3_B_independent_certified_20260812T020403Z/CERTIFICATION.txt
fcd063546dc830fe074d0aa2e1a7530ee02bc7b55f048dd1243370a53d0c22e2	4	1197	The-Forest/bristlecone/backups/phase14_11J6_A_integrated_real_small_certified_20260812T085401Z/phase14_11J3_B_independent_certified_20260812T020403Z-CERTIFICATION.txt
fcd063546dc830fe074d0aa2e1a7530ee02bc7b55f048dd1243370a53d0c22e2	4	1197	The-Forest/bristlecone/backups/phase14_11J6_A_integrated_real_small_certified_20260812T090301Z/phase14_11J3_B_independent_certified_20260812T020403Z-CERTIFICATION.txt
fcd063546dc830fe074d0aa2e1a7530ee02bc7b55f048dd1243370a53d0c22e2	4	1197	The-Forest/bristlecone/backups/phase14_11J7_final_certified_20260812T090615Z/phase14_11J3_B_independent_certified_20260812T020403Z-CERTIFICATION.txt
fe81a5faced56126fdd50c3e3cff3bdf47831d54d332f987ef753b911ad2fc95	4	8343	Downloads/Forest Logs/forest_phase14_7_colony_hot_context_checkpoint_2026-08-09.md
fe81a5faced56126fdd50c3e3cff3bdf47831d54d332f987ef753b911ad2fc95	4	8343	Downloads/The Forest Project/The Forest Project/The-Forest-Project-zeta/System/Architechture/forest_phase14_7_colony_hot_context_checkpoint_2026-08-09.md
fe81a5faced56126fdd50c3e3cff3bdf47831d54d332f987ef753b911ad2fc95	4	8343	Forest Logs/forest_phase14_7_colony_hot_context_checkpoint_2026-08-09.md
fe81a5faced56126fdd50c3e3cff3bdf47831d54d332f987ef753b911ad2fc95	4	8343	leaf-litter/The Forest Project/The Forest Project/The-Forest-Project-zeta/System/Architechture/forest_phase14_7_colony_hot_context_checkpoint_2026-08-09.md
086183bfb51a631e9255dbacab3bd1268f75008e5191659ad99fcf5a25a6344f	3	10620	The-Forest/bristlecone/backups/phase14_11A_20260811T111826Z/model_form/control.py
086183bfb51a631e9255dbacab3bd1268f75008e5191659ad99fcf5a25a6344f	3	10620	The-Forest/bristlecone/backups/phase14_11A_20260811T111851Z/model_form/control.py
086183bfb51a631e9255dbacab3bd1268f75008e5191659ad99fcf5a25a6344f	3	10620	The-Forest/bristlecone/backups/phase14_11B_pre_fix_20260811T112226Z/control.py
097a6eee9386d1b4db4310308ff8e053f9fad11f787430d87896bf20975a5779	3	16476	The-Forest/bristlecone/backups/phase14_11G1_pre_20260811T201227Z/reasoning/control.py
097a6eee9386d1b4db4310308ff8e053f9fad11f787430d87896bf20975a5779	3	16476	The-Forest/bristlecone/backups/phase14_11G7_final_certified_20260811T213503Z/reasoning/control.py
097a6eee9386d1b4db4310308ff8e053f9fad11f787430d87896bf20975a5779	3	16476	The-Forest/bristlecone/reasoning/control.py
0c648fdbc26f9cdd6b8ca53d8e6c1ece98696825ed9c94d60cfd6187e0c756c8	3	36407	Downloads/Tree Speak/FOREST-ARTIFACT-ARCHIVE-INDEX.md
0c648fdbc26f9cdd6b8ca53d8e6c1ece98696825ed9c94d60cfd6187e0c756c8	3	36407	Trees/FOREST-ARTIFACT-ARCHIVE-INDEX.md
0c648fdbc26f9cdd6b8ca53d8e6c1ece98696825ed9c94d60cfd6187e0c756c8	3	36407	leaf-litter/Tree Speak/FOREST-ARTIFACT-ARCHIVE-INDEX.md
11e43c3d7e377c77caeeca4ecfdb4bd79547244f1cbe7c4ce98ab71adc04b8aa	3	697	The-Forest/bristlecone/backups/phase14_11H5G_T2_independent_certified_20260811T233533Z/CERTIFICATION.txt
11e43c3d7e377c77caeeca4ecfdb4bd79547244f1cbe7c4ce98ab71adc04b8aa	3	697	The-Forest/bristlecone/backups/phase14_11H5G_T2_independent_certified_20260811T233702Z/CERTIFICATION.txt
11e43c3d7e377c77caeeca4ecfdb4bd79547244f1cbe7c4ce98ab71adc04b8aa	3	697	The-Forest/bristlecone/backups/phase14_11H7_final_certified_20260811T234518Z/prior_certifications/H5G_T2.txt
1434efa215d25f0ba1dfc124c495f4c4d1c843ab4c8c9de84e0155fe3f249768	3	1209	The-Forest/bristlecone/bin/verify-bristlecone.sh
1434efa215d25f0ba1dfc124c495f4c4d1c843ab4c8c9de84e0155fe3f249768	3	1209	Trees/bristlecone-pine-newelle-seed-0.0.2/workspace/bin/verify-bristlecone.sh
1434efa215d25f0ba1dfc124c495f4c4d1c843ab4c8c9de84e0155fe3f249768	3	1209	bristlecone-pine-newelle-seed-0.0.2/workspace/bin/verify-bristlecone.sh
17548170c5d925eb276e5dc91739a42cbf1b5d8f2b94877b657abe0cc68873ae	3	8794	The-Forest/bristlecone/backups/phase14_11G3B_certified_20260811T203405Z/model_form/resolution.py
17548170c5d925eb276e5dc91739a42cbf1b5d8f2b94877b657abe0cc68873ae	3	8794	The-Forest/bristlecone/backups/phase14_11G3_certified_20260811T203628Z/model_form/resolution.py
17548170c5d925eb276e5dc91739a42cbf1b5d8f2b94877b657abe0cc68873ae	3	8794	The-Forest/bristlecone/backups/phase14_11G4B_pre_eligibility_20260811T204057Z/model_form/resolution.py
2565cd7d42bf5a5d482d1b6f34275d388d8e2b472d8f239a7b80686a42c1b036	3	179719	The-Forest/bristlecone/backups/runtime/task-session-before-spring-completion-20260809T120508Z.py
2565cd7d42bf5a5d482d1b6f34275d388d8e2b472d8f239a7b80686a42c1b036	3	179719	The-Forest/bristlecone/backups/runtime/task-session-before-spring-temporary-20260809T122344Z.py
2565cd7d42bf5a5d482d1b6f34275d388d8e2b472d8f239a7b80686a42c1b036	3	179719	The-Forest/bristlecone/backups/runtime/task-session-before-spring-temporary-v2-20260809T122526Z.py
2c781947028c013f882a9d2ee8556333423cd6395fa0fb49ce866b17a717ef2e	3	225	The-Forest/bristlecone/bin/show-newelle-connection.sh
2c781947028c013f882a9d2ee8556333423cd6395fa0fb49ce866b17a717ef2e	3	225	Trees/bristlecone-pine-newelle-seed-0.0.2/workspace/bin/show-newelle-connection.sh
2c781947028c013f882a9d2ee8556333423cd6395fa0fb49ce866b17a717ef2e	3	225	bristlecone-pine-newelle-seed-0.0.2/workspace/bin/show-newelle-connection.sh
2e35143d63bf3d077edb95a4147035018453e019a8f1ee1673912061b883eb2a	3	347335	The-Forest/bristlecone/backups/phase14_11F5B_certified_20260811T195129Z/task_session.py
2e35143d63bf3d077edb95a4147035018453e019a8f1ee1673912061b883eb2a	3	347335	The-Forest/bristlecone/backups/phase14_11F_certified_20260811T200848Z/runtime/task_session.py
2e35143d63bf3d077edb95a4147035018453e019a8f1ee1673912061b883eb2a	3	347335	The-Forest/bristlecone/backups/phase14_11G4C1_pre_passthrough_20260811T204752Z/runtime/task_session.py
3bad97f78b9e99bfd7c18ef5b15a10e8c3c8508add6168bcb90650f9d54195ae	3	16993	Downloads/Tree Speak/FOREST-LANGUAGE-VERSION-METRICS.csv
3bad97f78b9e99bfd7c18ef5b15a10e8c3c8508add6168bcb90650f9d54195ae	3	16993	Trees/FOREST-LANGUAGE-VERSION-METRICS.csv
3bad97f78b9e99bfd7c18ef5b15a10e8c3c8508add6168bcb90650f9d54195ae	3	16993	leaf-litter/Tree Speak/FOREST-LANGUAGE-VERSION-METRICS.csv
3dfb0f961fb32ddc7549c74de2c1755cfdd935b82aa2a9c56ce0a44f09f6ccf4	3	833	The-Forest/bristlecone/backups/phase14_11J6_integrated_real_small_certified_20260812T084618Z/integration-regression.txt
3dfb0f961fb32ddc7549c74de2c1755cfdd935b82aa2a9c56ce0a44f09f6ccf4	3	833	The-Forest/bristlecone/backups/phase14_11J6_integrated_real_small_certified_20260812T084628Z/integration-regression.txt
3dfb0f961fb32ddc7549c74de2c1755cfdd935b82aa2a9c56ce0a44f09f6ccf4	3	833	The-Forest/bristlecone/backups/phase14_11J6_integrated_real_small_certified_20260812T084644Z/integration-regression.txt
42bb30c024a746b7129bbd1c95bf8c1f55b8a2aa7ec34c30d3d5eca6874118dc	3	1422	The-Forest/bristlecone/backups/phase14_11K8_final_attempt_20260812T113241Z/RESULT.txt
42bb30c024a746b7129bbd1c95bf8c1f55b8a2aa7ec34c30d3d5eca6874118dc	3	1422	The-Forest/bristlecone/backups/phase14_11K8_final_attempt_20260812T113252Z/RESULT.txt
42bb30c024a746b7129bbd1c95bf8c1f55b8a2aa7ec34c30d3d5eca6874118dc	3	1422	The-Forest/bristlecone/backups/phase14_11K8_final_attempt_20260812T113322Z/RESULT.txt
451e38ac331c522c3069fd2db98e885444027a26a87549430a75ce3e9df93696	3	2135	The-Forest/bristlecone/backups/phase14_11E2_certified_20260811T140259Z/handoff_detection.py
451e38ac331c522c3069fd2db98e885444027a26a87549430a75ce3e9df93696	3	2135	The-Forest/bristlecone/backups/phase14_11E3_certified_20260811T142122Z/model_form/handoff_detection.py
451e38ac331c522c3069fd2db98e885444027a26a87549430a75ce3e9df93696	3	2135	The-Forest/bristlecone/model_form/handoff_detection.py
45f50345871cc5cef7e95cee12435dc4d43fc6661562a6bd291e749b06c3536f	3	932	The-Forest/bristlecone/bin/test-bristlecone-api.sh
45f50345871cc5cef7e95cee12435dc4d43fc6661562a6bd291e749b06c3536f	3	932	Trees/bristlecone-pine-newelle-seed-0.0.2/workspace/bin/test-bristlecone-api.sh
45f50345871cc5cef7e95cee12435dc4d43fc6661562a6bd291e749b06c3536f	3	932	bristlecone-pine-newelle-seed-0.0.2/workspace/bin/test-bristlecone-api.sh
47daf45a1d5de96595b3ec336aff2dbee070fdaca94f3a240ef5d01e8f117292	3	338	The-Forest/bristlecone/backups/phase14_11K8_final_attempt_20260812T113241Z/SHA256SUMS
47daf45a1d5de96595b3ec336aff2dbee070fdaca94f3a240ef5d01e8f117292	3	338	The-Forest/bristlecone/backups/phase14_11K8_final_attempt_20260812T113252Z/SHA256SUMS
47daf45a1d5de96595b3ec336aff2dbee070fdaca94f3a240ef5d01e8f117292	3	338	The-Forest/bristlecone/backups/phase14_11K8_final_attempt_20260812T113322Z/SHA256SUMS
526df240ac3f7ced0dedbf42719e8539146ae7c2199e250dfbf99bcfba3ef56f	3	726	The-Forest/bristlecone/API-ARCHITECTURE.md
526df240ac3f7ced0dedbf42719e8539146ae7c2199e250dfbf99bcfba3ef56f	3	726	Trees/bristlecone-pine-newelle-seed-0.0.2/docs/API-ARCHITECTURE.md
526df240ac3f7ced0dedbf42719e8539146ae7c2199e250dfbf99bcfba3ef56f	3	726	bristlecone-pine-newelle-seed-0.0.2/docs/API-ARCHITECTURE.md
5be102c94a630ae3b9cd03f64d50179450b4a52ed46b3f054f3fb0a083870f82	3	1017	The-Forest/bristlecone/bin/stop-bristlecone-api.sh
5be102c94a630ae3b9cd03f64d50179450b4a52ed46b3f054f3fb0a083870f82	3	1017	Trees/bristlecone-pine-newelle-seed-0.0.2/workspace/bin/stop-bristlecone-api.sh
5be102c94a630ae3b9cd03f64d50179450b4a52ed46b3f054f3fb0a083870f82	3	1017	bristlecone-pine-newelle-seed-0.0.2/workspace/bin/stop-bristlecone-api.sh
622f2da0df706fcab200310a17a0180caa51324d6769e7893b16227ea66dbf31	3	13826	The-Forest/bristlecone/backups/phase14_10E1B1_20260810T124742Z/control.py
622f2da0df706fcab200310a17a0180caa51324d6769e7893b16227ea66dbf31	3	13826	The-Forest/bristlecone/backups/phase14_10E1B_20260810T123215Z/reasoning/control.py
622f2da0df706fcab200310a17a0180caa51324d6769e7893b16227ea66dbf31	3	13826	The-Forest/bristlecone/backups/phase14_10E1B_retry_20260810T124600Z/reasoning/control.py
63c096b0282bed6e812baaf9272067788ee652f1e3f136714f3d7e834311d20d	3	293056	The-Forest/bristlecone/backups/phase14_11E4D_certified_20260811T150951Z/task_session.py
63c096b0282bed6e812baaf9272067788ee652f1e3f136714f3d7e834311d20d	3	293056	The-Forest/bristlecone/backups/phase14_11E4E1_pre_handoff_preparation_20260811T151448Z/task_session.py
63c096b0282bed6e812baaf9272067788ee652f1e3f136714f3d7e834311d20d	3	293056	The-Forest/bristlecone/backups/phase14_11E4E1_pre_handoff_preparation_20260811T151957Z/task_session.py
64b06bcca60593f4f111946b6cc17711966e3c83773252ff3eb733a1a086412e	3	6604	The-Forest/bristlecone/backups/phase14_11H6D_certified_20260811T234357Z/tests/test_colony_h6_identity_resource_residency.py
64b06bcca60593f4f111946b6cc17711966e3c83773252ff3eb733a1a086412e	3	6604	The-Forest/bristlecone/backups/phase14_11H7_final_certified_20260811T234518Z/tests/test_colony_h6_identity_resource_residency.py
64b06bcca60593f4f111946b6cc17711966e3c83773252ff3eb733a1a086412e	3	6604	The-Forest/bristlecone/tests/test_colony_h6_identity_resource_residency.py
68b9ef58980c62c3686d90c087b45b020d54a2fa2c7cf119caad0a045abbce4f	3	6892	The-Forest/bristlecone/backups/phase14_11L9_A_recovery_certified_20260813T023040Z/benchmarks/l9_recovery_summary.json
68b9ef58980c62c3686d90c087b45b020d54a2fa2c7cf119caad0a045abbce4f	3	6892	The-Forest/bristlecone/backups/phase14_11L9_B_independent_certified_20260813T024209Z/a_anchor/A_RECOVERY_SUMMARY.json
68b9ef58980c62c3686d90c087b45b020d54a2fa2c7cf119caad0a045abbce4f	3	6892	The-Forest/bristlecone/benchmarks/phase14_11L/l9_recovery_summary.json
77838a03833f248c9cf1c86322dd8b5952d95e149355bd345ce9c03bbe443a5c	3	196218	Downloads/Tree Speak/FOREST-COMPONENT-VERSION-DELTAS.csv
77838a03833f248c9cf1c86322dd8b5952d95e149355bd345ce9c03bbe443a5c	3	196218	Trees/FOREST-COMPONENT-VERSION-DELTAS.csv
77838a03833f248c9cf1c86322dd8b5952d95e149355bd345ce9c03bbe443a5c	3	196218	leaf-litter/Tree Speak/FOREST-COMPONENT-VERSION-DELTAS.csv
7c247fef6c785f87cc518c6408c78ef556705068dc6624c7d611a7b8fca2c180	3	98327	The-Forest/bristlecone/backups/runtime/task-session-before-durable-spring-cleaning-20260809T093112Z.py
7c247fef6c785f87cc518c6408c78ef556705068dc6624c7d611a7b8fca2c180	3	98327	The-Forest/bristlecone/backups/runtime/task-session-before-durable-spring-cleaning-v2-20260809T093325Z.py
7c247fef6c785f87cc518c6408c78ef556705068dc6624c7d611a7b8fca2c180	3	98327	The-Forest/bristlecone/backups/runtime/task-session-before-durable-spring-cleaning-v3-20260809T094104Z.py
86ec695e1cd0ded7e183b06832b92c29893ee6d7a772ca06881a163d328bd630	3	186208	The-Forest/bristlecone/backups/phase14_10E1B2_20260810T125049Z/task_session.py
86ec695e1cd0ded7e183b06832b92c29893ee6d7a772ca06881a163d328bd630	3	186208	The-Forest/bristlecone/backups/phase14_10E1B_20260810T123215Z/runtime/task_session.py
86ec695e1cd0ded7e183b06832b92c29893ee6d7a772ca06881a163d328bd630	3	186208	The-Forest/bristlecone/backups/phase14_10E1B_retry_20260810T124600Z/runtime/task_session.py
878898126c99033a087bb5f26ad68ea3c1add785a0a4f7c86a755d0679fa5d02	3	479	The-Forest/bristlecone/FIRST-CONVERSATION.txt
878898126c99033a087bb5f26ad68ea3c1add785a0a4f7c86a755d0679fa5d02	3	479	Trees/bristlecone-pine-newelle-seed-0.0.2/FIRST-CONVERSATION.txt
878898126c99033a087bb5f26ad68ea3c1add785a0a4f7c86a755d0679fa5d02	3	479	bristlecone-pine-newelle-seed-0.0.2/FIRST-CONVERSATION.txt
8813e844ad814d56c520c8c4eec4fe57e4b3f6a3593a1d7530336adb7a6a40f7	3	12369	The-Forest/bristlecone/backups/phase14_11G5C_synthetic_certified_20260811T210321Z/tests/test_model_form_governor_router_contract.py
8813e844ad814d56c520c8c4eec4fe57e4b3f6a3593a1d7530336adb7a6a40f7	3	12369	The-Forest/bristlecone/backups/phase14_11G7_final_certified_20260811T213503Z/tests/test_model_form_governor_router_contract.py
8813e844ad814d56c520c8c4eec4fe57e4b3f6a3593a1d7530336adb7a6a40f7	3	12369	The-Forest/bristlecone/tests/test_model_form_governor_router_contract.py
898f94606de3d5be24d8192365ea7902aef76d5b21a62652c35a518ec7300a04	3	137	The-Forest/bristlecone/backups/phase14_11K1_B_independent_certified_20260812T105820Z/RUNTIME_OBSERVATION.txt
898f94606de3d5be24d8192365ea7902aef76d5b21a62652c35a518ec7300a04	3	137	The-Forest/bristlecone/backups/phase14_11K7_B_independent_certified_20260812T112930Z/RUNTIME_AFTER.txt
898f94606de3d5be24d8192365ea7902aef76d5b21a62652c35a518ec7300a04	3	137	The-Forest/bristlecone/backups/phase14_11K7_B_independent_certified_20260812T112930Z/RUNTIME_BEFORE.txt
92f18fb64c5cc1c1cad31364b8a2f12e0ea4a25492a6227faab0ac5d31711389	3	176741	Downloads/Tree Speak/FOREST-COMPLETE-VERSION-COMPARISON.md
92f18fb64c5cc1c1cad31364b8a2f12e0ea4a25492a6227faab0ac5d31711389	3	176741	Trees/FOREST-COMPLETE-VERSION-COMPARISON.md
92f18fb64c5cc1c1cad31364b8a2f12e0ea4a25492a6227faab0ac5d31711389	3	176741	leaf-litter/Tree Speak/FOREST-COMPLETE-VERSION-COMPARISON.md
994b44553dec0aa955727722d0ece660e1708203ce1cfb56e06fd50dada1fdaf	3	295	The-Forest/bristlecone/backups/phase14_11J6_integrated_real_small_certified_20260812T084618Z/phase14_11J2_B_independent_certified_20260812T015719Z-integrity.txt
994b44553dec0aa955727722d0ece660e1708203ce1cfb56e06fd50dada1fdaf	3	295	The-Forest/bristlecone/backups/phase14_11J6_integrated_real_small_certified_20260812T084628Z/phase14_11J2_B_independent_certified_20260812T015719Z-integrity.txt
994b44553dec0aa955727722d0ece660e1708203ce1cfb56e06fd50dada1fdaf	3	295	The-Forest/bristlecone/backups/phase14_11J6_integrated_real_small_certified_20260812T084644Z/phase14_11J2_B_independent_certified_20260812T015719Z-integrity.txt
99884aff29cba88c8057f916b83b6dad537aa26a29e850737ca471942454fd46	3	3977	The-Forest/bristlecone/backups/phase14_11L10_A_sustained_certified_20260813T033046Z/benchmarks/l10_sustained_session_summary.json
99884aff29cba88c8057f916b83b6dad537aa26a29e850737ca471942454fd46	3	3977	The-Forest/bristlecone/backups/phase14_11L10_B_independent_certified_20260813T033550Z/a_anchor/A_SUSTAINED_SUMMARY.json
99884aff29cba88c8057f916b83b6dad537aa26a29e850737ca471942454fd46	3	3977	The-Forest/bristlecone/benchmarks/phase14_11L/l10_sustained_session_summary.json
a09949eead5cb9772aca312c91630703c7ff8ce43df778730279445b25635084	3	49088	The-Forest/bristlecone/backups/phase14_11L10_A_sustained_certified_20260813T033046Z/source_snapshots/hermes.py
a09949eead5cb9772aca312c91630703c7ff8ce43df778730279445b25635084	3	49088	The-Forest/bristlecone/backups/phase14_11L9_A_recovery_certified_20260813T023040Z/source_snapshots/hermes.py
a09949eead5cb9772aca312c91630703c7ff8ce43df778730279445b25635084	3	49088	The-Forest/bristlecone/runtime/adapters/hermes.py
a8d089a7de0e4f469678831c6220f61ed3930e79f8f0f2afe70f4f3a03b1ec71	3	341567	The-Forest/bristlecone/backups/phase14_11E4E3C2B2B_certified_20260811T174522Z/task_session.py
a8d089a7de0e4f469678831c6220f61ed3930e79f8f0f2afe70f4f3a03b1ec71	3	341567	The-Forest/bristlecone/backups/phase14_11E4E5_certified_20260811T190247Z/task_session.py
a8d089a7de0e4f469678831c6220f61ed3930e79f8f0f2afe70f4f3a03b1ec71	3	341567	The-Forest/bristlecone/backups/phase14_11F5B1_pre_gate_20260811T193309Z/task_session.py
b0adb86ada9e3dd01af592a1def9b4e9fb242d2be263f8dc881211da0582dcc5	3	448	The-Forest/bristlecone/bin/status-bristlecone-api.sh
b0adb86ada9e3dd01af592a1def9b4e9fb242d2be263f8dc881211da0582dcc5	3	448	Trees/bristlecone-pine-newelle-seed-0.0.2/workspace/bin/status-bristlecone-api.sh
b0adb86ada9e3dd01af592a1def9b4e9fb242d2be263f8dc881211da0582dcc5	3	448	bristlecone-pine-newelle-seed-0.0.2/workspace/bin/status-bristlecone-api.sh
b28ec18d6b30b883a1ad334990cae518a3f1d8b54c00f62da28513d1fa3c91a1	3	7659	The-Forest/bristlecone/backups/phase14_11D5_certified_20260811T135122Z/model_form/resolution.py
b28ec18d6b30b883a1ad334990cae518a3f1d8b54c00f62da28513d1fa3c91a1	3	7659	The-Forest/bristlecone/backups/phase14_11G1_pre_20260811T201227Z/model_form/resolution.py
b28ec18d6b30b883a1ad334990cae518a3f1d8b54c00f62da28513d1fa3c91a1	3	7659	The-Forest/bristlecone/backups/phase14_11G3B_pre_provenance_20260811T203044Z/model_form/resolution.py
bb8dc32f3f92f5f4e6894550358e490c05a70e837a64251125ce7557023a550e	3	1876	The-Forest/bristlecone/backups/phase14_11F5C2_certified_20260811T200207Z/__init__.py
bb8dc32f3f92f5f4e6894550358e490c05a70e837a64251125ce7557023a550e	3	1876	The-Forest/bristlecone/backups/phase14_11F_certified_20260811T200848Z/resources/__init__.py
bb8dc32f3f92f5f4e6894550358e490c05a70e837a64251125ce7557023a550e	3	1876	The-Forest/bristlecone/resources/__init__.py
c72b441e483d4190e5c43e6a1324e3c0af08420408bb66dd31e850453503876e	3	685	The-Forest/bristlecone/NEWELLE-PROFILE-INSTRUCTIONS.txt
c72b441e483d4190e5c43e6a1324e3c0af08420408bb66dd31e850453503876e	3	685	Trees/bristlecone-pine-newelle-seed-0.0.2/NEWELLE-PROFILE-INSTRUCTIONS.txt
c72b441e483d4190e5c43e6a1324e3c0af08420408bb66dd31e850453503876e	3	685	bristlecone-pine-newelle-seed-0.0.2/NEWELLE-PROFILE-INSTRUCTIONS.txt
c841d0890e9ee52a307b6e3ddefe4f2df9995b77cbe111078defaf469a5bbcd8	3	16022	The-Forest/bristlecone/backups/phase14_11G2D_certified_20260811T202633Z/tests/test_model_form_automatic_router.py
c841d0890e9ee52a307b6e3ddefe4f2df9995b77cbe111078defaf469a5bbcd8	3	16022	The-Forest/bristlecone/backups/phase14_11G7_final_certified_20260811T213503Z/tests/test_model_form_automatic_router.py
c841d0890e9ee52a307b6e3ddefe4f2df9995b77cbe111078defaf469a5bbcd8	3	16022	The-Forest/bristlecone/tests/test_model_form_automatic_router.py
d09c616f9f154aeb2e7269509ae7e895cb4ffbca8812591c3d2a55a15e488589	3	15765	The-Forest/bristlecone/backups/phase14_6D_20260809T174348Z/capabilities/resolver.py
d09c616f9f154aeb2e7269509ae7e895cb4ffbca8812591c3d2a55a15e488589	3	15765	The-Forest/bristlecone/backups/phase14_6D_20260809T174530Z/capabilities/resolver.py
d09c616f9f154aeb2e7269509ae7e895cb4ffbca8812591c3d2a55a15e488589	3	15765	The-Forest/bristlecone/backups/phase14_6D_corrected_20260809T174745Z/capabilities/resolver.py
d59895d085a72b6b86383a249d705ee7442342c83484b809f08ab4eeca843303	3	478170	Downloads/Tree Speak/FOREST-LANGUAGE-Edited-Candidate-0.13.35-Edit-Chain-002.md
d59895d085a72b6b86383a249d705ee7442342c83484b809f08ab4eeca843303	3	478170	Trees/FOREST-LANGUAGE-Edited-Candidate-0.13.35-Edit-Chain-002.md
d59895d085a72b6b86383a249d705ee7442342c83484b809f08ab4eeca843303	3	478170	leaf-litter/Tree Speak/FOREST-LANGUAGE-Edited-Candidate-0.13.35-Edit-Chain-002.md
d9d5d12c221f24bdd1644fab3eb20501a72881c07399af6b5ecb49fb0668a887	3	295	The-Forest/bristlecone/backups/phase14_11J6_integrated_real_small_certified_20260812T084618Z/phase14_11J4_B_independent_certified_20260812T021158Z-integrity.txt
d9d5d12c221f24bdd1644fab3eb20501a72881c07399af6b5ecb49fb0668a887	3	295	The-Forest/bristlecone/backups/phase14_11J6_integrated_real_small_certified_20260812T084628Z/phase14_11J4_B_independent_certified_20260812T021158Z-integrity.txt
d9d5d12c221f24bdd1644fab3eb20501a72881c07399af6b5ecb49fb0668a887	3	295	The-Forest/bristlecone/backups/phase14_11J6_integrated_real_small_certified_20260812T084644Z/phase14_11J4_B_independent_certified_20260812T021158Z-integrity.txt
db39c515411f2a5d7488b4b8532ca3873988e382bbfb8ab3f3d0370dc5353313	3	182583	The-Forest/bristlecone/backups/phase14_6D_20260809T174348Z/runtime/task_session.py
db39c515411f2a5d7488b4b8532ca3873988e382bbfb8ab3f3d0370dc5353313	3	182583	The-Forest/bristlecone/backups/phase14_6D_20260809T174530Z/runtime/task_session.py
db39c515411f2a5d7488b4b8532ca3873988e382bbfb8ab3f3d0370dc5353313	3	182583	The-Forest/bristlecone/backups/phase14_6D_corrected_20260809T174745Z/runtime/task_session.py
dcacfee132ce66c8fb8bfda0e18c624ec6552c6fad438450101605dee3cbba55	3	1275	The-Forest/bristlecone/bin/start-bristlecone-api.sh
dcacfee132ce66c8fb8bfda0e18c624ec6552c6fad438450101605dee3cbba55	3	1275	Trees/bristlecone-pine-newelle-seed-0.0.2/workspace/bin/start-bristlecone-api.sh
dcacfee132ce66c8fb8bfda0e18c624ec6552c6fad438450101605dee3cbba55	3	1275	bristlecone-pine-newelle-seed-0.0.2/workspace/bin/start-bristlecone-api.sh
e3bd0fe8f9ac39f92c095af0d4c5e8d3277a83f56cba6a9bafe00cef52061584	3	53	The-Forest/bristlecone/backups/phase14_11K1_big_binding_certified_20260812T104656Z/OLLAMA_PS.txt
e3bd0fe8f9ac39f92c095af0d4c5e8d3277a83f56cba6a9bafe00cef52061584	3	53	The-Forest/bristlecone/backups/phase14_11K6_zero_side_effect_certified_20260812T111048Z/OLLAMA_PS.txt
e3bd0fe8f9ac39f92c095af0d4c5e8d3277a83f56cba6a9bafe00cef52061584	3	53	The-Forest/bristlecone/backups/phase14_11K7_A_integrated_certified_20260812T111249Z/OLLAMA_PS.txt
e86a67630aca858e0ec687ea5f2ce99bd7870f5cd59712a2b3e80e3ab3f587cd	3	1740	The-Forest/bristlecone/backups/phase14_11F5A_certified_20260811T192954Z/__init__.py
e86a67630aca858e0ec687ea5f2ce99bd7870f5cd59712a2b3e80e3ab3f587cd	3	1740	The-Forest/bristlecone/backups/phase14_11F5B_certified_20260811T195129Z/resources/__init__.py
e86a67630aca858e0ec687ea5f2ce99bd7870f5cd59712a2b3e80e3ab3f587cd	3	1740	The-Forest/bristlecone/backups/phase14_11F5C2_pre_evaluation_20260811T195652Z/__init__.py
ebbc7e497f2df61dc7f794b3f5e9542aabd95a1995afa51be0e58b59cb37d644	3	295	The-Forest/bristlecone/backups/phase14_11J6_integrated_real_small_certified_20260812T084618Z/phase14_11J3_B_independent_certified_20260812T020403Z-integrity.txt
ebbc7e497f2df61dc7f794b3f5e9542aabd95a1995afa51be0e58b59cb37d644	3	295	The-Forest/bristlecone/backups/phase14_11J6_integrated_real_small_certified_20260812T084628Z/phase14_11J3_B_independent_certified_20260812T020403Z-integrity.txt
ebbc7e497f2df61dc7f794b3f5e9542aabd95a1995afa51be0e58b59cb37d644	3	295	The-Forest/bristlecone/backups/phase14_11J6_integrated_real_small_certified_20260812T084644Z/phase14_11J3_B_independent_certified_20260812T020403Z-integrity.txt
eda7ec3d9b8a050d7e563df9b76f03f807a5ddfbe1a66dd220276c61d82c277f	3	1846	The-Forest/bristlecone/AGENTS.md
eda7ec3d9b8a050d7e563df9b76f03f807a5ddfbe1a66dd220276c61d82c277f	3	1846	Trees/bristlecone-pine-newelle-seed-0.0.2/workspace/AGENTS.md
eda7ec3d9b8a050d7e563df9b76f03f807a5ddfbe1a66dd220276c61d82c277f	3	1846	bristlecone-pine-newelle-seed-0.0.2/workspace/AGENTS.md
f59d9b26f792a3f87444311659a15fb36ccc2a3ae0dc2caece53f2e8ac135472	3	873	The-Forest/bristlecone/seed-manifest.json
f59d9b26f792a3f87444311659a15fb36ccc2a3ae0dc2caece53f2e8ac135472	3	873	Trees/bristlecone-pine-newelle-seed-0.0.2/seed-manifest.json
f59d9b26f792a3f87444311659a15fb36ccc2a3ae0dc2caece53f2e8ac135472	3	873	bristlecone-pine-newelle-seed-0.0.2/seed-manifest.json
f6604bce6c78b0f1a3c0f1de222b143d315dbe630776b8bdaf326e680327e997	3	5215	The-Forest/bristlecone/backups/phase14_11E3B_certified_20260811T141850Z/conversation_continuity.py
f6604bce6c78b0f1a3c0f1de222b143d315dbe630776b8bdaf326e680327e997	3	5215	The-Forest/bristlecone/backups/phase14_11E3_certified_20260811T142122Z/runtime/conversation_continuity.py
f6604bce6c78b0f1a3c0f1de222b143d315dbe630776b8bdaf326e680327e997	3	5215	The-Forest/bristlecone/runtime/conversation_continuity.py
f9d07b51af86929fa94ba6a3b57ee2479a72cb7a9d0ee59bf5ef6770f321b33b	3	6728	The-Forest/bristlecone/backups/phase14_11H6D_certified_20260811T234357Z/tests/test_colony_h6_lifecycle_resource_composition.py
f9d07b51af86929fa94ba6a3b57ee2479a72cb7a9d0ee59bf5ef6770f321b33b	3	6728	The-Forest/bristlecone/backups/phase14_11H7_final_certified_20260811T234518Z/tests/test_colony_h6_lifecycle_resource_composition.py
f9d07b51af86929fa94ba6a3b57ee2479a72cb7a9d0ee59bf5ef6770f321b33b	3	6728	The-Forest/bristlecone/tests/test_colony_h6_lifecycle_resource_composition.py
0043355b0b0738aaf19041c0ee9daccc9c0258607f67721388c6efce640713d5	2	280436	The-Forest/bristlecone/backups/phase14_11E4C_certified_20260811T144507Z/task_session.py
0043355b0b0738aaf19041c0ee9daccc9c0258607f67721388c6efce640713d5	2	280436	The-Forest/bristlecone/backups/phase14_11E4D_pre_success_commit_20260811T145828Z/task_session.py
00dd0b203d31cbc9e4c40b2270b7e077734ba3e3a7e8ff3564e530a20cc87eb7	2	21574	Downloads/The Forest Project/The Forest Project/The-Forest-Project-zeta/System/Architechture/forest_portable_tree_runtime_and_high_speed_workshop_architecture.md
00dd0b203d31cbc9e4c40b2270b7e077734ba3e3a7e8ff3564e530a20cc87eb7	2	21574	leaf-litter/The Forest Project/The Forest Project/The-Forest-Project-zeta/System/Architechture/forest_portable_tree_runtime_and_high_speed_workshop_architecture.md
00dea7ff800b9e8a673300476427ebba568c48ccf7e46006aad45451aeb6c66c	2	578	The-Forest/bristlecone/backups/phase14_11G6BC_pre_20260811T211351Z/source_sha256.txt
00dea7ff800b9e8a673300476427ebba568c48ccf7e46006aad45451aeb6c66c	2	578	The-Forest/bristlecone/backups/phase14_11G6BC_synthetic_certified_20260811T211425Z/observed_production_sha256.txt
02a5e47a95a25edd2e5bd9ee111941d633eea8d401f9cd7cf72ce1252973777b	2	755	The-Forest/bristlecone/backups/phase14_11G5D_pre_20260811T212852Z/source_sha256.txt
02a5e47a95a25edd2e5bd9ee111941d633eea8d401f9cd7cf72ce1252973777b	2	755	The-Forest/bristlecone/backups/phase14_11G5D_pre_20260811T212918Z/source_sha256.txt
030de6dfcedc4123f09422a5f8f3a782e67023251b90ced5353a60cdaa3d3505	2	119	Downloads/The Forest Project/The Forest Project/The-Forest-Project-zeta/Trees/True Trees/Sycamore/Sycamore.md
030de6dfcedc4123f09422a5f8f3a782e67023251b90ced5353a60cdaa3d3505	2	119	leaf-litter/The Forest Project/The Forest Project/The-Forest-Project-zeta/Trees/True Trees/Sycamore/Sycamore.md
03db4745e8f0d43cb6603285722dd3e935d911f9c53478225d632f4752fb3583	2	6232	Downloads/The Forest Project/The Forest Project/Untitled.md
03db4745e8f0d43cb6603285722dd3e935d911f9c53478225d632f4752fb3583	2	6232	leaf-litter/The Forest Project/The Forest Project/Untitled.md
07537597151a4de8f082a64ffa444e602bc7a4d2b0ec2b934f7cb4b332e56a3b	2	28	Downloads/The Forest Project/The Forest Project/Untitled.canvas
07537597151a4de8f082a64ffa444e602bc7a4d2b0ec2b934f7cb4b332e56a3b	2	28	leaf-litter/The Forest Project/The Forest Project/Untitled.canvas
090d1d1abf8f515d8c8948992cf4539969bb9d5e8f4de1caf7644a5e0ada04b8	2	893	Downloads/The Forest Project/The Forest Project/The-Forest-Project-zeta/Trees/True Trees/Maple/Maple.md
090d1d1abf8f515d8c8948992cf4539969bb9d5e8f4de1caf7644a5e0ada04b8	2	893	leaf-litter/The Forest Project/The Forest Project/The-Forest-Project-zeta/Trees/True Trees/Maple/Maple.md
0a845b3f0c69d47003d1f0542adaaa52520b31300c5a88834a5301a34cd455bc	2	91730	The-Forest/bristlecone/backups/runtime/task-session-before-spring-cleaning-20260809T092443Z.py
0a845b3f0c69d47003d1f0542adaaa52520b31300c5a88834a5301a34cd455bc	2	91730	The-Forest/bristlecone/backups/runtime/task-session-before-spring-cleaning-20260809T092653Z.py
0cd2131020324826b7802f36ba39a6b4045227bf9c9202329f7472da2637097b	2	260053	The-Forest/bristlecone/backups/phase14_11D5_certified_20260811T135122Z/runtime/task_session.py
0cd2131020324826b7802f36ba39a6b4045227bf9c9202329f7472da2637097b	2	260053	The-Forest/bristlecone/backups/phase14_11E4A_pre_context_state_20260811T142417Z/task_session.py
109007c86e7d9d975d3f47b8e67a5ca41ff6c822b819317af49e0d6180423c07	2	137	The-Forest/bristlecone/backups/phase14_11D0_certified_20260811T123502Z/model_form/bindings.yaml
109007c86e7d9d975d3f47b8e67a5ca41ff6c822b819317af49e0d6180423c07	2	137	The-Forest/bristlecone/backups/phase14_11D4A_pre_binding_runtime_20260811T131806Z/bindings.yaml
10a1a4ceca0d36ed23e98e934af51d574b95716fb25c1561e92861272e7b8e51	2	5520	Downloads/Forest Logs/forest_workshops_and_modes_quick_draft.md
10a1a4ceca0d36ed23e98e934af51d574b95716fb25c1561e92861272e7b8e51	2	5520	Forest Logs/forest_workshops_and_modes_quick_draft.md
10a3c60299574a297478674abda4bcd85c8d5ce441191a2ebfb17c1945310530	2	1039	The-Forest/bristlecone/backups/phase14_11J6_A_integrated_real_small_certified_20260812T085401Z/TEST_SHA256SUMS
10a3c60299574a297478674abda4bcd85c8d5ce441191a2ebfb17c1945310530	2	1039	The-Forest/bristlecone/backups/phase14_11J6_A_integrated_real_small_certified_20260812T090301Z/TEST_SHA256SUMS
10a3d34644c968db662102526f91eb3d01266d5e530e9e58d2927cb119e22e35	2	8330	Downloads/The Forest Project/The Forest Project-backup-2026-08-08/.obsidian/workspace.json
10a3d34644c968db662102526f91eb3d01266d5e530e9e58d2927cb119e22e35	2	8330	leaf-litter/The Forest Project/The Forest Project-backup-2026-08-08/.obsidian/workspace.json
1205f0001188f831c1dff5a4a09bb3fcdb2669279ae990eade49ee535969c2f3	2	7469	Downloads/The Forest Project/The Forest Project/The-Forest-Project-zeta/System/Architechture/bristlecone_capability_registry_and_individual_tool_activation.md
1205f0001188f831c1dff5a4a09bb3fcdb2669279ae990eade49ee535969c2f3	2	7469	leaf-litter/The Forest Project/The Forest Project/The-Forest-Project-zeta/System/Architechture/bristlecone_capability_registry_and_individual_tool_activation.md
131effcb6bb6f69c6db77c499cb26f67e7f4fa168d70fe17bfb81362a50ad2cb	2	2613	The-Forest/bristlecone/backups/phase14_11L7_A_surface_certified_20260813T000538Z/raw/l7_surface_d_trial5_raw.json
131effcb6bb6f69c6db77c499cb26f67e7f4fa168d70fe17bfb81362a50ad2cb	2	2613	The-Forest/bristlecone/benchmarks/phase14_11L/l7_surface_d_trial5_raw.json
132c5ab6d69e4a59e8246836424e96f7b4dcfb9bdf1bc29242160c196d37494e	2	50938	Downloads/Forest Logs/bristlecone_forest_complete_continuity_archive_2026-08-09.md
132c5ab6d69e4a59e8246836424e96f7b4dcfb9bdf1bc29242160c196d37494e	2	50938	Forest Logs/bristlecone_forest_complete_continuity_archive_2026-08-09.md
146437f1e5d76d300ea24e8f26a03e1b8089d9431a5e050b21d41e30e748d308	2	30050	The-Forest/bristlecone/backups/phase14_11L9_A_recovery_certified_20260813T023040Z/certification/analyze_recovery.py
146437f1e5d76d300ea24e8f26a03e1b8089d9431a5e050b21d41e30e748d308	2	30050	The-Forest/bristlecone/certification/phase14_11L9/analyze_recovery.py
146872541396d00405a5b2888274175edde2db0dd9a4758f639d25e6c13d5047	2	12993	Downloads/The Forest Project/The Forest Project/The-Forest-Project-zeta/System/Architechture/bristlecone_task_sessions_and_session_sticky_skills_update.md
146872541396d00405a5b2888274175edde2db0dd9a4758f639d25e6c13d5047	2	12993	leaf-litter/The Forest Project/The Forest Project/The-Forest-Project-zeta/System/Architechture/bristlecone_task_sessions_and_session_sticky_skills_update.md
14ec9478a04c1760677c18c8981449b959f153b7a232c60fd8dd3b48268b7fbf	2	3023	The-Forest/bristlecone/backups/phase14_11L9_A_recovery_certified_20260813T023040Z/benchmarks/l9_real_recovery_trial_raw.json
14ec9478a04c1760677c18c8981449b959f153b7a232c60fd8dd3b48268b7fbf	2	3023	The-Forest/bristlecone/benchmarks/phase14_11L/l9_real_recovery_trial_raw.json
163be1059dc778c3ac043064c9d7e2818b1b8bbb5722498180dd470ee778c26d	2	218579	The-Forest/bristlecone/backups/phase14_11D0_certified_20260811T123502Z/runtime/task_session.py
163be1059dc778c3ac043064c9d7e2818b1b8bbb5722498180dd470ee778c26d	2	218579	The-Forest/bristlecone/backups/phase14_11D2_certified_20260811T125648Z/task_session.py
176760e9602fa98b0c948960f6f469b189fa9b80bbac8c6d5c3586836c418b4d	2	348829	The-Forest/bristlecone/backups/phase14_11G4C3A_certified_20260811T210129Z/runtime/task_session.py
176760e9602fa98b0c948960f6f469b189fa9b80bbac8c6d5c3586836c418b4d	2	348829	The-Forest/bristlecone/backups/phase14_11G4C3B_pre_router_20260811T210235Z/runtime/task_session.py
17a42ddae36d1507b7ecf244daa1c0dc84fe42758450007c3d22c2e9814f674c	2	2316	The-Forest/bristlecone/backups/phase14_11L7_A_surface_certified_20260813T000538Z/raw/l7_surface_c_trial2_raw.json
17a42ddae36d1507b7ecf244daa1c0dc84fe42758450007c3d22c2e9814f674c	2	2316	The-Forest/bristlecone/benchmarks/phase14_11L/l7_surface_c_trial2_raw.json
1b6dc9751c23aa31f312bd353b65699a18173cc30f791f2488bbd2ec704015ef	2	586	The-Forest/bristlecone/backups/phase14_11F2A_certified_20260811T191019Z/__init__.py
1b6dc9751c23aa31f312bd353b65699a18173cc30f791f2488bbd2ec704015ef	2	586	The-Forest/bristlecone/backups/phase14_11F2B_pre_availability_20260811T191111Z/__init__.py
1c547a22f911f015f70876ccc532e8db9a06db04daabbdb77c7318a8c2ecac53	2	6273	The-Forest/bristlecone/backups/phase14_11HB5_certified_20260811T231320Z/tests/test_colony_identifier_doctrine.py
1c547a22f911f015f70876ccc532e8db9a06db04daabbdb77c7318a8c2ecac53	2	6273	The-Forest/bristlecone/tests/test_colony_identifier_doctrine.py
213010b61c13b57e6b8bddfb15cbe11ffd3a646246da5101386e670209447cc9	2	29165	Downloads/Forest Logs/Forest_PDC_PDF_Deep_Context.md
213010b61c13b57e6b8bddfb15cbe11ffd3a646246da5101386e670209447cc9	2	29165	Forest Logs/Forest_PDC_PDF_Deep_Context.md
21ce732b4166688c0077ea16250ea46b64034bb013849d3b9f42112cf5bd76a5	2	12973	Downloads/Forest Logs/forest_hermes_tts_replay_i3_segment.md
21ce732b4166688c0077ea16250ea46b64034bb013849d3b9f42112cf5bd76a5	2	12973	Forest Logs/forest_hermes_tts_replay_i3_segment.md
21dde7331fec62f61ae6bef08f5d75645fd2acc0a170ac1e1220e1de4e42ce50	2	86060	The-Forest/bristlecone/backups/runtime/task-session-before-winter-discovery-20260809T092044Z.py
21dde7331fec62f61ae6bef08f5d75645fd2acc0a170ac1e1220e1de4e42ce50	2	86060	The-Forest/bristlecone/backups/runtime/task-session-before-winter-discovery-v2-20260809T092241Z.py
22f0562a1caf4f24a39876f344d00baa5ba65bc4389c61f044ad66994dc6c489	2	2041	The-Forest/bristlecone/backups/phase14_11L7_A_surface_certified_20260813T000538Z/raw/l7_surface_a_trial3_raw.json
22f0562a1caf4f24a39876f344d00baa5ba65bc4389c61f044ad66994dc6c489	2	2041	The-Forest/bristlecone/benchmarks/phase14_11L/l7_surface_a_trial3_raw.json
243c92316063a368712d690eb06b1fd636d571e881e812b572358e1682e8b166	2	699	The-Forest/bristlecone/backups/phase14_11L8_A_governor_certified_20260813T005056Z/raw/l8_residency_effect_raw.json
243c92316063a368712d690eb06b1fd636d571e881e812b572358e1682e8b166	2	699	The-Forest/bristlecone/benchmarks/phase14_11L/l8_residency_effect_raw.json
252b75502b8a7c87fed79734f6d76b749cf2127a2edda8c7b701e64bc5d14714	2	61293	The-Forest/bristlecone/backups/runtime/task-session-before-stale-recovery-20260809T030430Z.py
252b75502b8a7c87fed79734f6d76b749cf2127a2edda8c7b701e64bc5d14714	2	61293	The-Forest/bristlecone/backups/runtime/task-session-before-stale-recovery-20260809T030636Z.py
25bf82477b8384c16bed030aeff4418e23fac45988d493c7971af6fe7459a1fa	2	1597	The-Forest/bristlecone/backups/phase14_11L9_A_recovery_certified_20260813T023040Z/MANIFEST.sha256
25bf82477b8384c16bed030aeff4418e23fac45988d493c7971af6fe7459a1fa	2	1597	The-Forest/bristlecone/backups/phase14_11L9_B_independent_certified_20260813T024209Z/a_anchor/A_MANIFEST.sha256
2613d80866fb338bc7e644ce283937119402a2e29e7a1c64708e07675ff0b1d3	2	47230	The_Forest_Model_Form_Clone_and_Resource_Management_Architecture_Checkpoint_2026-08-11_v3(1).md
2613d80866fb338bc7e644ce283937119402a2e29e7a1c64708e07675ff0b1d3	2	47230	The_Forest_Model_Form_Clone_and_Resource_Management_Architecture_Checkpoint_2026-08-11_v3.md
267c4394ead63647732ec47658a2da3c2bad8c91ac283a92c3bea287d5100abc	2	347418	The-Forest/bristlecone/backups/phase14_11G4C1_certified_20260811T204843Z/runtime/task_session.py
267c4394ead63647732ec47658a2da3c2bad8c91ac283a92c3bea287d5100abc	2	347418	The-Forest/bristlecone/backups/phase14_11G4C2_pre_live_eligibility_20260811T205649Z/runtime/task_session.py
269bbaedcd63842d8be223b0c84b52a9e22232cc89822bc3e75ff47591615264	2	29864	The-Forest/bristlecone/backups/phase14_11L10_B_independent_certified_20260813T033550Z/certification/independent_certify.py
269bbaedcd63842d8be223b0c84b52a9e22232cc89822bc3e75ff47591615264	2	29864	The-Forest/bristlecone/certification/phase14_11L10/independent_certify.py
29d1cd9c9a14f1ce8c7838f3fda026c7665ed67a51ee09ff4f6d50132bd45c2c	2	50461	Downloads/Forest Logs/Forest_PDC_PDF_Expanded_Continuity_2026-08-07.md
29d1cd9c9a14f1ce8c7838f3fda026c7665ed67a51ee09ff4f6d50132bd45c2c	2	50461	Forest Logs/Forest_PDC_PDF_Expanded_Continuity_2026-08-07.md
2bdba87203f10c85595b18c6bca3c82ae348c35fe735362d659d753f34fb21be	2	2613	The-Forest/bristlecone/backups/phase14_11L7_A_surface_certified_20260813T000538Z/raw/l7_surface_d_trial3_raw.json
2bdba87203f10c85595b18c6bca3c82ae348c35fe735362d659d753f34fb21be	2	2613	The-Forest/bristlecone/benchmarks/phase14_11L/l7_surface_d_trial3_raw.json
2c9e70239070edac150646fe00f75593fea1baf7522ccbb182b32860ee47cb91	2	7252	The-Forest/bristlecone/backups/phase14_11L8_A_governor_certified_20260813T005056Z/raw/l8_governor_raw.json
2c9e70239070edac150646fe00f75593fea1baf7522ccbb182b32860ee47cb91	2	7252	The-Forest/bristlecone/benchmarks/phase14_11L/l8_governor_raw.json
2e7a911e39c1b4fae8b6f18deb28af0cf14b2994adb84c53702538be87cbf1ac	2	8760	The-Forest/bristlecone/backups/phase14_11L9_A_recovery_certified_20260813T023040Z/certification/hermes_session_cost.py
2e7a911e39c1b4fae8b6f18deb28af0cf14b2994adb84c53702538be87cbf1ac	2	8760	The-Forest/bristlecone/certification/phase14_11L9/hermes_session_cost.py
2ecf03a496f015cae3ce14122149e28eb13e75d61abcac075d905fffcea5d0d3	2	238	Downloads/The Forest Project/The Forest Project/Language List.md
2ecf03a496f015cae3ce14122149e28eb13e75d61abcac075d905fffcea5d0d3	2	238	leaf-litter/The Forest Project/The Forest Project/Language List.md
30a78a3b603ea1a7b9ac35c6311e85ddee1073686b3ead462a29d9e1b9cdc5a3	2	1658	Trees/bristlecone-pine-newelle-seed-0.0.2/SHA256SUMS.txt
30a78a3b603ea1a7b9ac35c6311e85ddee1073686b3ead462a29d9e1b9cdc5a3	2	1658	bristlecone-pine-newelle-seed-0.0.2/SHA256SUMS.txt
31189dbbfead5d0c3b2088ff1d46548c0f5815e190c9a2a90f2a857190774e75	2	9387	The-Forest/bristlecone/backups/hermes-config/config-20260808-155023.yaml
31189dbbfead5d0c3b2088ff1d46548c0f5815e190c9a2a90f2a857190774e75	2	9387	The-Forest/bristlecone/backups/hermes-config/config-20260808-155120.yaml
3671bfc6ee58d0a99a09ce1011d7d8aa72d0b8610824398e6192d9cf82826051	2	11891	Downloads/Forest Logs/forest_minimum_useful_canopy_and_tree_workshops.md
3671bfc6ee58d0a99a09ce1011d7d8aa72d0b8610824398e6192d9cf82826051	2	11891	Forest Logs/forest_minimum_useful_canopy_and_tree_workshops.md
369ae424658be5f35c88c0c0e17bdd42b154644723a6b673b3b362b60595a392	2	104	Downloads/The Forest Project/The Forest Project/The-Forest-Project-zeta/System/Qubes OS/Qubes OS.md
369ae424658be5f35c88c0c0e17bdd42b154644723a6b673b3b362b60595a392	2	104	leaf-litter/The Forest Project/The Forest Project/The-Forest-Project-zeta/System/Qubes OS/Qubes OS.md
383e7ae210adbd53acb26080288fd13edadea52c4ea61eb77e3fc53614846570	2	33245	The-Forest/bristlecone/backups/phase14_11L9_B_independent_certified_20260813T024209Z/certification/independent_certify.py
383e7ae210adbd53acb26080288fd13edadea52c4ea61eb77e3fc53614846570	2	33245	The-Forest/bristlecone/certification/phase14_11L9/independent_certify.py
38bd4bd7ae1e905eedbcd3384b740f2b13940dc5056f0b978824e700bac2b226	2	19564	Downloads/Forest Logs/forest_workshop_skill_finder_and_operational_learning_architecture.md
38bd4bd7ae1e905eedbcd3384b740f2b13940dc5056f0b978824e700bac2b226	2	19564	Forest Logs/forest_workshop_skill_finder_and_operational_learning_architecture.md
392a58e7be3307094f4dfb50f5c7e5a6eac9fe4bb9998ca699e4b9f8cb27a292	2	1731	Trees/bristlecone-pine-newelle-seed-0.0.2/SOUL.md
392a58e7be3307094f4dfb50f5c7e5a6eac9fe4bb9998ca699e4b9f8cb27a292	2	1731	bristlecone-pine-newelle-seed-0.0.2/SOUL.md
3ca0600ed38aa4317a4b01b49c3cf48a824393dd4225e2f21f05c34d09c0773b	2	32236	The-Forest/bristlecone/backups/phase14_7C3A_20260809T223355Z/learning/foundation.py
3ca0600ed38aa4317a4b01b49c3cf48a824393dd4225e2f21f05c34d09c0773b	2	32236	The-Forest/bristlecone/backups/phase14_7C3A_corrected_20260809T223504Z/learning/foundation.py
3dccc25349079a1dc2ce79f9be5f66506e0c1f9eed3b59ebe4a10152378736e0	2	936	The-Forest/bristlecone/backups/phase14_11L10_A_sustained_certified_20260813T033046Z/MANIFEST.sha256
3dccc25349079a1dc2ce79f9be5f66506e0c1f9eed3b59ebe4a10152378736e0	2	936	The-Forest/bristlecone/backups/phase14_11L10_B_independent_certified_20260813T033550Z/a_anchor/A_MANIFEST.sha256
3dced95b6c369a9914551b4de87466d770a470cc2230ebfede205be80bae0fba	2	542	Downloads/The Forest Project/The Forest Project-backup-2026-08-08/.obsidian/graph.json
3dced95b6c369a9914551b4de87466d770a470cc2230ebfede205be80bae0fba	2	542	leaf-litter/The Forest Project/The Forest Project-backup-2026-08-08/.obsidian/graph.json
44043b07f052075f7e6dc7caa6562141c11a2a05a3ae64fee9ee94020a5c5cf5	2	2315	The-Forest/bristlecone/backups/phase14_11L7_A_surface_certified_20260813T000538Z/raw/l7_surface_c_trial3_raw.json
44043b07f052075f7e6dc7caa6562141c11a2a05a3ae64fee9ee94020a5c5cf5	2	2315	The-Forest/bristlecone/benchmarks/phase14_11L/l7_surface_c_trial3_raw.json
451633e52832447b4585c8c1953913e8bda0d48589e1cda4279bbf62675c737d	2	322324	The-Forest/bristlecone/backups/phase14_11E4E3C2A_certified_20260811T171153Z/task_session.py
451633e52832447b4585c8c1953913e8bda0d48589e1cda4279bbf62675c737d	2	322324	The-Forest/bristlecone/backups/phase14_11E4E3C2B1_pre_stale_continuity_20260811T171559Z/task_session.py
477573d9833873dbc7d64bf5bdd14f479dd32b3f68eafd7c5d6b404843af22a5	2	1219	The-Forest/bristlecone/backups/phase14_11L9_A_recovery_certified_20260813T023040Z/CERTIFICATION.md
477573d9833873dbc7d64bf5bdd14f479dd32b3f68eafd7c5d6b404843af22a5	2	1219	The-Forest/bristlecone/backups/phase14_11L9_B_independent_certified_20260813T024209Z/a_anchor/A_CERTIFICATION.md
478577e527d1d6ad1312e9c90c5ed5cc974cdd5236d16a4d4ec6ee0fe05104cc	2	269844	The-Forest/bristlecone/backups/phase14_11E4A_certified_20260811T143316Z/task_session.py
478577e527d1d6ad1312e9c90c5ed5cc974cdd5236d16a4d4ec6ee0fe05104cc	2	269844	The-Forest/bristlecone/backups/phase14_11E4B_pre_effective_form_helpers_20260811T143539Z/task_session.py
483a491991c96a69a6bb62fe6a019db9cbb60c7c859b5a8402a334ee75cdc79d	2	3195	The-Forest/bristlecone/backups/phase14_11I9_final_certified_20260812T003738Z/tests/test_fake_adapter_i2_session_commit.py
483a491991c96a69a6bb62fe6a019db9cbb60c7c859b5a8402a334ee75cdc79d	2	3195	The-Forest/bristlecone/tests/test_fake_adapter_i2_session_commit.py
48ebec6c61e2bb3a5e89ebb6aa606ba58128f6da8de5130593a7197a224af243	2	1719	The-Forest/bristlecone/backups/phase14_11L9_B_independent_certified_20260813T024209Z/report/l9_independent_certification.json
48ebec6c61e2bb3a5e89ebb6aa606ba58128f6da8de5130593a7197a224af243	2	1719	The-Forest/bristlecone/benchmarks/phase14_11L/l9_independent_certification.json
4ba7d460167269851b9c9d1f6ac966c9228b59d189b76f6178b63b57758cdedb	2	22161	The-Forest/bristlecone/backups/phase14_11L7_A_surface_certified_20260813T000538Z/certification/surface_trial.py
4ba7d460167269851b9c9d1f6ac966c9228b59d189b76f6178b63b57758cdedb	2	22161	The-Forest/bristlecone/certification/phase14_11L7/surface_trial.py
4c35697cad27512866e9a478ce3106a7dc778020c6dee3ae11f5a2cfe5aa41dc	2	684	Downloads/The Forest Project/The Forest Project/The-Forest-Project-zeta/Trees/Tree Training/01-early-seed-training-obsidian.md
4c35697cad27512866e9a478ce3106a7dc778020c6dee3ae11f5a2cfe5aa41dc	2	684	leaf-litter/The Forest Project/The Forest Project/The-Forest-Project-zeta/Trees/Tree Training/01-early-seed-training-obsidian.md
4d47f6a6b9fbc19bbbf8516d9666b93edddbc7cce846d0bb14a21b93952e6ee4	2	17517	Downloads/Forest Logs/Maple_Forest_Vault_Indexing_Infrastructure.md
4d47f6a6b9fbc19bbbf8516d9666b93edddbc7cce846d0bb14a21b93952e6ee4	2	17517	Forest Logs/Maple_Forest_Vault_Indexing_Infrastructure.md
4eaa7b4ce6153973f55566fa7087b5aed0b758fc58216aed4c2d4e61869c9eab	2	18895	The-Forest/bristlecone/backups/phase14_11L9_A_recovery_certified_20260813T023040Z/certification/recovery_control_benchmark.py
4eaa7b4ce6153973f55566fa7087b5aed0b758fc58216aed4c2d4e61869c9eab	2	18895	The-Forest/bristlecone/certification/phase14_11L9/recovery_control_benchmark.py
4eaf1bcd9e47bd8ee5db0a6f9e372a9f1ca440e2fe8728929c606844aa65bc87	2	2613	The-Forest/bristlecone/backups/phase14_11L7_A_surface_certified_20260813T000538Z/raw/l7_surface_d_trial1_raw.json
4eaf1bcd9e47bd8ee5db0a6f9e372a9f1ca440e2fe8728929c606844aa65bc87	2	2613	The-Forest/bristlecone/benchmarks/phase14_11L/l7_surface_d_trial1_raw.json
51c696a41e309c3b78894492e5747624775ee69589c77f473da63bc5609df220	2	13867	The-Forest/bristlecone/backups/phase14_11L8_A_governor_certified_20260813T005056Z/certification/analyze_governor.py
51c696a41e309c3b78894492e5747624775ee69589c77f473da63bc5609df220	2	13867	The-Forest/bristlecone/certification/phase14_11L8/analyze_governor.py
520bc99dc19a253d89404546cc1ed2165ccf88f8e2934dd276648c28168d37c8	2	273890	The-Forest/bristlecone/backups/phase14_11E4B_certified_20260811T144133Z/task_session.py
520bc99dc19a253d89404546cc1ed2165ccf88f8e2934dd276648c28168d37c8	2	273890	The-Forest/bristlecone/backups/phase14_11E4C_pre_conversation_helpers_20260811T144241Z/task_session.py
5264d5fe1ca9051378ffb3f031f7074d343b8473de8384303a1b47bcd8ea1626	2	2134	The-Forest/bristlecone/backups/phase14_11L7_A_surface_certified_20260813T000538Z/raw/l7_surface_b_trial5_raw.json
5264d5fe1ca9051378ffb3f031f7074d343b8473de8384303a1b47bcd8ea1626	2	2134	The-Forest/bristlecone/benchmarks/phase14_11L/l7_surface_b_trial5_raw.json
5284d9e04830efa4dad99d753d5739541e1e6c4c37f90c414e9610c3a321ed26	2	45226	Downloads/Forest Logs/Project_Forest_PDC_PDF_Master_Context.md
5284d9e04830efa4dad99d753d5739541e1e6c4c37f90c414e9610c3a321ed26	2	45226	Forest Logs/Project_Forest_PDC_PDF_Master_Context.md
5620c46812b7ef161dcd0189fe55dfe984f8103a9c392de9a66169fa0ebcb517	2	542	Downloads/The Forest Project/The Forest Project/.obsidian/graph.json
5620c46812b7ef161dcd0189fe55dfe984f8103a9c392de9a66169fa0ebcb517	2	542	leaf-litter/The Forest Project/The Forest Project/.obsidian/graph.json
59b5d3f2745e1266d8dd08236b508d5ab2bf0c6cd73f104116b22cf26b421525	2	2215	Downloads/The Forest Project/The Forest Project/Untitled 2.md
59b5d3f2745e1266d8dd08236b508d5ab2bf0c6cd73f104116b22cf26b421525	2	2215	leaf-litter/The Forest Project/The Forest Project/Untitled 2.md
5a9606cc1148ab3f3e495863c67bf7479a549b143c1a1188dd15d5da75e8fa83	2	186	The-Forest/bristlecone/backups/phase14_11H4_certified_20260811T222832Z/SHA256SUMS
5a9606cc1148ab3f3e495863c67bf7479a549b143c1a1188dd15d5da75e8fa83	2	186	The-Forest/bristlecone/backups/phase14_11H4_certified_20260811T222903Z/SHA256SUMS
632561a2c1a01c4509bf9068414eae2912d3481bab5a1b222cbcf911dfd64ddf	2	2038	The-Forest/bristlecone/backups/phase14_11L7_A_surface_certified_20260813T000538Z/raw/l7_surface_a_trial1_raw.json
632561a2c1a01c4509bf9068414eae2912d3481bab5a1b222cbcf911dfd64ddf	2	2038	The-Forest/bristlecone/benchmarks/phase14_11L/l7_surface_a_trial1_raw.json
63c2d55f888bf06403a163d38940ce4d933fc74cc7f21fd8f0062a6e0cf7d89e	2	21713	Downloads/The Forest Project/The Forest Project/The-Forest-Project-zeta/System/Qubes OS/QUBES-PC-SYSTEM-AND-AI-RUNTIME-SNAPSHOT.md
63c2d55f888bf06403a163d38940ce4d933fc74cc7f21fd8f0062a6e0cf7d89e	2	21713	leaf-litter/The Forest Project/The Forest Project/The-Forest-Project-zeta/System/Qubes OS/QUBES-PC-SYSTEM-AND-AI-RUNTIME-SNAPSHOT.md
66e5956183cfe5a831a74fbdcbc40358fabab29f5a6eb92dc3c6e5726bf82649	2	4931	The-Forest/bristlecone/backups/phase14_11J1_real_small_certified_20260812T012516Z/resources/live_providers.py
66e5956183cfe5a831a74fbdcbc40358fabab29f5a6eb92dc3c6e5726bf82649	2	4931	The-Forest/bristlecone/backups/phase14_11J2B_pre_residency_aware_20260812T013226Z/live_providers.py
68bdc8400dbdb20ae0364df7b4f0ee6ef231fa1047da984702cdadb5fb661bd6	2	20215	Downloads/The Forest Project/The Forest Project/System/forest-index.json
68bdc8400dbdb20ae0364df7b4f0ee6ef231fa1047da984702cdadb5fb661bd6	2	20215	leaf-litter/The Forest Project/The Forest Project/System/forest-index.json
69a83958e9d4f8951b18fbb59825ae664eff93d8ae88b4fb0a380bdff46b5a5f	2	16562	The-Forest/bristlecone/backups/phase14_11L9_A_recovery_certified_20260813T023040Z/certification/real_recovery_trial.py
69a83958e9d4f8951b18fbb59825ae664eff93d8ae88b4fb0a380bdff46b5a5f	2	16562	The-Forest/bristlecone/certification/phase14_11L9/real_recovery_trial.py
6a42123dd0070d47b698af0aaf761ffcbb68242c35930da5a26101437d1c7067	2	118397	The-Forest/bristlecone/backups/runtime/task-session-before-planner-dedup-20260809T094725Z.py
6a42123dd0070d47b698af0aaf761ffcbb68242c35930da5a26101437d1c7067	2	118397	The-Forest/bristlecone/backups/runtime/task-session-before-spring-decisions-20260809T094532Z.py
6b90f5b6ce30816e4a4a4fbf4f7b0439d4cecdd98331c1c412ea3a04a648dd5a	2	38802	Downloads/Forest Logs/bristlecone_workshop_runtime_continuity_and_infrastructure_plan_2026-08-08.md
6b90f5b6ce30816e4a4a4fbf4f7b0439d4cecdd98331c1c412ea3a04a648dd5a	2	38802	Forest Logs/bristlecone_workshop_runtime_continuity_and_infrastructure_plan_2026-08-08.md
6b94c2b039b800014e23a1e75e4391dea5742b450c11059f0e7e408649399ffe	2	333	The-Forest/bristlecone/backups/phase14_11L0_foundation_attempt_20260812T112625Z/ARTIFACT_SHA256SUMS
6b94c2b039b800014e23a1e75e4391dea5742b450c11059f0e7e408649399ffe	2	333	The-Forest/bristlecone/backups/phase14_11L0_foundation_certified_20260812T112730Z/ARTIFACT_SHA256SUMS
6cb94732bc55bcfcdeaf583fedd21252e91d72812e936461c5ac6b275ef451fb	2	2313	The-Forest/bristlecone/backups/phase14_11L7_A_surface_certified_20260813T000538Z/raw/l7_surface_c_trial1_raw.json
6cb94732bc55bcfcdeaf583fedd21252e91d72812e936461c5ac6b275ef451fb	2	2313	The-Forest/bristlecone/benchmarks/phase14_11L/l7_surface_c_trial1_raw.json
6e24f100ea4d2d357806a10aa841b37bfaff7c8f29d788648dd2f1543dae5133	2	338	Downloads/The Forest Project/The Forest Project/The-Forest-Project-zeta/Projects/The Forest/Welcome to The Forest Project.md
6e24f100ea4d2d357806a10aa841b37bfaff7c8f29d788648dd2f1543dae5133	2	338	leaf-litter/The Forest Project/The Forest Project/The-Forest-Project-zeta/Projects/The Forest/Welcome to The Forest Project.md
7010bbdd12752e6e6863608c201cca07ea2bce49a4c5d08f156d159d370a5f6c	2	4274	Trees/bristlecone-pine-newelle-seed-0.0.2/plant-bristlecone.sh
7010bbdd12752e6e6863608c201cca07ea2bce49a4c5d08f156d159d370a5f6c	2	4274	bristlecone-pine-newelle-seed-0.0.2/plant-bristlecone.sh
7184ff36637eba106e03af6cccc10fc11d5cd18d67397662f561c657a3a97a40	2	333299	The-Forest/bristlecone/backups/phase14_11E4E3C2B2A_certified_20260811T173230Z/task_session.py
7184ff36637eba106e03af6cccc10fc11d5cd18d67397662f561c657a3a97a40	2	333299	The-Forest/bristlecone/backups/phase14_11E4E3C2B2B_pre_frozen_transaction_20260811T173920Z/task_session.py
72c2fbecf250baf4f5e524da87ced3a4c70a32101c607a4e5eee32822be7be87	2	2136	The-Forest/bristlecone/backups/phase14_11L7_A_surface_certified_20260813T000538Z/raw/l7_surface_b_trial1_raw.json
72c2fbecf250baf4f5e524da87ced3a4c70a32101c607a4e5eee32822be7be87	2	2136	The-Forest/bristlecone/benchmarks/phase14_11L/l7_surface_b_trial1_raw.json
75120e03319c9b638d5e6e34268a74711bcfa29b7f56518ae5125602b9b651bc	2	4394	The-Forest/bristlecone/backups/phase14_11E3_certified_20260811T142122Z/model_form/continuity.py
75120e03319c9b638d5e6e34268a74711bcfa29b7f56518ae5125602b9b651bc	2	4394	The-Forest/bristlecone/model_form/continuity.py
7910a5ec7f44996c0a40befa85a335fbd26ca51a5f4cbd71e9240ffe15741423	2	4411	The-Forest/bristlecone/backups/phase14_11I9_final_certified_20260812T003738Z/tests/test_fake_adapter_i3_session_reuse.py
7910a5ec7f44996c0a40befa85a335fbd26ca51a5f4cbd71e9240ffe15741423	2	4411	The-Forest/bristlecone/tests/test_fake_adapter_i3_session_reuse.py
79316ac71da9e0d5d56003d5da1cc66b53ff05d527b400e80700781fa60289bd	2	76734	Downloads/The Forest Project/The Forest Project-backup-2026-08-08/The-Forest-Project-zeta/Trees/True Trees/Bristlecone Pine/bristlecone_pine_optimization_master_v2.md
79316ac71da9e0d5d56003d5da1cc66b53ff05d527b400e80700781fa60289bd	2	76734	leaf-litter/The Forest Project/The Forest Project-backup-2026-08-08/The-Forest-Project-zeta/Trees/True Trees/Bristlecone Pine/bristlecone_pine_optimization_master_v2.md
7a06ddff08a534dd177c96c785b6d5fd5979d271f1db2ec39049dfc1b0b61b70	2	2370	Trees/bristlecone-pine-newelle-seed-0.0.2/README.md
7a06ddff08a534dd177c96c785b6d5fd5979d271f1db2ec39049dfc1b0b61b70	2	2370	bristlecone-pine-newelle-seed-0.0.2/README.md
7a945b62c153e86fce9a4748ca5f1b25a8e81760b040cea3b5c2de777868bb3c	2	18827	Downloads/Forest Logs/Qubes_PC_System_Deep_Technical_Context.md
7a945b62c153e86fce9a4748ca5f1b25a8e81760b040cea3b5c2de777868bb3c	2	18827	Forest Logs/Qubes_PC_System_Deep_Technical_Context.md
7a9a5800159f63791108bf77fa7c95467c1fa8190dab7164829fe889d035ad9d	2	22509	The-Forest/bristlecone/backups/phase14_11L10_A_sustained_certified_20260813T033046Z/certification/analyze_sustained_session.py
7a9a5800159f63791108bf77fa7c95467c1fa8190dab7164829fe889d035ad9d	2	22509	The-Forest/bristlecone/certification/phase14_11L10/analyze_sustained_session.py
7aaa4d77b455cd2ff7d0d6bf3c2cf59152d31ccb03d42832590668a57d473cfc	2	2136	The-Forest/bristlecone/backups/phase14_11L7_A_surface_certified_20260813T000538Z/raw/l7_surface_b_trial3_raw.json
7aaa4d77b455cd2ff7d0d6bf3c2cf59152d31ccb03d42832590668a57d473cfc	2	2136	The-Forest/bristlecone/benchmarks/phase14_11L/l7_surface_b_trial3_raw.json
7b2de43b7234707aa4aa72a8002d8f89de090621ac12f1ca15f76e953fd6025e	2	1528	Downloads/The Forest Project/The Forest Project/The-Forest-Project-zeta/System/AI/04-mobile-background-agents-and-maple.md
7b2de43b7234707aa4aa72a8002d8f89de090621ac12f1ca15f76e953fd6025e	2	1528	leaf-litter/The Forest Project/The Forest Project/The-Forest-Project-zeta/System/AI/04-mobile-background-agents-and-maple.md
7e84208e2c13235241502758535d9b2738a9dd45e2e8cebd670f9da0ff0ea5f0	2	127	Downloads/The Forest Project/The Forest Project/The-Forest-Project-zeta/Trees/True Trees/Bristlecone Pine/Temp Test.md
7e84208e2c13235241502758535d9b2738a9dd45e2e8cebd670f9da0ff0ea5f0	2	127	leaf-litter/The Forest Project/The Forest Project/The-Forest-Project-zeta/Trees/True Trees/Bristlecone Pine/Temp Test.md
7f51d85b38cb705cb495bfb56a142bc65d0f85d3f7905774ea7eab2e937ce3a5	2	2360	The-Forest/bristlecone/backups/phase14_11L8_A_governor_certified_20260813T005056Z/l8_governor_summary.json
7f51d85b38cb705cb495bfb56a142bc65d0f85d3f7905774ea7eab2e937ce3a5	2	2360	The-Forest/bristlecone/benchmarks/phase14_11L/l8_governor_summary.json
7fc2838026adde8f32803477f8d6c00399104d7b71c47ae69db383d6d6334bc9	2	926	The-Forest/bristlecone/backups/phase14_11H6D_T2_independent_certified_20260811T234454Z/CERTIFICATION.txt
7fc2838026adde8f32803477f8d6c00399104d7b71c47ae69db383d6d6334bc9	2	926	The-Forest/bristlecone/backups/phase14_11H7_final_certified_20260811T234518Z/prior_certifications/H6D_T2.txt
7fcc6fabb438c8b9da8803295fdeb4ec9267e2b38acf15fddea7b63f86ed7b76	2	2613	The-Forest/bristlecone/backups/phase14_11L7_A_surface_certified_20260813T000538Z/raw/l7_surface_d_trial2_raw.json
7fcc6fabb438c8b9da8803295fdeb4ec9267e2b38acf15fddea7b63f86ed7b76	2	2613	The-Forest/bristlecone/benchmarks/phase14_11L/l7_surface_d_trial2_raw.json
8125d2424780d9b57614ea6dc5ff014142affd977d8b9d9be00d5e35c5fbc8da	2	9379	The-Forest/bristlecone/backups/controller/bristlecone-workshop-before-shared-resolver-20260809T113018Z.py
8125d2424780d9b57614ea6dc5ff014142affd977d8b9d9be00d5e35c5fbc8da	2	9379	The-Forest/bristlecone/backups/controller/bristlecone-workshop-before-shared-resolver-v2-20260809T113448Z.py
81ba817b06cb12130bdf7b3f0b8078cb140128e795f46def29ccf8ef62f25798	2	58086	Downloads/Forest Logs/bristlecone_pine_full_continuity_packet_v1_1.txt
81ba817b06cb12130bdf7b3f0b8078cb140128e795f46def29ccf8ef62f25798	2	58086	Forest Logs/bristlecone_pine_full_continuity_packet_v1_1.txt
8451b5071c6631dd54e9ac66e2c5053340c776724e1e41239b52a23aa858d2e2	2	2315	The-Forest/bristlecone/backups/phase14_11L7_A_surface_certified_20260813T000538Z/raw/l7_surface_c_trial4_raw.json
8451b5071c6631dd54e9ac66e2c5053340c776724e1e41239b52a23aa858d2e2	2	2315	The-Forest/bristlecone/benchmarks/phase14_11L/l7_surface_c_trial4_raw.json
86745469567415292d9989bfa3b2c08f6fd94f70bd0d88340879b4e2f3f4450d	2	2080	The-Forest/bristlecone/backups/phase14_11D5_certified_20260811T135122Z/model_form/__init__.py
86745469567415292d9989bfa3b2c08f6fd94f70bd0d88340879b4e2f3f4450d	2	2080	The-Forest/bristlecone/backups/phase14_11G5D_export_fix_pre_20260811T213000Z/model_form/__init__.py
86d8a2221997c97015ef96cc2271e34bb1e110aa0fabca45c8b6f258211cd342	2	2159	Downloads/The Forest Project/The Forest Project/The-Forest-Project-zeta/System/Architechture/Optimization Techniques.md
86d8a2221997c97015ef96cc2271e34bb1e110aa0fabca45c8b6f258211cd342	2	2159	leaf-litter/The Forest Project/The Forest Project/The-Forest-Project-zeta/System/Architechture/Optimization Techniques.md
8b4da5a22d7242cf52db25a839549a80db9a016db199ac1c3833c5a36342aa71	2	2614	The-Forest/bristlecone/backups/phase14_11L7_A_surface_certified_20260813T000538Z/raw/l7_surface_d_trial4_raw.json
8b4da5a22d7242cf52db25a839549a80db9a016db199ac1c3833c5a36342aa71	2	2614	The-Forest/bristlecone/benchmarks/phase14_11L/l7_surface_d_trial4_raw.json
8c4411ad79b89356f37156f7ec60f9c4e23c2e2c6865cd637a798fe5044cb5cd	2	232	Downloads/The Forest Project/The Forest Project/.obsidian/bookmarks.json
8c4411ad79b89356f37156f7ec60f9c4e23c2e2c6865cd637a798fe5044cb5cd	2	232	leaf-litter/The Forest Project/The Forest Project/.obsidian/bookmarks.json
8ce3ecf65e8f537b37368f872af00381f0809426271898990e05b6901031e529	2	58460	Trees/PDC_Template_Pack_Draft11(1).md
8ce3ecf65e8f537b37368f872af00381f0809426271898990e05b6901031e529	2	58460	Trees/PDC_Template_Pack_Draft11.md
8d6ce64b5110cf70e338feebfd1a5d362f0783fc8ec836d62977fb2379eb14a1	2	23969	Downloads/Forest Logs/bristlecone_workshops_reasoning_model_forms_plan_and_rejected_concepts.md
8d6ce64b5110cf70e338feebfd1a5d362f0783fc8ec836d62977fb2379eb14a1	2	23969	Forest Logs/bristlecone_workshops_reasoning_model_forms_plan_and_rejected_concepts.md
8ed51559216a41ff996a5c429a61505c50febc0bc15db24a9c87bc5599bbb7a3	2	6379	Downloads/The Forest Project/The Forest Project/The-Forest-Project-zeta/System/Architechture/00-combined-original-prompts-and-suggestions.md
8ed51559216a41ff996a5c429a61505c50febc0bc15db24a9c87bc5599bbb7a3	2	6379	leaf-litter/The Forest Project/The Forest Project/The-Forest-Project-zeta/System/Architechture/00-combined-original-prompts-and-suggestions.md
8f530c988ad0591ead9923f6fad3cc710fe0999e9fab08b79c868ace380de2f6	2	45082	The-Forest/bristlecone/backups/phase14_10F3A2C_20260810T203032Z/hermes.py
8f530c988ad0591ead9923f6fad3cc710fe0999e9fab08b79c868ace380de2f6	2	45082	The-Forest/bristlecone/backups/phase14_10F3A2G_20260810T204301Z/hermes.py
909b963d099110734eb2edd0ba98bc2b0f70f61df6e283d87d16e9f985808b50	2	7230	Downloads/Forest Logs/bristlecone_capability_registry_and_individual_tool_activation.md
909b963d099110734eb2edd0ba98bc2b0f70f61df6e283d87d16e9f985808b50	2	7230	Forest Logs/bristlecone_capability_registry_and_individual_tool_activation.md
90c5d2412a3b35446a68696c00786dfa574570383a1833aaeaeaed0b14309794	2	1006	The-Forest/bristlecone/backups/phase14_11J6_A_integrated_real_small_certified_20260812T090301Z/RESULT.txt
90c5d2412a3b35446a68696c00786dfa574570383a1833aaeaeaed0b14309794	2	1006	The-Forest/bristlecone/backups/phase14_11J6_B_independent_certified_20260812T090435Z/A_RESULT.txt
944c68ded31899f29b5ae1ef6d0f55cca1451b3f065f6e124ccea7bf018a3553	2	283342	The-Forest/bristlecone/backups/phase14_11L9_A_recovery_certified_20260813T023040Z/benchmarks/l9_recovery_control_raw.json
944c68ded31899f29b5ae1ef6d0f55cca1451b3f065f6e124ccea7bf018a3553	2	283342	The-Forest/bristlecone/benchmarks/phase14_11L/l9_recovery_control_raw.json
95e0d9505958949b0bc2b278aa492ad522f5c188d42b54ea28637019ffd1a243	2	273	Trees/bristlecone-pine-newelle-seed-0.0.2/BRISTLECONE-ENDPOINT.txt
95e0d9505958949b0bc2b278aa492ad522f5c188d42b54ea28637019ffd1a243	2	273	bristlecone-pine-newelle-seed-0.0.2/BRISTLECONE-ENDPOINT.txt
97b76382d97462d94cdc4c191315dfca7fdffc78b957cba78c80174d703c5d4c	2	527	Downloads/The Forest Project/The Forest Project/The-Forest-Project-zeta/Untitled 1.canvas
97b76382d97462d94cdc4c191315dfca7fdffc78b957cba78c80174d703c5d4c	2	527	leaf-litter/The Forest Project/The Forest Project/The-Forest-Project-zeta/Untitled 1.canvas
97bd5e079b322f0ce0fffce82c8bfaa1fba74fefbfb752765c765760b88ab17c	2	39009	Downloads/The Forest Project/The Forest Project/The-Forest-Project-zeta/System/Architechture/bristlecone_workshop_runtime_continuity_and_infrastructure_plan_2026-08-08.md
97bd5e079b322f0ce0fffce82c8bfaa1fba74fefbfb752765c765760b88ab17c	2	39009	leaf-litter/The Forest Project/The Forest Project/The-Forest-Project-zeta/System/Architechture/bristlecone_workshop_runtime_continuity_and_infrastructure_plan_2026-08-08.md
97ea9aa1bed42a0aac3186d1244521dce12e4c6d8cbc6f988ae285c62f36867e	2	11113	The-Forest/bristlecone/backups/phase14_11B_certified_20260811T112947Z/model_form/__pycache__/control.cpython-314.pyc
97ea9aa1bed42a0aac3186d1244521dce12e4c6d8cbc6f988ae285c62f36867e	2	11113	The-Forest/bristlecone/model_form/__pycache__/control.cpython-314.pyc
9df1f222d02553e964ddbaffe67af282362795cb7de22d95dac26b6f64a63f03	2	2315	The-Forest/bristlecone/backups/phase14_11L7_A_surface_certified_20260813T000538Z/raw/l7_surface_c_trial5_raw.json
9df1f222d02553e964ddbaffe67af282362795cb7de22d95dac26b6f64a63f03	2	2315	The-Forest/bristlecone/benchmarks/phase14_11L/l7_surface_c_trial5_raw.json
9fee8ad6569fb3929e9b15b4f82702565c284518d68df14c6846e4639bf7fbab	2	52607	Downloads/Forest Logs/Qubes_PC_System_Expanded_Technical_Context_2026-08-07.md
9fee8ad6569fb3929e9b15b4f82702565c284518d68df14c6846e4639bf7fbab	2	52607	Forest Logs/Qubes_PC_System_Expanded_Technical_Context_2026-08-07.md
a1dcbad33005ef7c20e9693935fb87ee251d68980a57659957e0d966922030b8	2	2136	The-Forest/bristlecone/backups/phase14_11L7_A_surface_certified_20260813T000538Z/raw/l7_surface_b_trial4_raw.json
a1dcbad33005ef7c20e9693935fb87ee251d68980a57659957e0d966922030b8	2	2136	The-Forest/bristlecone/benchmarks/phase14_11L/l7_surface_b_trial4_raw.json
a227c5cd705a305c4957714b5c93cf74b63de960946b8252e2d8a73f2585d91e	2	394	The-Forest/bristlecone/backups/phase14_11F1_certified_20260811T190752Z/__init__.py
a227c5cd705a305c4957714b5c93cf74b63de960946b8252e2d8a73f2585d91e	2	394	The-Forest/bristlecone/backups/phase14_11F2A_pre_budget_20260811T190948Z/__init__.py
a388736294fe4c24caed7f0aeeb2b875481b39ab65508692240ef3aac6cfa418	2	9710	The-Forest/bristlecone/backups/phase14_11L7_A_surface_certified_20260813T000538Z/l7_surface_summary.json
a388736294fe4c24caed7f0aeeb2b875481b39ab65508692240ef3aac6cfa418	2	9710	The-Forest/bristlecone/benchmarks/phase14_11L/l7_surface_summary.json
a3a1f78feb949c250525abb041c5b681e1caebb06362cf1f23d888aded6ad10f	2	2041	The-Forest/bristlecone/backups/phase14_11L7_A_surface_certified_20260813T000538Z/raw/l7_surface_a_trial4_raw.json
a3a1f78feb949c250525abb041c5b681e1caebb06362cf1f23d888aded6ad10f	2	2041	The-Forest/bristlecone/benchmarks/phase14_11L/l7_surface_a_trial4_raw.json
a3a465770bd5fc53a1f05334397f6a8701af31993399912b0fdc2da7f2d35718	2	234	Downloads/The Forest Project/The Forest Project-backup-2026-08-08/The-Forest-Project-zeta/Projects/The Forest/Welcome to The Forest Project.md
a3a465770bd5fc53a1f05334397f6a8701af31993399912b0fdc2da7f2d35718	2	234	leaf-litter/The Forest Project/The Forest Project-backup-2026-08-08/The-Forest-Project-zeta/Projects/The Forest/Welcome to The Forest Project.md
a46d275e612d35e736126dee90f39585d4b7e9c1fd0ca6abce7b42a465dc2d75	2	704	The-Forest/bristlecone/backups/phase14_11J6_B_independent_certified_20260812T090435Z/RESULT.txt
a46d275e612d35e736126dee90f39585d4b7e9c1fd0ca6abce7b42a465dc2d75	2	704	The-Forest/bristlecone/backups/phase14_11J7_final_certified_20260812T090615Z/phase14_11J6_B_independent_certified_20260812T090435Z-RESULT.txt
a4aedd52d5582328397b27bfae217a1bb74ce14d6683b59032cb0735148cb42c	2	58313	Downloads/The Forest Project/The Forest Project/The-Forest-Project-zeta/Trees/True Trees/Bristlecone Pine/bristlecone_pine_full_continuity_packet_v1_1.md
a4aedd52d5582328397b27bfae217a1bb74ce14d6683b59032cb0735148cb42c	2	58313	leaf-litter/The Forest Project/The Forest Project/The-Forest-Project-zeta/Trees/True Trees/Bristlecone Pine/bristlecone_pine_full_continuity_packet_v1_1.md
a4cd9cc344ed8e6ed594aa6b9bc31568718101649fc0c9cf169c986aaeffce4d	2	17970	The-Forest/bristlecone/backups/phase14_11L7_A_surface_certified_20260813T000538Z/certification/analyze_surface.py
a4cd9cc344ed8e6ed594aa6b9bc31568718101649fc0c9cf169c986aaeffce4d	2	17970	The-Forest/bristlecone/certification/phase14_11L7/analyze_surface.py
a720171d76b7d9f792ee76c376d2ca0bfd3e80bf2ac86e94cadda6775cff115e	2	57505	Trees/PDC-Template-Library-Draft11-Updated(1).zip
a720171d76b7d9f792ee76c376d2ca0bfd3e80bf2ac86e94cadda6775cff115e	2	57505	Trees/PDC-Template-Library-Draft11-Updated.zip
a849302391fd5d91159b1c9409b80e3f1f5ac11108eaaf46145cc8fa83365e84	2	3645	The-Forest/bristlecone/backups/phase14_11L10_B_independent_certified_20260813T033550Z/report/l10_independent_certification.json
a849302391fd5d91159b1c9409b80e3f1f5ac11108eaaf46145cc8fa83365e84	2	3645	The-Forest/bristlecone/benchmarks/phase14_11L/l10_independent_certification.json
a8b10e1beffae5dd9fc6eb9b0853073e94abfd6fc3a7790832facb2f9f3b077f	2	3090	The-Forest/bristlecone/backups/phase14_11E4E2_pre_continuity_contract_20260811T155602Z/base.py
a8b10e1beffae5dd9fc6eb9b0853073e94abfd6fc3a7790832facb2f9f3b077f	2	3090	The-Forest/bristlecone/backups/phase14_11E4E2_pre_continuity_contract_20260811T155737Z/base.py
aac0ee907cf13c61f47888a19c6008480759090a27987ec7617de8185a504aca	2	820	The-Forest/bristlecone/backups/phase14_11F2_certified_20260811T191203Z/__init__.py
aac0ee907cf13c61f47888a19c6008480759090a27987ec7617de8185a504aca	2	820	The-Forest/bristlecone/backups/phase14_11F3_pre_decision_20260811T191351Z/__init__.py
aff9923926b07fcc85dc5a7b8741dd738f79bcd6115383b0eaf00fd1e1a01e23	2	117	Downloads/The Forest Project/The Forest Project/The-Forest-Project-zeta/Trees/True Trees/Cherry/Cherry.md
aff9923926b07fcc85dc5a7b8741dd738f79bcd6115383b0eaf00fd1e1a01e23	2	117	leaf-litter/The Forest Project/The Forest Project/The-Forest-Project-zeta/Trees/True Trees/Cherry/Cherry.md
b00045aa204fdb097e7259ed91674961cc554ca7f36e55a5540cd090b20ff278	2	51052	Downloads/The Forest Project/The Forest Project/The-Forest-Project-zeta/System/Architechture/Bristlecone_forest_complete_continuity_archive_2026-08-09.md
b00045aa204fdb097e7259ed91674961cc554ca7f36e55a5540cd090b20ff278	2	51052	leaf-litter/The Forest Project/The Forest Project/The-Forest-Project-zeta/System/Architechture/Bristlecone_forest_complete_continuity_archive_2026-08-09.md
b0f7ef8729ff7e4399a828fbb0d888a4bcfc75f0006c08389492573d15e62955	2	1405	The-Forest/bristlecone/backups/phase14_11H6D_certified_20260811T234357Z/CERTIFICATION.txt
b0f7ef8729ff7e4399a828fbb0d888a4bcfc75f0006c08389492573d15e62955	2	1405	The-Forest/bristlecone/backups/phase14_11H7_final_certified_20260811T234518Z/prior_certifications/H6D_PRIMARY.txt
b0ffbc99b29a5d713e24829bb6bfa435b6b55fc67813e56251881bc2ab55a3b1	2	1695	The-Forest/bristlecone/backups/phase14_11L0_foundation_attempt_20260812T112625Z/TESTS.txt
b0ffbc99b29a5d713e24829bb6bfa435b6b55fc67813e56251881bc2ab55a3b1	2	1695	The-Forest/bristlecone/backups/phase14_11L0_foundation_certified_20260812T112730Z/TESTS.txt
b20f589216a127857b836441bb2ba45bd648985f62b1ed9fa92b6cdc36c53180	2	177	Downloads/The Forest Project/The Forest Project/The-Forest-Project-zeta/Trees/True Trees/Bristlecone Pine/Bristlecone Pine.md
b20f589216a127857b836441bb2ba45bd648985f62b1ed9fa92b6cdc36c53180	2	177	leaf-litter/The Forest Project/The Forest Project/The-Forest-Project-zeta/Trees/True Trees/Bristlecone Pine/Bristlecone Pine.md
b217a399136dc816643191dec8a25e25ba0f8fb10928e8e2fd39ec0f171d4f73	2	50	Downloads/The Forest Project/The Forest Project-backup-2026-08-08/The-Forest-Project-zeta/Trees/True Trees/Bristlecone Pine/Bristlecone Pine.md
b217a399136dc816643191dec8a25e25ba0f8fb10928e8e2fd39ec0f171d4f73	2	50	leaf-litter/The Forest Project/The Forest Project-backup-2026-08-08/The-Forest-Project-zeta/Trees/True Trees/Bristlecone Pine/Bristlecone Pine.md
b22ad518a2e2e7e42d40576bcaedc69e13df6f8b7a3fe02339d7a6d83319341c	2	2040	The-Forest/bristlecone/backups/phase14_11L7_A_surface_certified_20260813T000538Z/raw/l7_surface_a_trial2_raw.json
b22ad518a2e2e7e42d40576bcaedc69e13df6f8b7a3fe02339d7a6d83319341c	2	2040	The-Forest/bristlecone/benchmarks/phase14_11L/l7_surface_a_trial2_raw.json
b4f4d4ee713f9672096cf788c2bf63b2450f0a8ecf766b41126f9ea3723a16c8	2	77458	Downloads/The Forest Project/The Forest Project/The-Forest-Project-zeta/Trees/True Trees/Bristlecone Pine/bristlecone_pine_optimization_master_v2.md
b4f4d4ee713f9672096cf788c2bf63b2450f0a8ecf766b41126f9ea3723a16c8	2	77458	leaf-litter/The Forest Project/The Forest Project/The-Forest-Project-zeta/Trees/True Trees/Bristlecone Pine/bristlecone_pine_optimization_master_v2.md
b761c7d4eeab8b0635b664cba828406fa213bf631f0a0e7165e8c7d5d86cbbd0	2	324027	The-Forest/bristlecone/backups/phase14_11E4E3C2B1_certified_20260811T172216Z/task_session.py
b761c7d4eeab8b0635b664cba828406fa213bf631f0a0e7165e8c7d5d86cbbd0	2	324027	The-Forest/bristlecone/backups/phase14_11E4E3C2B2A_pre_cleanup_primitives_20260811T172959Z/task_session.py
b80b1af6f4d5a28ece737ba1d8426c073c3c6fcfe390f38cc37e6efd1d9277d0	2	2136	The-Forest/bristlecone/backups/phase14_11L7_A_surface_certified_20260813T000538Z/raw/l7_surface_b_trial2_raw.json
b80b1af6f4d5a28ece737ba1d8426c073c3c6fcfe390f38cc37e6efd1d9277d0	2	2136	The-Forest/bristlecone/benchmarks/phase14_11L/l7_surface_b_trial2_raw.json
b9a505aef3d56f35ea248314882ba6f9b7cc3fbf293a9664a2a756fca4ed42cb	2	305	Downloads/The Forest Project/The Forest Project/Sercurity.md
b9a505aef3d56f35ea248314882ba6f9b7cc3fbf293a9664a2a756fca4ed42cb	2	305	leaf-litter/The Forest Project/The Forest Project/Sercurity.md
bce1549eb5c6cdb8db60eef26650dfee64febee6c8fdb8ad53756109d2c1cd1b	2	1140	The-Forest/bristlecone/backups/phase14_11F3_certified_20260811T191456Z/__init__.py
bce1549eb5c6cdb8db60eef26650dfee64febee6c8fdb8ad53756109d2c1cd1b	2	1140	The-Forest/bristlecone/backups/phase14_11F4A_pre_requirement_20260811T191622Z/__init__.py
bde405826e48e3332a9eff33dd7b3828b1733e3e1f760108a02fd0100348392e	2	309259	The-Forest/bristlecone/backups/phase14_11E4E3B_certified_20260811T161700Z/task_session.py
bde405826e48e3332a9eff33dd7b3828b1733e3e1f760108a02fd0100348392e	2	309259	The-Forest/bristlecone/backups/phase14_11E4E3C1_pre_binding_rollback_20260811T162900Z/task_session.py
bee6fa1a567d1fe7daa62ee0ce297d3707b0fc47e0419a99b39f8854f424195b	2	1876	The-Forest/bristlecone/backups/phase14_11D0_certified_20260811T123502Z/model_form/__init__.py
bee6fa1a567d1fe7daa62ee0ce297d3707b0fc47e0419a99b39f8854f424195b	2	1876	The-Forest/bristlecone/backups/phase14_11D1_certified_20260811T125502Z/__init__.py
c1ecd9830d71946b1baf2997757018e5c67899dada02315813c5e279baebc1f6	2	10342	The-Forest/bristlecone/backups/runtime-independence/bristlecone-workshop-before-runtime-neutral-controller-20260809T124226Z.py
c1ecd9830d71946b1baf2997757018e5c67899dada02315813c5e279baebc1f6	2	10342	The-Forest/bristlecone/backups/runtime-independence/bristlecone-workshop-before-runtime-neutral-controller-v2-20260809T124545Z.py
c44c128e4b3aa5efc6d330060261a4d1d0b180d5e53917abe68c7b68504ea520	2	2040	The-Forest/bristlecone/backups/phase14_11L7_A_surface_certified_20260813T000538Z/raw/l7_surface_a_trial5_raw.json
c44c128e4b3aa5efc6d330060261a4d1d0b180d5e53917abe68c7b68504ea520	2	2040	The-Forest/bristlecone/benchmarks/phase14_11L/l7_surface_a_trial5_raw.json
c6022d9f41426137dbed7c69f3d9e92b2d16d61693fc7dc7e614607f30cbd75c	2	319208	The-Forest/bristlecone/backups/phase14_11E4E3C1_certified_20260811T163126Z/task_session.py
c6022d9f41426137dbed7c69f3d9e92b2d16d61693fc7dc7e614607f30cbd75c	2	319208	The-Forest/bristlecone/backups/phase14_11E4E3C2A_pre_handoff_integration_20260811T170020Z/task_session.py
c66535846e9ec532eef8d1c7f750b0119a20e3b0d66ec81e6ac184e2cb8de944	2	5997	The-Forest/bristlecone/backups/phase14_11L9_A_recovery_certified_20260813T023040Z/benchmarks/l9_matched_recovery_raw.json
c66535846e9ec532eef8d1c7f750b0119a20e3b0d66ec81e6ac184e2cb8de944	2	5997	The-Forest/bristlecone/benchmarks/phase14_11L/l9_matched_recovery_raw.json
c6d8f2a6c4c92da796d776b13caf9ac64726869b77bdc3cf560db28586e0b342	2	164	Downloads/The Forest Project/The Forest Project/The-Forest-Project-zeta/Trees/True Trees/Trees.md
c6d8f2a6c4c92da796d776b13caf9ac64726869b77bdc3cf560db28586e0b342	2	164	leaf-litter/The Forest Project/The Forest Project/The-Forest-Project-zeta/Trees/True Trees/Trees.md
c87c27e6c4b7962754faa6f2fd809f320411805bb91803d93298521ff19d4ab2	2	299643	The-Forest/bristlecone/backups/phase14_11E4E3A_certified_20260811T161005Z/task_session.py
c87c27e6c4b7962754faa6f2fd809f320411805bb91803d93298521ff19d4ab2	2	299643	The-Forest/bristlecone/backups/phase14_11E4E3B_pre_bootstrap_helper_20260811T161227Z/task_session.py
c8d1bc70f629b14f3314fd1c5e89078db1625f9db8af97fd5699c35b8b78e99e	2	22343	The-Forest/bristlecone/backups/phase14_11L9_A_recovery_certified_20260813T023040Z/certification/matched_recovery_benchmark.py
c8d1bc70f629b14f3314fd1c5e89078db1625f9db8af97fd5699c35b8b78e99e	2	22343	The-Forest/bristlecone/certification/phase14_11L9/matched_recovery_benchmark.py
c90c36f1a8e9889505df343a0b32f863b4469d286e82d5120c1c152942dc9b5d	2	3722	The-Forest/bristlecone/backups/phase14_11I9_final_certified_20260812T003738Z/tests/test_fake_adapter_i4_multi_context.py
c90c36f1a8e9889505df343a0b32f863b4469d286e82d5120c1c152942dc9b5d	2	3722	The-Forest/bristlecone/tests/test_fake_adapter_i4_multi_context.py
cb145c4ce1b7058f7e0f1e7f2694ea3b5d47e435654b93eb505a4b5c5810988e	2	18885	The-Forest/bristlecone/backups/runtime/task-session-20260808-193705.py
cb145c4ce1b7058f7e0f1e7f2694ea3b5d47e435654b93eb505a4b5c5810988e	2	18885	The-Forest/bristlecone/backups/runtime/task-session-20260808-194223.py
cbe31786ff78742442eee72c39282cbcfb888db4b178338605ed4453f104f4f1	2	12909	The-Forest/bristlecone/backups/phase14_11L9_A_recovery_certified_20260813T023040Z/benchmarks/l9_hermes_session_cost_raw.json
cbe31786ff78742442eee72c39282cbcfb888db4b178338605ed4453f104f4f1	2	12909	The-Forest/bristlecone/benchmarks/phase14_11L/l9_hermes_session_cost_raw.json
ce343935d5c8078d3c9f802609d662a2650f9a4e269b1f209967f3aac7a5d9dd	2	10461	The-Forest/bristlecone/backups/phase14_11L10_A_sustained_certified_20260813T033046Z/source_snapshots/l4_reuse_trial1.py
ce343935d5c8078d3c9f802609d662a2650f9a4e269b1f209967f3aac7a5d9dd	2	10461	The-Forest/bristlecone/certification/phase14_11L4/reuse_trial1.py
ceeb301f06ae443d9dbef48bac389d6de62321f38c8c772b05b02d7981845f20	2	4061	The-Forest/bristlecone/backups/phase14_11J6_A_integrated_real_small_certified_20260812T085401Z/integration-regression.txt
ceeb301f06ae443d9dbef48bac389d6de62321f38c8c772b05b02d7981845f20	2	4061	The-Forest/bristlecone/backups/phase14_11J6_B_independent_certified_20260812T090435Z/independent-regression.txt
d45a9dce74629864f049e7270f3c962a96f7d2f0bbaccaa07a5e09242b64d7dc	2	4731	The-Forest/bristlecone/backups/phase14_10E2A2_recovery_20260810T142016Z/ui/presentation.py
d45a9dce74629864f049e7270f3c962a96f7d2f0bbaccaa07a5e09242b64d7dc	2	4731	The-Forest/bristlecone/ui/presentation.py
d846f6d38a56a75c7d31fca878c079485dc7a42c24891b79c035aa9968ae4c88	2	2540	bristleconepine-api/bristlecone-api-prompt-trimmed.txt
d846f6d38a56a75c7d31fca878c079485dc7a42c24891b79c035aa9968ae4c88	2	2540	bristleconepine-api/bristlecone-api-prompt.txt
d887af71288957602137ed0725559b5b549ccdf793f5e680e38344552fb7906d	2	12819	Downloads/Forest Logs/bristlecone_task_sessions_and_session_sticky_skills_update.md
d887af71288957602137ed0725559b5b549ccdf793f5e680e38344552fb7906d	2	12819	Forest Logs/bristlecone_task_sessions_and_session_sticky_skills_update.md
d972ff51dceb9f6433f9c84c5ff80209fbab1446317d87edb2f9fc3eff5a1147	2	124	The-Forest/bristlecone/backups/phase14_11L6_A_reasoning_certified_20260812T172100Z/HARNESS_SHA256.txt
d972ff51dceb9f6433f9c84c5ff80209fbab1446317d87edb2f9fc3eff5a1147	2	124	The-Forest/bristlecone/backups/phase14_11L6_B_independent_certified_20260812T172604Z/HARNESS_SHA256.txt
decd10ed98fcfa2601ca7fa846aa6dee4c192ef2ee28da4fc3b3f936a3258be6	2	116	Downloads/The Forest Project/The Forest Project/The-Forest-Project-zeta/Trees/True Trees/Cedar/Ceder.md
decd10ed98fcfa2601ca7fa846aa6dee4c192ef2ee28da4fc3b3f936a3258be6	2	116	leaf-litter/The Forest Project/The Forest Project/The-Forest-Project-zeta/Trees/True Trees/Cedar/Ceder.md
e00da2c7eae59d36a0027a1d3232b54794eab7874a3203a7b6587575e78ccb1f	2	15769	The-Forest/bristlecone/backups/runtime-independence/resolver-before-explicit-runtime-adapter-20260809T124226Z.py
e00da2c7eae59d36a0027a1d3232b54794eab7874a3203a7b6587575e78ccb1f	2	15769	The-Forest/bristlecone/backups/runtime-independence/resolver-before-explicit-runtime-adapter-v2-20260809T124545Z.py
e2b002a37b7048fa543876a26c8608154a9707acdb93c378d3a1bdea66b395fb	2	3991	The-Forest/bristlecone/backups/phase14_11E4E2_certified_20260811T155944Z/base.py
e2b002a37b7048fa543876a26c8608154a9707acdb93c378d3a1bdea66b395fb	2	3991	The-Forest/bristlecone/runtime/adapters/base.py
e34ab5680a5c545d3cf776ab171ef93590f6b1369774defa505a9223aa9da8c9	2	24200	Downloads/The Forest Project/The Forest Project/The-Forest-Project-zeta/Trees/True Trees/Bristlecone Pine/bristlecone_workshops_reasoning_model_forms_plan_and_rejected_concepts.md
e34ab5680a5c545d3cf776ab171ef93590f6b1369774defa505a9223aa9da8c9	2	24200	leaf-litter/The Forest Project/The Forest Project/The-Forest-Project-zeta/Trees/True Trees/Bristlecone Pine/bristlecone_workshops_reasoning_model_forms_plan_and_rejected_concepts.md
e3d33cda456d585122e2f500f99d21ef42c81dd574fa58e02f9e6d8960df6a6c	2	21328	Downloads/Forest Logs/forest_portable_tree_runtime_and_high_speed_workshop_architecture.md
e3d33cda456d585122e2f500f99d21ef42c81dd574fa58e02f9e6d8960df6a6c	2	21328	Forest Logs/forest_portable_tree_runtime_and_high_speed_workshop_architecture.md
e592c4ff7fa339b18a977cd1da0412a74035caee6c8f16a403f1b51a0697f6f7	2	15787	The-Forest/bristlecone/backups/phase14_11L10_A_sustained_certified_20260813T033046Z/benchmarks/l10_sustained_session_raw.json
e592c4ff7fa339b18a977cd1da0412a74035caee6c8f16a403f1b51a0697f6f7	2	15787	The-Forest/bristlecone/benchmarks/phase14_11L/l10_sustained_session_raw.json
e67d2d2d83a64c5408dd4beace3a0892b0674dea6daaa6fddd881be792dc934b	2	767	Downloads/The Forest Project/The Forest Project/The-Forest-Project-zeta/System/Canopy/02-leaf-foliage-and-all-in-one-forest.md
e67d2d2d83a64c5408dd4beace3a0892b0674dea6daaa6fddd881be792dc934b	2	767	leaf-litter/The Forest Project/The Forest Project/The-Forest-Project-zeta/System/Canopy/02-leaf-foliage-and-all-in-one-forest.md
e682f1c004a5729d2f1270aacf5cb9d958f73d638ef95cfa0c1a4b5426b7f43f	2	298014	The-Forest/bristlecone/backups/phase14_11E4E1_certified_20260811T152409Z/task_session.py
e682f1c004a5729d2f1270aacf5cb9d958f73d638ef95cfa0c1a4b5426b7f43f	2	298014	The-Forest/bristlecone/backups/phase14_11E4E3A_pre_typed_passthrough_20260811T160700Z/task_session.py
e7c50bac53094207562af09b470a030abef400eeb283bbc510c8d8531605035d	2	5433	The-Forest/bristlecone/backups/phase14_11L8_A_governor_certified_20260813T005056Z/certification/residency_effect.py
e7c50bac53094207562af09b470a030abef400eeb283bbc510c8d8531605035d	2	5433	The-Forest/bristlecone/certification/phase14_11L8/residency_effect.py
e9ee1ff940974cceb8eb856e9d58fa15eb752ba92e8081e7a3ec86e936d6b883	2	313	The-Forest/bristlecone/backups/phase14_10E2A4B_20260810T155607Z/bin/forest-reasoning-menu
e9ee1ff940974cceb8eb856e9d58fa15eb752ba92e8081e7a3ec86e936d6b883	2	313	The-Forest/bristlecone/bin/forest-reasoning-menu
eb934b79824036425280b832653dfec501602b6b6232f8b8f04fccb8916cba37	2	665	The-Forest/bristlecone/backups/phase14_11H4_certified_20260811T222832Z/CHECKPOINT.txt
eb934b79824036425280b832653dfec501602b6b6232f8b8f04fccb8916cba37	2	665	The-Forest/bristlecone/backups/phase14_11H4_certified_20260811T222903Z/CHECKPOINT.txt
ee2d7fd53a9459dc1b4ed1d745cc2bc1bc3b00d501d2c4c782435f2e9a05d7a6	2	1565	The-Forest/bristlecone/backups/phase14_11F4B_certified_20260811T192006Z/__init__.py
ee2d7fd53a9459dc1b4ed1d745cc2bc1bc3b00d501d2c4c782435f2e9a05d7a6	2	1565	The-Forest/bristlecone/backups/phase14_11F5A_pre_request_preparation_20260811T192403Z/__init__.py
ee70ddad080b1e19ca64746ac76f27240d4ea8f091e7851c5080e6a71a2c9935	2	19839	Downloads/The Forest Project/The Forest Project/The-Forest-Project-zeta/System/Architechture/forest_workshop_skill_finder_and_operational_learning_architecture.md
ee70ddad080b1e19ca64746ac76f27240d4ea8f091e7851c5080e6a71a2c9935	2	19839	leaf-litter/The Forest Project/The Forest Project/The-Forest-Project-zeta/System/Architechture/forest_workshop_skill_finder_and_operational_learning_architecture.md
efc8ef70b64ede6c735aba5541543235e6fa9c9affb428a58d154723e19fdae8	2	17550	Downloads/The Forest Project/The Forest Project/The-Forest-Project-zeta/Trees/True Trees/Maple/Maple_Forest_Vault_Indexing_Infrastructure.md
efc8ef70b64ede6c735aba5541543235e6fa9c9affb428a58d154723e19fdae8	2	17550	leaf-litter/The Forest Project/The Forest Project/The-Forest-Project-zeta/Trees/True Trees/Maple/Maple_Forest_Vault_Indexing_Infrastructure.md
f001968a10f03ca84e519bc4cf88ae6a1864189ea7a984b0fa02fab5477f10d7	2	10728	Downloads/The Forest Project/The Forest Project/.obsidian/workspace.json
f001968a10f03ca84e519bc4cf88ae6a1864189ea7a984b0fa02fab5477f10d7	2	10728	leaf-litter/The Forest Project/The Forest Project/.obsidian/workspace.json
f00a83a1098974b669b612e6fded64becf9040f14b195639661c4f765571ee19	2	1228	The-Forest/bristlecone/backups/phase14_11H5G_certified_20260811T233141Z/CERTIFICATION.txt
f00a83a1098974b669b612e6fded64becf9040f14b195639661c4f765571ee19	2	1228	The-Forest/bristlecone/backups/phase14_11H7_final_certified_20260811T234518Z/prior_certifications/H5G_PRIMARY.txt
f0118db27b184091a67f3bda3144d053f04f56c8829a8df9110f71c317ae3773	2	15857	Downloads/The Forest Project/The Forest Project/The-Forest-Project-zeta/Trees/True Trees/Bristlecone Pine/bristlecone_maple_remote_compute_continuity 1.md
f0118db27b184091a67f3bda3144d053f04f56c8829a8df9110f71c317ae3773	2	15857	leaf-litter/The Forest Project/The Forest Project/The-Forest-Project-zeta/Trees/True Trees/Bristlecone Pine/bristlecone_maple_remote_compute_continuity 1.md
f2397758642dd7c51c2240608df4846dfc8ee80258abf11619e392fa34a3bed4	2	22621	The-Forest/bristlecone/backups/phase14_11L10_A_sustained_certified_20260813T033046Z/certification/sustained_session_benchmark.py
f2397758642dd7c51c2240608df4846dfc8ee80258abf11619e392fa34a3bed4	2	22621	The-Forest/bristlecone/certification/phase14_11L10/sustained_session_benchmark.py
f3e664207322436fb1168d3ef5f910de869a8e0ea8d2c122fed7cff56e3373ac	2	76448	Downloads/Forest Logs/bristlecone_pine_optimization_master_v2.md
f3e664207322436fb1168d3ef5f910de869a8e0ea8d2c122fed7cff56e3373ac	2	76448	Forest Logs/bristlecone_pine_optimization_master_v2.md
f53c769cdccbe17169955e605ace2d0731f0daf66804f92ef174a8bde6455f04	2	13726	Downloads/The Forest Project/The Forest Project/Untitled 1.md
f53c769cdccbe17169955e605ace2d0731f0daf66804f92ef174a8bde6455f04	2	13726	leaf-litter/The Forest Project/The Forest Project/Untitled 1.md
f5ef2248cdf8c6a9f2f21d892fa83f5d7d88925946c44dda0180ac0c7c80f65b	2	222275	The-Forest/bristlecone/backups/phase14_11D3_certified_20260811T131449Z/task_session.py
f5ef2248cdf8c6a9f2f21d892fa83f5d7d88925946c44dda0180ac0c7c80f65b	2	222275	The-Forest/bristlecone/backups/phase14_11D4B_pre_execution_view_20260811T132047Z/task_session.py
f71ca7f1a36fe5f927749b0827cd06d7d30bf18fb4b0eebf0d6e96dc018eee61	2	12096	Downloads/The Forest Project/The Forest Project/The-Forest-Project-zeta/System/Architechture/forest_minimum_useful_canopy_and_tree_workshops.md
f71ca7f1a36fe5f927749b0827cd06d7d30bf18fb4b0eebf0d6e96dc018eee61	2	12096	leaf-litter/The Forest Project/The Forest Project/The-Forest-Project-zeta/System/Architechture/forest_minimum_useful_canopy_and_tree_workshops.md
f793a4cbc08820a2d28e0d73e67afda7d52b00780b8555e29bf761e6f813fa1d	2	348660	The-Forest/bristlecone/backups/phase14_11G4C2_certified_20260811T205734Z/runtime/task_session.py
f793a4cbc08820a2d28e0d73e67afda7d52b00780b8555e29bf761e6f813fa1d	2	348660	The-Forest/bristlecone/backups/phase14_11G4C3A_pre_evidence_passthrough_20260811T205849Z/runtime/task_session.py
f8ab314952c95fb01b2f5b0295eb89da605d6708e436e665c704d997dd7991f5	2	16032	The-Forest/bristlecone/backups/phase14_11L8_A_governor_certified_20260813T005056Z/certification/governor_benchmark.py
f8ab314952c95fb01b2f5b0295eb89da605d6708e436e665c704d997dd7991f5	2	16032	The-Forest/bristlecone/certification/phase14_11L8/governor_benchmark.py
fa59a3501e679fb547c56fae7fc1fd4c372e872ea4948cf87ac1cd217eed0a86	2	1571	The-Forest/bristlecone/backups/phase14_11L10_A_sustained_certified_20260813T033046Z/CERTIFICATION.md
fa59a3501e679fb547c56fae7fc1fd4c372e872ea4948cf87ac1cd217eed0a86	2	1571	The-Forest/bristlecone/backups/phase14_11L10_B_independent_certified_20260813T033550Z/a_anchor/A_CERTIFICATION.md
fef56e6f0e6f14723a43976b1e34536489625d1ada5b3cf94167deb2af77fe43	2	1367	The-Forest/bristlecone/backups/phase14_11F4A_certified_20260811T191714Z/__init__.py
fef56e6f0e6f14723a43976b1e34536489625d1ada5b3cf94167deb2af77fe43	2	1367	The-Forest/bristlecone/backups/phase14_11F4B_pre_governor_20260811T191858Z/__init__.py
ff515730c63a67153148c7ead9236471e7ca897cda0d77037f6f8e1e6600d9c1	2	60	Downloads/The Forest Project/The Forest Project-backup-2026-08-08/The-Forest-Project-zeta/Trees/True Trees/Trees.md
ff515730c63a67153148c7ead9236471e7ca897cda0d77037f6f8e1e6600d9c1	2	60	leaf-litter/The Forest Project/The Forest Project-backup-2026-08-08/The-Forest-Project-zeta/Trees/True Trees/Trees.md
